ID,题干,类别,量表类型,难度,反向题,选项数,Gallup主题,维度覆盖,适用状态
Q0001,聚会中认识新朋友，我更倾向于,interpersonal-relationship,forced-choice,2,否,4,woo/empathy,enneagram.type2 enneagram.type3 enneagram.type5 enneagram.type6 gallup.influencing gallup.relationship_building gallup.strategic_thinking holland.S mbti.E mbti.I,self-exploration/relationship-conflict/fresh-grad/career-transition
Q0002,朋友向你倾诉烦恼，你的第一反应是,interpersonal-relationship,forced-choice,2,否,4,empathy/developer,enneagram.type2 enneagram.type5 enneagram.type7 gallup.executing gallup.influencing gallup.relationship_building gallup.strategic_thinking mbti.E mbti.F mbti.T,relationship-conflict/self-exploration
Q0003,团队里有人被忽视，你会,interpersonal-relationship,forced-choice,3,否,4,includer/empathy,enneagram.type2 enneagram.type5 enneagram.type9 gallup.relationship_building holland.S mbti.E mbti.F mbti.I mbti.T,leadership-growth/mid-career/parenting-teen
Q0004,和亲密的人意见不合，你更可能,interpersonal-relationship,forced-choice,3,否,4,harmony/empathy,enneagram.type2 enneagram.type8 enneagram.type9 gallup.influencing gallup.relationship_building gallup.strategic_thinking mbti.F mbti.I mbti.T,relationship-conflict/life-transition
Q0005,新加入一个群体，你需要,interpersonal-relationship,forced-choice,2,否,4,adaptability/woo,enneagram.type3 enneagram.type5 enneagram.type6 enneagram.type9 gallup.influencing gallup.relationship_building gallup.strategic_thinking holland.S mbti.E mbti.I,fresh-grad/career-transition/study-abroad
Q0006,别人向你求助时，你通常,interpersonal-relationship,forced-choice,3,否,4,empathy/responsibility,enneagram.type1 enneagram.type2 enneagram.type4 enneagram.type9 gallup.executing gallup.relationship_building gallup.strategic_thinking mbti.F mbti.T,relationship-conflict/leadership-growth
Q0007,社交活动结束后，你,interpersonal-relationship,forced-choice,2,否,4,woo/intellection,enneagram.type1 enneagram.type4 enneagram.type5 enneagram.type7 gallup.influencing gallup.strategic_thinking mbti.E mbti.I mbti.J mbti.S,self-exploration/career-transition
Q0008,面对他人的强烈情绪，你,interpersonal-relationship,forced-choice,3,否,4,empathy/harmony,enneagram.type2 enneagram.type4 enneagram.type5 gallup.relationship_building gallup.strategic_thinking holland.S mbti.F mbti.I mbti.T,relationship-conflict/leadership-growth/parenting-teen
Q0009,在一个人多的陌生场合，你,interpersonal-relationship,forced-choice,2,否,4,woo/adaptability,enneagram.type3 enneagram.type4 enneagram.type5 enneagram.type6 gallup.influencing gallup.relationship_building gallup.strategic_thinking holland.S mbti.E mbti.I,fresh-grad/career-transition/study-abroad
Q0010,和陌生人第一次合作，你,interpersonal-relationship,forced-choice,2,否,4,relator/individualization,enneagram.type2 enneagram.type3 enneagram.type6 gallup.executing gallup.relationship_building gallup.strategic_thinking holland.S mbti.E mbti.I mbti.J mbti.T,career-transition/fresh-grad/entrepreneur-stage
Q0011,面对一个重要选择，我通常会,decision-making,forced-choice,3,否,4,analytical/activator,enneagram.type3 enneagram.type4 enneagram.type6 gallup.executing gallup.relationship_building gallup.strategic_thinking holland.C mbti.F mbti.J mbti.N mbti.P mbti.T,career-choice/study-direction/study-abroad/graduate-school/entrepreneur-stage
Q0012,信息不足却必须决策时，你,decision-making,forced-choice,3,否,4,input/activator,enneagram.type3 enneagram.type6 enneagram.type7 gallup.executing gallup.relationship_building gallup.strategic_thinking holland.S mbti.F mbti.J mbti.N mbti.P,career-choice/entrepreneur-stage/study-direction
Q0013,几个都不错的选项摆面前，你,decision-making,forced-choice,3,否,4,strategic/significance,enneagram.type1 enneagram.type4 enneagram.type6 enneagram.type8 gallup.executing gallup.influencing gallup.strategic_thinking holland.E mbti.F mbti.J mbti.N,career-choice/study-direction/graduate-school/study-abroad
Q0014,涉及风险的决策，你,decision-making,forced-choice,4,否,4,deliberative/self_assurance,enneagram.type5 enneagram.type6 enneagram.type8 gallup.influencing gallup.relationship_building gallup.strategic_thinking holland.E holland.S mbti.F mbti.P mbti.T,career-choice/entrepreneur-stage/study-abroad
Q0015,长远回报和当下收益冲突时，你,decision-making,forced-choice,4,否,4,focus/futuristic,enneagram.type1 enneagram.type5 enneagram.type7 gallup.executing gallup.strategic_thinking mbti.J mbti.P mbti.T,career-choice/study-direction/graduate-school/entrepreneur-stage
Q0016,身边人意见都不一致，你,decision-making,forced-choice,3,否,4,self_assurance/harmony,enneagram.type6 enneagram.type7 enneagram.type8 enneagram.type9 gallup.influencing gallup.relationship_building gallup.strategic_thinking mbti.F mbti.J mbti.P mbti.T,career-choice/leadership-growth/entrepreneur-stage
Q0017,必须立刻决定时，你会,decision-making,forced-choice,3,否,4,belief/deliberative,enneagram.type4 enneagram.type6 gallup.executing gallup.relationship_building gallup.strategic_thinking mbti.F mbti.J mbti.N mbti.S mbti.T,career-choice/entrepreneur-stage/life-transition
Q0018,两个选项涉及价值观冲突，你,decision-making,forced-choice,4,否,4,belief/achiever,enneagram.type1 enneagram.type3 enneagram.type9 gallup.executing gallup.relationship_building gallup.strategic_thinking mbti.P mbti.T,career-choice/relationship-conflict/life-transition
Q0019,做过的决定，你,decision-making,forced-choice,3,否,4,deliberative/focus,enneagram.type1 enneagram.type4 enneagram.type6 enneagram.type8 enneagram.type9 gallup.executing gallup.strategic_thinking mbti.F mbti.I mbti.J,self-exploration/career-transition/mid-career
Q0020,理性和直觉打架时，你,decision-making,forced-choice,4,否,4,analytical/strategic,enneagram.type4 enneagram.type5 gallup.executing gallup.strategic_thinking mbti.J mbti.N mbti.T,career-choice/study-direction/entrepreneur-stage
Q0021,事情搞砸后，我最典型的反应是,stress-response,forced-choice,3,否,4,restorative/focus,enneagram.type1 enneagram.type4 enneagram.type7 enneagram.type8 gallup.executing gallup.relationship_building gallup.strategic_thinking mbti.E mbti.I mbti.J mbti.T,academic-stress/career-transition/life-transition/relationship-conflict
Q0022,多重截止日期压来，你,stress-response,forced-choice,3,否,4,discipline/focus,enneagram.type1 enneagram.type3 enneagram.type6 enneagram.type9 gallup.executing holland.C mbti.J mbti.P,academic-stress/career-transition/fresh-grad
Q0023,被人误解时，你,stress-response,forced-choice,3,否,4,command/responsibility,enneagram.type1 enneagram.type4 enneagram.type5 enneagram.type8 gallup.influencing gallup.strategic_thinking mbti.E mbti.F mbti.I mbti.T,relationship-conflict/leadership-growth/mid-career
Q0024,失败后的恢复，你靠,stress-response,forced-choice,3,否,4,restorative/restorative,enneagram.type1 enneagram.type3 enneagram.type6 enneagram.type7 enneagram.type8 gallup.executing gallup.influencing gallup.relationship_building gallup.strategic_thinking holland.S mbti.F mbti.J mbti.P mbti.T,career-transition/academic-stress/life-transition
Q0025,突发变故打乱计划，你,stress-response,forced-choice,3,否,4,adaptability/deliberative,enneagram.type3 enneagram.type6 enneagram.type9 gallup.executing gallup.relationship_building gallup.strategic_thinking mbti.F mbti.P mbti.T,life-transition/career-transition/fresh-grad
Q0026,长期高压下，你,stress-response,forced-choice,3,否,4,discipline/positivity,enneagram.type1 enneagram.type2 enneagram.type7 enneagram.type9 gallup.executing gallup.influencing gallup.relationship_building mbti.E mbti.F mbti.J mbti.P,academic-stress/career-transition/mid-career
Q0027,期望落空时，你,stress-response,forced-choice,3,否,4,deliberative/restorative,enneagram.type4 enneagram.type5 enneagram.type6 enneagram.type7 enneagram.type9 gallup.executing gallup.strategic_thinking mbti.I mbti.P mbti.T,career-transition/academic-stress/relationship-conflict
Q0028,公开场合出错，你,stress-response,forced-choice,3,否,4,responsibility/harmony,enneagram.type1 enneagram.type4 enneagram.type5 enneagram.type6 gallup.executing mbti.F mbti.I mbti.J,leadership-growth/mid-career/career-transition
Q0029,资源不足却要交付，你,stress-response,forced-choice,3,否,4,arranger/restorative,enneagram.type3 enneagram.type5 enneagram.type7 enneagram.type8 gallup.executing gallup.influencing gallup.strategic_thinking mbti.E mbti.J mbti.P mbti.T,entrepreneur-stage/career-transition/mid-career
Q0030,情绪过载时，你,stress-response,forced-choice,3,否,4,intellection/empathy,enneagram.type1 enneagram.type2 enneagram.type4 enneagram.type5 enneagram.type7 gallup.executing gallup.relationship_building mbti.E mbti.I mbti.J mbti.P,academic-stress/relationship-conflict/life-transition
Q0031,我最容易被什么样的目标打动？,motivation-value,forced-choice,3,否,4,achiever/significance,enneagram.type1 enneagram.type2 enneagram.type3 enneagram.type7 gallup.influencing gallup.relationship_building gallup.strategic_thinking holland.E holland.I holland.S mbti.E mbti.F mbti.J mbti.N,self-exploration/career-choice/leadership-growth/study-direction
Q0032,我最在意的认可来自,motivation-value,forced-choice,3,否,4,significance/belief,enneagram.type1 enneagram.type2 enneagram.type3 enneagram.type5 gallup.executing gallup.influencing gallup.relationship_building gallup.strategic_thinking holland.E mbti.E mbti.F mbti.I mbti.T,self-exploration/leadership-growth/career-transition
Q0033,我觉得意义感主要来自,motivation-value,forced-choice,4,否,4,developer/ideation,enneagram.type2 enneagram.type3 enneagram.type7 enneagram.type9 gallup.executing gallup.relationship_building gallup.strategic_thinking holland.A holland.C holland.S mbti.F mbti.J mbti.N,self-exploration/career-choice/mid-career
Q0034,我愿意妥协的底线是,motivation-value,forced-choice,4,否,4,belief/responsibility,enneagram.type1 enneagram.type2 enneagram.type6 enneagram.type8 gallup.executing gallup.influencing gallup.relationship_building gallup.strategic_thinking mbti.F mbti.J mbti.P mbti.T,relationship-conflict/career-choice/life-transition
Q0035,投入大量时间的事，标准是,motivation-value,forced-choice,3,否,4,learner/developer,enneagram.type2 enneagram.type3 enneagram.type5 enneagram.type7 gallup.executing gallup.influencing gallup.relationship_building gallup.strategic_thinking holland.A holland.I holland.S mbti.F mbti.J mbti.N mbti.P,career-choice/study-direction/self-exploration
Q0036,我评判自己成功的尺度是,motivation-value,forced-choice,3,否,4,achiever/significance,enneagram.type1 enneagram.type3 enneagram.type7 gallup.executing gallup.influencing gallup.strategic_thinking holland.A holland.E mbti.E mbti.J mbti.P mbti.S,self-exploration/career-transition/mid-career
Q0037,我能长期坚持的事，通常是,motivation-value,forced-choice,3,否,4,focus/positivity,enneagram.type1 enneagram.type2 enneagram.type3 enneagram.type4 gallup.executing gallup.influencing gallup.relationship_building holland.A mbti.E mbti.F mbti.J mbti.P,career-choice/study-direction/self-exploration
Q0038,我最不愿做的事是,motivation-value,forced-choice,2,否,4,ideation/self_assurance,enneagram.type2 enneagram.type3 enneagram.type7 enneagram.type8 gallup.influencing gallup.relationship_building gallup.strategic_thinking mbti.F mbti.J mbti.N mbti.P,self-exploration/career-choice
Q0039,内在动机和外在奖励冲突时，你,motivation-value,forced-choice,4,否,4,belief/significance,enneagram.type3 enneagram.type4 enneagram.type5 enneagram.type6 gallup.executing gallup.influencing gallup.strategic_thinking mbti.E mbti.F mbti.J mbti.T,career-choice/entrepreneur-stage/life-transition
Q0040,我做选择的最终依据通常是,motivation-value,forced-choice,4,否,4,belief/harmony,enneagram.type1 enneagram.type2 enneagram.type3 enneagram.type4 gallup.executing gallup.relationship_building gallup.strategic_thinking mbti.F mbti.J mbti.T,career-choice/life-transition/relationship-conflict
Q0041,学一个新东西时，我更喜欢,learning-cognition,forced-choice,2,否,4,learner/input,enneagram.type2 enneagram.type3 enneagram.type5 enneagram.type8 gallup.executing gallup.relationship_building gallup.strategic_thinking holland.C holland.I holland.R holland.S mbti.F mbti.N mbti.S,study-direction/academic-stress/career-transition/fresh-grad
Q0042,面对复杂概念，你,learning-cognition,forced-choice,3,否,4,analytical/input,enneagram.type1 enneagram.type5 enneagram.type6 enneagram.type7 gallup.executing gallup.relationship_building gallup.strategic_thinking mbti.F mbti.J mbti.N mbti.T,study-direction/academic-stress/graduate-school
Q0043,信息过载时，你,learning-cognition,forced-choice,2,否,4,arranger/focus,enneagram.type1 enneagram.type3 enneagram.type5 enneagram.type9 gallup.executing gallup.strategic_thinking mbti.I mbti.J mbti.P mbti.S mbti.T,academic-stress/career-transition/study-direction
Q0044,我的好奇心主要指向,learning-cognition,forced-choice,3,否,4,learner/ideation,enneagram.type3 enneagram.type4 enneagram.type5 enneagram.type7 gallup.executing gallup.relationship_building gallup.strategic_thinking holland.I holland.S mbti.F mbti.J mbti.N,study-direction/career-choice/self-exploration
Q0045,我记忆最深的方式是,learning-cognition,forced-choice,2,否,4,input/connectedness,enneagram.type1 enneagram.type2 enneagram.type5 enneagram.type8 gallup.executing gallup.relationship_building gallup.strategic_thinking holland.C holland.R mbti.E mbti.J mbti.N mbti.S,study-direction/academic-stress
Q0046,遇到解不出的难题，你,learning-cognition,forced-choice,3,否,4,achiever/ideation,enneagram.type2 enneagram.type3 enneagram.type7 enneagram.type8 enneagram.type9 gallup.executing gallup.relationship_building gallup.strategic_thinking mbti.E mbti.N mbti.P mbti.T,academic-stress/study-direction/graduate-school
Q0047,我的学习节奏偏好是,learning-cognition,forced-choice,2,否,4,discipline/adaptability,enneagram.type1 enneagram.type3 enneagram.type7 gallup.executing holland.A holland.R mbti.J mbti.P mbti.S,study-direction/fresh-grad/career-transition
Q0048,知识和经验，你更看重,learning-cognition,forced-choice,3,否,4,learner/analytical,enneagram.type1 enneagram.type3 enneagram.type5 gallup.executing gallup.strategic_thinking holland.I holland.R mbti.J mbti.N mbti.S mbti.T,career-choice/study-direction/self-exploration
Q0049,学习时我容易,learning-cognition,forced-choice,3,否,4,focus/ideation,enneagram.type1 enneagram.type3 enneagram.type5 enneagram.type7 gallup.executing gallup.strategic_thinking mbti.J mbti.N mbti.P mbti.S,study-direction/academic-stress
Q0050,和人讨论时，我,learning-cognition,forced-choice,2,否,4,woo/intellection,enneagram.type2 enneagram.type5 enneagram.type7 enneagram.type9 gallup.influencing gallup.relationship_building gallup.strategic_thinking mbti.E mbti.I mbti.N,self-exploration/academic-stress/leadership-growth
Q0051,理想的工作状态是,work-career,forced-choice,3,否,4,focus/significance,enneagram.type1 enneagram.type2 enneagram.type3 enneagram.type7 enneagram.type8 gallup.executing gallup.influencing gallup.relationship_building gallup.strategic_thinking holland.A holland.C holland.E holland.S mbti.F mbti.J mbti.P,career-choice/career-transition/fresh-grad/mid-career/entrepreneur-stage
Q0052,团队里你更常扮演,work-career,forced-choice,3,否,4,arranger/analytical,enneagram.type1 enneagram.type2 enneagram.type3 enneagram.type5 enneagram.type8 enneagram.type9 gallup.executing gallup.influencing gallup.relationship_building gallup.strategic_thinking holland.C holland.E holland.I holland.S mbti.E mbti.F mbti.I mbti.J,leadership-growth/mid-career/fresh-grad
Q0053,在团队协作中你更享受哪种角色,work-career,forced-choice,3,否,4,command/focus,enneagram.type1 enneagram.type2 enneagram.type5 enneagram.type8 gallup.executing gallup.influencing gallup.relationship_building gallup.strategic_thinking holland.C holland.E holland.I holland.S mbti.E mbti.F mbti.I mbti.N,leadership-growth/mid-career/entrepreneur-stage
Q0054,工作中最让我有成就感的是,work-career,forced-choice,3,否,4,achiever/developer,enneagram.type1 enneagram.type2 enneagram.type3 enneagram.type7 enneagram.type8 gallup.executing gallup.relationship_building gallup.strategic_thinking holland.A holland.C holland.S mbti.F mbti.J mbti.N,mid-career/career-transition/leadership-growth
Q0055,和同事意见分歧，你,work-career,forced-choice,3,否,4,command/harmony,enneagram.type6 enneagram.type8 enneagram.type9 gallup.executing gallup.influencing gallup.relationship_building gallup.strategic_thinking mbti.F mbti.J mbti.P mbti.T,mid-career/leadership-growth
Q0056,你喜欢的工作节奏是,work-career,forced-choice,2,否,4,discipline/adaptability,enneagram.type1 enneagram.type3 enneagram.type5 enneagram.type6 enneagram.type7 enneagram.type8 gallup.executing gallup.influencing gallup.strategic_thinking holland.A mbti.J mbti.P mbti.S,career-choice/career-transition/mid-career
Q0057,面对重复性工作，你,work-career,forced-choice,2,否,4,discipline/arranger,enneagram.type1 enneagram.type3 enneagram.type5 enneagram.type7 gallup.executing gallup.influencing gallup.strategic_thinking holland.A holland.C mbti.J mbti.P mbti.S mbti.T,mid-career/fresh-grad/entrepreneur-stage
Q0058,考虑职业转折时，你最在意,work-career,forced-choice,3,否,4,achiever/belief,enneagram.type2 enneagram.type3 enneagram.type4 enneagram.type6 gallup.executing gallup.relationship_building gallup.strategic_thinking mbti.F mbti.J mbti.N mbti.T,career-transition/mid-career/entrepreneur-stage
Q0059,工作中责任边界模糊时，你,work-career,forced-choice,3,否,4,responsibility/deliberative,enneagram.type1 enneagram.type3 enneagram.type4 enneagram.type8 enneagram.type9 gallup.executing gallup.relationship_building gallup.strategic_thinking mbti.F mbti.J mbti.P mbti.T,mid-career/leadership-growth/entrepreneur-stage
Q0060,工作一天后，你的能量状态是,work-career,forced-choice,2,否,4,relator/intellection,enneagram.type1 enneagram.type2 enneagram.type5 enneagram.type7 enneagram.type9 gallup.relationship_building gallup.strategic_thinking mbti.E mbti.I mbti.J mbti.P mbti.S,mid-career/leadership-growth/fresh-grad
Q0061,当我感到低落时,emotion-self,forced-choice,4,否,4,intellection/empathy,enneagram.type1 enneagram.type2 enneagram.type4 enneagram.type7 gallup.executing gallup.influencing gallup.relationship_building gallup.strategic_thinking mbti.E mbti.I mbti.T,academic-stress/relationship-conflict/life-transition/self-exploration
Q0062,我感到愤怒时，通常,emotion-self,forced-choice,3,否,4,command/analytical,enneagram.type5 enneagram.type7 enneagram.type8 enneagram.type9 gallup.executing gallup.influencing gallup.relationship_building gallup.strategic_thinking mbti.E mbti.I mbti.P mbti.T,relationship-conflict/life-transition/mid-career
Q0063,焦虑来袭时，我,emotion-self,forced-choice,3,否,4,deliberative/empathy,enneagram.type1 enneagram.type2 enneagram.type7 enneagram.type8 gallup.executing gallup.influencing gallup.relationship_building mbti.E mbti.J mbti.P mbti.T,academic-stress/career-transition/life-transition
Q0064,我对自己的评价主要基于,emotion-self,forced-choice,3,否,4,significance/achiever,enneagram.type1 enneagram.type2 enneagram.type3 enneagram.type4 gallup.executing gallup.relationship_building gallup.strategic_thinking mbti.F mbti.J,self-exploration/mid-career/career-transition
Q0065,表达情绪对我来说,emotion-self,forced-choice,3,否,4,harmony/relator,enneagram.type1 enneagram.type4 enneagram.type5 enneagram.type7 gallup.influencing gallup.relationship_building mbti.E mbti.F mbti.I mbti.J mbti.T,relationship-conflict/leadership-growth/parenting-teen
Q0066,我内省的时刻通常发生在,emotion-self,forced-choice,3,否,4,intellection/connectedness,enneagram.type1 enneagram.type2 enneagram.type4 enneagram.type5 gallup.relationship_building gallup.strategic_thinking mbti.F mbti.I mbti.J mbti.N,self-exploration/life-transition
Q0067,接纳自己的不足，我,emotion-self,forced-choice,4,否,4,harmony/restorative,enneagram.type1 enneagram.type4 enneagram.type6 enneagram.type7 enneagram.type9 gallup.executing gallup.relationship_building mbti.F mbti.I mbti.J mbti.P,self-exploration/life-transition/career-transition
Q0068,我意识到自己情绪影响他人时，会,emotion-self,forced-choice,3,否,4,empathy/responsibility,enneagram.type2 enneagram.type4 enneagram.type6 enneagram.type8 gallup.influencing gallup.relationship_building mbti.E mbti.F mbti.T,relationship-conflict/leadership-growth/parenting-teen
Q0069,独处对我而言是,emotion-self,forced-choice,2,否,4,intellection/woo,enneagram.type4 enneagram.type5 enneagram.type7 enneagram.type9 gallup.influencing gallup.relationship_building mbti.E mbti.I mbti.P,self-exploration/fresh-grad/career-transition
Q0070,我对自己情绪的觉察,emotion-self,forced-choice,3,否,4,intellection/focus,enneagram.type1 enneagram.type4 enneagram.type7 enneagram.type8 gallup.executing gallup.strategic_thinking mbti.F mbti.I mbti.J mbti.P mbti.S mbti.T,self-exploration/relationship-conflict
Q0071,我制定计划后,action-habit,forced-choice,2,否,4,discipline/adaptability,enneagram.type1 enneagram.type7 enneagram.type8 gallup.executing gallup.influencing holland.A holland.C holland.R mbti.J mbti.P,academic-stress/career-transition/study-direction/entrepreneur-stage
Q0072,面对拖延，我,action-habit,forced-choice,2,否,4,achiever/developer,enneagram.type1 enneagram.type2 enneagram.type3 enneagram.type9 gallup.executing gallup.relationship_building gallup.strategic_thinking mbti.E mbti.J mbti.P,academic-stress/career-transition/fresh-grad
Q0073,启动困难时，你,action-habit,forced-choice,2,否,4,achiever/developer,enneagram.type2 enneagram.type3 enneagram.type7 enneagram.type8 enneagram.type9 gallup.executing gallup.relationship_building mbti.E mbti.J mbti.P,academic-stress/career-transition/fresh-grad
Q0074,坚持和放弃之间，你倾向于,action-habit,forced-choice,3,否,4,focus/adaptability,enneagram.type1 enneagram.type3 enneagram.type5 enneagram.type6 enneagram.type7 gallup.executing gallup.strategic_thinking holland.A mbti.J mbti.P mbti.T,career-transition/entrepreneur-stage/study-direction
Q0075,多任务并行时，你,action-habit,forced-choice,3,否,4,arranger/discipline,enneagram.type1 enneagram.type3 enneagram.type4 enneagram.type7 enneagram.type9 gallup.executing holland.C mbti.J mbti.P,career-transition/fresh-grad/mid-career
Q0076,完美和完成之间，你,action-habit,forced-choice,3,否,4,discipline/achiever,enneagram.type1 enneagram.type3 enneagram.type4 enneagram.type5 gallup.executing gallup.strategic_thinking mbti.J mbti.P mbti.T,career-choice/study-direction/entrepreneur-stage
Q0077,你的节奏感更接近,action-habit,forced-choice,2,否,4,discipline/adaptability,enneagram.type1 enneagram.type3 enneagram.type7 enneagram.type9 gallup.executing holland.A holland.C mbti.J mbti.P,mid-career/fresh-grad/career-transition
Q0078,计划被突发干扰，你,action-habit,forced-choice,2,否,4,adaptability/arranger,enneagram.type1 enneagram.type3 enneagram.type7 enneagram.type9 gallup.executing gallup.strategic_thinking mbti.J mbti.P,career-transition/mid-career/entrepreneur-stage
Q0079,长期项目里，你,action-habit,forced-choice,3,否,4,achiever/belief,enneagram.type3 enneagram.type6 enneagram.type7 enneagram.type9 gallup.executing gallup.relationship_building gallup.strategic_thinking mbti.J mbti.P,career-transition/entrepreneur-stage/mid-career
Q0080,收尾阶段，你,action-habit,forced-choice,2,否,4,discipline/focus,enneagram.type1 enneagram.type3 enneagram.type4 enneagram.type6 gallup.executing gallup.strategic_thinking mbti.F mbti.J mbti.P mbti.T,mid-career/entrepreneur-stage/career-transition
Q0081,想象三年后的自己，我更希望,future-vision,forced-choice,4,否,4,achiever/significance,enneagram.type3 enneagram.type5 enneagram.type7 enneagram.type8 enneagram.type9 gallup.executing gallup.influencing gallup.relationship_building gallup.strategic_thinking holland.A holland.E holland.I holland.S mbti.E mbti.F mbti.J mbti.P,study-direction/career-choice/study-abroad/graduate-school/entrepreneur-stage
Q0082,五年后你最希望拥有,future-vision,forced-choice,4,否,4,learner/significance,enneagram.type3 enneagram.type5 enneagram.type7 enneagram.type8 enneagram.type9 gallup.influencing gallup.relationship_building gallup.strategic_thinking holland.A holland.E holland.I mbti.E mbti.F mbti.N mbti.P,career-choice/study-direction/entrepreneur-stage/life-transition
Q0083,理想生活的核心是,future-vision,forced-choice,3,否,4,achiever/connectedness,enneagram.type2 enneagram.type3 enneagram.type7 enneagram.type9 gallup.executing gallup.relationship_building gallup.strategic_thinking mbti.F mbti.J mbti.P,self-exploration/career-choice/life-transition
Q0084,风险和稳定之间，你,future-vision,forced-choice,4,否,4,self_assurance/deliberative,enneagram.type5 enneagram.type6 enneagram.type8 gallup.executing gallup.influencing gallup.strategic_thinking holland.E mbti.J mbti.P mbti.T,career-choice/entrepreneur-stage/study-abroad
Q0085,你希望未来自己,future-vision,forced-choice,3,否,4,significance/ideation,enneagram.type2 enneagram.type3 enneagram.type7 enneagram.type8 enneagram.type9 gallup.influencing gallup.relationship_building gallup.strategic_thinking holland.A holland.E mbti.E mbti.F mbti.N mbti.P,career-choice/entrepreneur-stage/self-exploration
Q0086,未知对你而言是,future-vision,forced-choice,3,否,4,ideation/deliberative,enneagram.type5 enneagram.type6 enneagram.type7 enneagram.type9 gallup.influencing gallup.strategic_thinking holland.A mbti.J mbti.N mbti.S mbti.T,career-choice/entrepreneur-stage/study-abroad/life-transition
Q0087,想象退休时回望，你最在意,future-vision,forced-choice,4,否,4,achiever/connectedness,enneagram.type2 enneagram.type3 enneagram.type4 enneagram.type7 gallup.executing gallup.relationship_building gallup.strategic_thinking holland.A mbti.F mbti.J mbti.P,self-exploration/life-transition/mid-career
Q0088,给十年前的自己一句话，你会说,future-vision,forced-choice,4,否,4,belief/harmony,enneagram.type1 enneagram.type2 enneagram.type4 enneagram.type7 enneagram.type8 gallup.executing gallup.influencing gallup.relationship_building mbti.F mbti.J mbti.P mbti.T,self-exploration/life-transition/mid-career
Q0089,你希望留下的东西是,future-vision,forced-choice,3,否,4,achiever/significance,enneagram.type2 enneagram.type3 enneagram.type4 enneagram.type8 gallup.executing gallup.influencing gallup.relationship_building holland.A holland.E mbti.E mbti.F mbti.J,career-choice/entrepreneur-stage/mid-career
Q0090,未来你最怕的是,future-vision,forced-choice,4,否,4,significance/belief,enneagram.type2 enneagram.type3 enneagram.type4 enneagram.type7 gallup.executing gallup.influencing gallup.relationship_building gallup.strategic_thinking mbti.F mbti.P,self-exploration/career-transition/mid-career
Q0091,开会时被同事当众反驳，我会,conflict-choice,forced-choice,3,否,4,command/harmony,enneagram.type2 enneagram.type5 enneagram.type8 enneagram.type9 gallup.influencing gallup.relationship_building gallup.strategic_thinking mbti.F mbti.I mbti.T,leadership-growth/career-transition/mid-career/relationship-conflict
Q0092,和权威意见不一致，你,conflict-choice,forced-choice,3,否,4,command/harmony,enneagram.type2 enneagram.type6 enneagram.type8 enneagram.type9 gallup.executing gallup.influencing gallup.relationship_building mbti.F mbti.I mbti.J mbti.T,leadership-growth/mid-career/fresh-grad
Q0093,利益和原则冲突时，你,conflict-choice,forced-choice,4,否,4,belief/arranger,enneagram.type1 enneagram.type3 enneagram.type7 enneagram.type9 gallup.executing gallup.relationship_building gallup.strategic_thinking mbti.N mbti.P mbti.T,career-choice/relationship-conflict/entrepreneur-stage
Q0094,团队分歧严重，你,conflict-choice,forced-choice,3,否,4,command/harmony,enneagram.type3 enneagram.type6 enneagram.type7 enneagram.type8 enneagram.type9 gallup.executing gallup.influencing gallup.relationship_building gallup.strategic_thinking mbti.E mbti.F mbti.J mbti.N,leadership-growth/mid-career/entrepreneur-stage
Q0095,亲密关系冲突，你,conflict-choice,forced-choice,3,否,4,empathy/harmony,enneagram.type2 enneagram.type3 enneagram.type6 enneagram.type9 gallup.relationship_building mbti.E mbti.F mbti.I,relationship-conflict/life-transition/parenting-teen
Q0096,被误解时，你,conflict-choice,forced-choice,3,否,4,command/deliberative,enneagram.type1 enneagram.type4 enneagram.type5 enneagram.type8 gallup.influencing gallup.strategic_thinking mbti.E mbti.F mbti.I mbti.T,relationship-conflict/mid-career/leadership-growth
Q0097,必须得罪一方时，你,conflict-choice,forced-choice,4,否,4,belief/harmony,enneagram.type1 enneagram.type2 enneagram.type6 enneagram.type9 gallup.relationship_building gallup.strategic_thinking mbti.F mbti.P mbti.T,leadership-growth/relationship-conflict/entrepreneur-stage
Q0098,短期痛苦和长期收益冲突，你,conflict-choice,forced-choice,4,否,4,focus/deliberative,enneagram.type1 enneagram.type2 enneagram.type5 enneagram.type7 gallup.executing gallup.relationship_building gallup.strategic_thinking mbti.F mbti.J mbti.P mbti.T,career-choice/study-direction/entrepreneur-stage
Q0099,妥协的边界对你而言是,conflict-choice,forced-choice,4,否,4,belief/self_assurance,enneagram.type1 enneagram.type2 enneagram.type3 enneagram.type8 gallup.executing gallup.influencing gallup.relationship_building gallup.strategic_thinking mbti.F mbti.P mbti.T,career-choice/relationship-conflict/life-transition
Q0100,冲突之后，你,conflict-choice,forced-choice,3,否,4,empathy/focus,enneagram.type1 enneagram.type2 enneagram.type6 enneagram.type9 gallup.relationship_building gallup.strategic_thinking mbti.F mbti.I mbti.J mbti.P,relationship-conflict/leadership-growth/mid-career
Q0101,我不太喜欢成为社交场合的焦点,interpersonal-relationship,likert-4,2,是,4,woo/significance,enneagram.type3 enneagram.type9 gallup.influencing gallup.relationship_building mbti.E mbti.I,self-exploration/relationship-conflict
Q0102,我做决定时经常犹豫不决,decision-making,likert-4,2,是,4,deliberative/self_assurance,enneagram.type6 enneagram.type8 enneagram.type9 gallup.executing mbti.F mbti.T,career-choice/life-transition
Q0103,遇到挫折后我需要很长时间才能恢复,stress-response,likert-4,3,是,4,restorative/focus,enneagram.type3 enneagram.type4 enneagram.type8 gallup.executing mbti.I mbti.T,academic-stress/life-transition/career-transition
Q0104,我做事情更多是为了别人的认可，而非自己真的想做,motivation-value,likert-4,3,是,4,significance/belief,enneagram.type2 enneagram.type3 enneagram.type4 enneagram.type5 gallup.executing gallup.influencing gallup.strategic_thinking mbti.F mbti.I,self-exploration/career-choice
Q0105,我很难静下心读完一本理论性的书,learning-cognition,likert-4,2,是,4,learner/input,enneagram.type5 enneagram.type7 gallup.strategic_thinking mbti.I mbti.N mbti.P mbti.S,study-direction/academic-stress/graduate-school
Q0106,我不太愿意承担需要长期负责的项目,work-career,likert-4,3,是,4,responsibility/achiever,enneagram.type1 enneagram.type3 enneagram.type7 enneagram.type9 gallup.executing mbti.J mbti.P,career-transition/mid-career/entrepreneur-stage
Q0107,我经常察觉不到自己的情绪变化,emotion-self,likert-4,3,是,4,intellection/harmony,enneagram.type4 enneagram.type9 gallup.strategic_thinking mbti.F mbti.I mbti.S mbti.T,self-exploration/relationship-conflict
Q0108,我经常拖延，明知该做也不动,action-habit,likert-4,2,是,4,discipline/achiever,enneagram.type1 enneagram.type3 enneagram.type9 gallup.executing mbti.J mbti.P,academic-stress/career-transition/fresh-grad
Q0109,我很少思考三年后的自己会是什么样,future-vision,likert-4,2,是,4,futuristic/focus,enneagram.type3 enneagram.type9 gallup.strategic_thinking mbti.J mbti.N mbti.P mbti.S,career-choice/study-direction/entrepreneur-stage
Q0110,遇到分歧时我通常选择退让,conflict-choice,likert-4,2,是,4,harmony/command,enneagram.type8 enneagram.type9 gallup.influencing mbti.F mbti.T,relationship-conflict/leadership-growth
Q0111,周末我更喜欢,interpersonal-relationship,forced-choice,1,否,4,woo/relator,gallup.influencing gallup.relationship_building gallup.strategic_thinking mbti.E mbti.F mbti.I mbti.P,self-exploration
Q0112,买东西时我更看重,decision-making,forced-choice,1,否,4,deliberative/ideation,enneagram.type4 enneagram.type6 enneagram.type7 holland.A holland.C mbti.F mbti.J mbti.N mbti.S mbti.T,self-exploration
Q0113,我更享受的工作是,work-career,forced-choice,1,否,4,achiever/arranger,enneagram.type2 enneagram.type3 enneagram.type5 enneagram.type8 gallup.executing holland.E holland.I holland.R holland.S mbti.F mbti.J mbti.N mbti.S,career-choice/study-direction/fresh-grad
Q0114,我的桌面/房间通常,action-habit,forced-choice,1,否,4,discipline/adaptability,enneagram.type1 enneagram.type3 enneagram.type7 enneagram.type9 holland.C mbti.J mbti.P,self-exploration/academic-stress
Q0115,看电影时我更在意,conflict-choice,forced-choice,1,否,4,analytical/empathy,enneagram.type2 enneagram.type4 enneagram.type5 holland.A mbti.F mbti.N mbti.S mbti.T,self-exploration
Q0116,如果抛开所有外部期待，我真正想做的事是,motivation-value,forced-choice,5,否,4,ideation/developer/achiever,enneagram.type1 enneagram.type2 enneagram.type3 enneagram.type4 enneagram.type7 gallup.executing gallup.relationship_building gallup.strategic_thinking holland.A holland.I holland.S mbti.F mbti.J mbti.N mbti.P,self-exploration/career-choice/life-transition
Q0117,我内心深处最害怕被发现的弱点是,emotion-self,forced-choice,5,否,4,significance/self_assurance,enneagram.type2 enneagram.type3 enneagram.type5 enneagram.type8 mbti.F mbti.J mbti.P mbti.T,self-exploration/life-transition
Q0118,如果生命只剩五年，我会立刻改变的是,future-vision,forced-choice,5,否,4,belief/connectedness,enneagram.type2 enneagram.type3 enneagram.type4 enneagram.type7 enneagram.type9 gallup.relationship_building mbti.F mbti.P,self-exploration/life-transition/mid-career
Q0119,我压力下最不愿承认的反应是,stress-response,forced-choice,5,否,4,restorative/deliberative,enneagram.type1 enneagram.type3 enneagram.type4 enneagram.type6 enneagram.type8 enneagram.type9 mbti.F mbti.I mbti.J mbti.P,academic-stress/career-transition/life-transition
Q0120,我人生中最重要的一个决定，是依据,decision-making,forced-choice,5,否,4,analytical/belief,enneagram.type4 enneagram.type5 enneagram.type6 enneagram.type9 gallup.relationship_building gallup.strategic_thinking mbti.F mbti.N mbti.P mbti.T,self-exploration/career-choice/life-transition
Q0121,周末的理想活动是,work-career,forced-choice,1,否,4,adaptability/learner,enneagram.type4 enneagram.type5 enneagram.type7 enneagram.type8 holland.A holland.I holland.R holland.S mbti.E mbti.I mbti.N mbti.S,self-exploration/career-choice
Q0122,我学东西最扎实的方式是,learning-cognition,forced-choice,2,否,4,learner/input,enneagram.type2 enneagram.type3 enneagram.type5 enneagram.type8 holland.C holland.I holland.R holland.S mbti.F mbti.N mbti.S,study-direction/academic-stress/fresh-grad
Q0123,我更信任,action-habit,forced-choice,2,否,4,deliberative/connectedness,enneagram.type2 enneagram.type4 enneagram.type5 enneagram.type6 holland.I holland.R holland.S mbti.F mbti.N mbti.S mbti.T,self-exploration/career-choice
Q0124,描述未来时，我更倾向于,future-vision,forced-choice,3,否,4,futuristic/focus,enneagram.type1 enneagram.type3 enneagram.type4 enneagram.type7 gallup.executing mbti.F mbti.J mbti.N mbti.P mbti.S,career-choice/study-direction/entrepreneur-stage
Q0125,我经常觉得周围的人并不真正理解我,interpersonal-relationship,likert-4,2,是,4,empathy,enneagram.type3 enneagram.type4 gallup.relationship_building mbti.E mbti.I,self-exploration/relationship-conflict
Q0126,朋友约我，我第一反应是,interpersonal-relationship,forced-choice,1,否,4,communication,enneagram.type2 enneagram.type6 enneagram.type7 gallup.influencing mbti.E mbti.F mbti.J mbti.P,self-exploration
Q0127,你最希望从一段亲密关系中获得的,interpersonal-relationship,forced-choice,5,否,4,,enneagram.type3 enneagram.type4 enneagram.type5 enneagram.type6 enneagram.type8 enneagram.type9 mbti.F mbti.N mbti.P,relationship-conflict/life-transition
Q0128,面对网络上不认识的人的攻击，你,interpersonal-relationship,forced-choice,4,否,4,communication,enneagram.type4 enneagram.type6 enneagram.type8 enneagram.type9 gallup.influencing mbti.E mbti.F mbti.I mbti.T,leadership-growth/mid-career
Q0129,和父母长期意见不合，但又不忍心顶撞，你,interpersonal-relationship,forced-choice,2,否,4,communication,enneagram.type2 enneagram.type5 enneagram.type8 enneagram.type9 gallup.influencing mbti.E mbti.F mbti.I,relationship-conflict/life-transition
Q0130,许久未见的老朋友突然约见面，你,interpersonal-relationship,forced-choice,3,否,4,empathy,enneagram.type5 enneagram.type6 enneagram.type7 enneagram.type9 gallup.relationship_building mbti.E mbti.I mbti.P,relationship-conflict/self-exploration
Q0131,在家庭聚会上被亲戚追问收入或婚恋，你,interpersonal-relationship,forced-choice,2,否,4,empathy,enneagram.type3 enneagram.type5 enneagram.type8 enneagram.type9 gallup.relationship_building mbti.E mbti.F mbti.I,relationship-conflict/life-transition
Q0132,和合租室友的生活习惯冲突，你,interpersonal-relationship,forced-choice,3,否,4,empathy,enneagram.type3 enneagram.type5 enneagram.type6 enneagram.type8 enneagram.type9 gallup.relationship_building mbti.F mbti.J mbti.T,life-transition
Q0133,面对一个明显喜欢你但你不感兴趣的人，你,interpersonal-relationship,forced-choice,4,否,4,communication,enneagram.type2 enneagram.type4 enneagram.type5 enneagram.type8 enneagram.type9 gallup.influencing mbti.F mbti.I mbti.T,relationship-conflict
Q0134,朋友向你借钱，但你知道可能不会还，你,interpersonal-relationship,forced-choice,3,否,4,,enneagram.type1 enneagram.type2 enneagram.type5 enneagram.type6 enneagram.type8 enneagram.type9 mbti.F mbti.J mbti.T,relationship-conflict/mid-career
Q0135,我经常在小事上也要反复纠结,decision-making,likert-4,2,是,4,deliberative,enneagram.type3 enneagram.type6 gallup.executing mbti.F mbti.T,self-exploration
Q0136,出门前最后一件事，我通常,decision-making,forced-choice,1,否,4,,enneagram.type1 enneagram.type7 mbti.J mbti.N mbti.P mbti.S,self-exploration
Q0137,你最不愿意妥协的核心原则是,decision-making,forced-choice,5,否,4,,enneagram.type1 enneagram.type2 enneagram.type8 mbti.F mbti.P mbti.T,career-choice/life-transition/relationship-conflict
Q0138,面对一个被催但你还没想清楚的决定,decision-making,forced-choice,4,否,4,deliberative,enneagram.type3 enneagram.type4 enneagram.type5 enneagram.type8 enneagram.type9 gallup.executing mbti.E mbti.I mbti.P,career-choice/mid-career
Q0139,做了一件违反你原则的事来获利，你事后,decision-making,forced-choice,2,否,4,analytical,enneagram.type1 enneagram.type3 enneagram.type7 gallup.strategic_thinking mbti.P mbti.T,mid-career/career-choice
Q0140,同时收到两个不错的offer，但只能选一个,decision-making,forced-choice,3,否,4,deliberative/connectedness/analytical,enneagram.type4 enneagram.type6 gallup.executing gallup.relationship_building gallup.strategic_thinking mbti.F mbti.J mbti.N mbti.P mbti.T,career-choice/career-transition
Q0141,和伴侣或家人的居住城市分歧,decision-making,forced-choice,3,否,4,deliberative/analytical,enneagram.type2 enneagram.type5 enneagram.type7 gallup.executing gallup.strategic_thinking mbti.F mbti.I mbti.N mbti.T,life-transition/relationship-conflict
Q0142,选专业或换方向这种大事,decision-making,forced-choice,2,否,4,deliberative/connectedness,enneagram.type3 enneagram.type5 enneagram.type6 enneagram.type7 gallup.executing gallup.relationship_building holland.A mbti.P mbti.S,study-direction/study-abroad/graduate-school
Q0143,是否在公开场合说出得罪人的真相,decision-making,forced-choice,4,否,4,connectedness,enneagram.type2 enneagram.type5 enneagram.type8 enneagram.type9 gallup.relationship_building mbti.F mbti.T,leadership-growth/relationship-conflict
Q0144,面对一刀切的规则,decision-making,forced-choice,3,否,4,activator/analytical,enneagram.type6 enneagram.type7 enneagram.type8 enneagram.type9 gallup.influencing gallup.strategic_thinking mbti.P mbti.T,mid-career/leadership-growth
Q0145,我面对压力时通常不会向别人倾诉,stress-response,likert-4,2,是,4,adaptability,enneagram.type2 enneagram.type5 enneagram.type8 gallup.relationship_building mbti.F mbti.I,academic-stress/life-transition
Q0146,早晨闹钟响后,stress-response,forced-choice,1,否,4,,enneagram.type1 enneagram.type7 enneagram.type9 mbti.J mbti.P,self-exploration
Q0147,我能承受的压力上限，比大多数人,stress-response,forced-choice,5,否,4,,enneagram.type1 enneagram.type3 enneagram.type4 enneagram.type6 enneagram.type8 mbti.F mbti.J mbti.P mbti.T,mid-career/academic-stress
Q0148,面对持续很久的低谷，我,stress-response,forced-choice,4,否,4,adaptability,enneagram.type2 enneagram.type6 enneagram.type7 enneagram.type9 gallup.relationship_building mbti.F mbti.P mbti.T,life-transition/academic-stress
Q0149,被人当众批评，你,stress-response,forced-choice,2,否,4,,enneagram.type1 enneagram.type4 enneagram.type6 enneagram.type8 mbti.E mbti.F mbti.I mbti.J mbti.T,leadership-growth/mid-career
Q0150,遇到不公平的事但无力改变时,stress-response,forced-choice,3,否,4,self_assurance/adaptability,enneagram.type2 enneagram.type7 enneagram.type8 enneagram.type9 gallup.influencing gallup.relationship_building mbti.F mbti.P,leadership-growth/mid-career
Q0151,考试或演讲前紧张时,stress-response,forced-choice,2,否,4,,enneagram.type1 enneagram.type3 enneagram.type6 enneagram.type7 enneagram.type8 mbti.I mbti.J mbti.P,academic-stress/leadership-growth
Q0152,搬家或换城市这种大事的压力,stress-response,forced-choice,3,否,4,restorative,enneagram.type1 enneagram.type4 enneagram.type6 enneagram.type7 enneagram.type9 gallup.executing mbti.F mbti.J mbti.P,career-transition/life-transition
Q0153,长期不被理解,stress-response,forced-choice,4,否,4,adaptability,enneagram.type3 enneagram.type4 enneagram.type5 enneagram.type8 enneagram.type9 gallup.relationship_building mbti.E mbti.F mbti.I,relationship-conflict/mid-career
Q0154,身体疲惫但精神压力大,stress-response,forced-choice,3,否,4,self_assurance,enneagram.type1 enneagram.type3 enneagram.type7 enneagram.type8 gallup.influencing mbti.E mbti.J mbti.P,academic-stress/career-transition
Q0155,我经常不知道自己想要什么,motivation-value,likert-4,2,是,4,belief,enneagram.type3 enneagram.type5 enneagram.type9 gallup.executing mbti.J mbti.P,self-exploration/career-choice
Q0156,我工作主要为了,motivation-value,forced-choice,1,否,4,,enneagram.type1 enneagram.type2 enneagram.type3 enneagram.type7 mbti.F mbti.J mbti.P mbti.T,career-choice/career-transition
Q0157,如果明天就能财务自由，我最想先做的是,motivation-value,forced-choice,5,否,4,connectedness,enneagram.type2 enneagram.type4 enneagram.type7 enneagram.type9 gallup.relationship_building mbti.F mbti.P,career-choice/life-transition
Q0158,我人生的意义感主要靠,motivation-value,forced-choice,4,否,4,belief/connectedness/futuristic,enneagram.type1 enneagram.type2 enneagram.type3 enneagram.type5 gallup.executing gallup.relationship_building gallup.strategic_thinking mbti.F mbti.I mbti.J mbti.T,self-exploration/life-transition/mid-career
Q0159,我更愿意被记住为,motivation-value,forced-choice,2,否,4,significance/connectedness,enneagram.type2 enneagram.type3 enneagram.type4 enneagram.type5 enneagram.type7 gallup.influencing gallup.relationship_building mbti.E mbti.F,self-exploration
Q0160,看到朋友突然大获成功,motivation-value,forced-choice,3,否,4,,enneagram.type2 enneagram.type3 enneagram.type4 enneagram.type6 enneagram.type9 mbti.F mbti.P mbti.T,mid-career/career-transition/self-exploration
Q0161,对于成功，我内心的标准是,motivation-value,forced-choice,3,否,4,connectedness,enneagram.type1 enneagram.type2 enneagram.type3 enneagram.type9 gallup.relationship_building holland.E mbti.F mbti.J,self-exploration/career-choice
Q0162,做一件无利可图但喜欢的事,motivation-value,forced-choice,2,否,4,belief,enneagram.type3 enneagram.type4 enneagram.type7 gallup.executing mbti.J mbti.P,self-exploration
Q0163,当被问想要什么样的生活，我内心的真实答案,motivation-value,forced-choice,4,否,4,connectedness,enneagram.type2 enneagram.type3 enneagram.type5 enneagram.type7 enneagram.type9 gallup.relationship_building mbti.F mbti.I mbti.P,self-exploration/life-transition/career-choice
Q0164,我做的很多选择其实是,motivation-value,forced-choice,3,否,4,,enneagram.type1 enneagram.type2 enneagram.type3 enneagram.type4 enneagram.type6 enneagram.type9 mbti.F mbti.N mbti.P,self-exploration/life-transition
Q0165,我学新东西时不太愿意用学过的方法,learning-cognition,likert-4,2,是,4,,enneagram.type1 enneagram.type5 enneagram.type7 mbti.J mbti.P,study-direction/academic-stress/graduate-school
Q0166,看书时我更喜欢,learning-cognition,forced-choice,1,否,4,,holland.A holland.I holland.R mbti.F mbti.N mbti.P mbti.S,self-exploration
Q0167,我真正掌握一个领域的方式是,learning-cognition,forced-choice,5,否,4,developer,enneagram.type3 enneagram.type5 enneagram.type6 enneagram.type8 enneagram.type9 gallup.relationship_building holland.I holland.R mbti.N mbti.P,study-direction/career-choice/graduate-school
Q0168,面对一个全新领域，我,learning-cognition,forced-choice,4,否,4,developer/learner,enneagram.type2 enneagram.type5 enneagram.type6 enneagram.type8 gallup.relationship_building gallup.strategic_thinking holland.R mbti.F mbti.N mbti.P mbti.S,study-direction/career-transition/fresh-grad
Q0169,我记笔记的方式,learning-cognition,forced-choice,2,否,4,,enneagram.type1 enneagram.type3 enneagram.type5 enneagram.type9 holland.C mbti.J mbti.N mbti.P,academic-stress/study-direction
Q0170,听到一个新观点，我倾向,learning-cognition,forced-choice,3,否,4,learner,enneagram.type1 enneagram.type4 enneagram.type5 gallup.strategic_thinking mbti.F mbti.N mbti.T,study-direction/academic-stress
Q0171,考试或测验前我,learning-cognition,forced-choice,2,否,4,discipline,enneagram.type1 enneagram.type5 enneagram.type7 enneagram.type9 gallup.executing mbti.J mbti.P,academic-stress/study-direction/fresh-grad
Q0172,我喜欢的工作或学习方式是,learning-cognition,forced-choice,3,否,4,learner,enneagram.type2 enneagram.type5 enneagram.type7 enneagram.type9 gallup.strategic_thinking holland.S mbti.E mbti.N mbti.P,career-choice/study-direction
Q0173,我对我可能错了的态度,learning-cognition,forced-choice,4,否,4,developer/learner,enneagram.type1 enneagram.type5 enneagram.type6 enneagram.type9 gallup.relationship_building gallup.strategic_thinking mbti.P mbti.T,self-exploration/leadership-growth
Q0174,我喜欢被叫作专家吗,learning-cognition,forced-choice,3,否,4,,enneagram.type3 enneagram.type4 enneagram.type5 enneagram.type9 mbti.I mbti.J mbti.N mbti.P,leadership-growth/self-exploration/mid-career
Q0175,工作上我不太愿意主动承担额外责任,work-career,likert-4,2,是,4,,enneagram.type3 enneagram.type8 enneagram.type9 mbti.J mbti.P,mid-career/leadership-growth
Q0176,上班时间我更偏好,work-career,forced-choice,1,否,4,,enneagram.type1 enneagram.type3 enneagram.type7 enneagram.type8 holland.C mbti.J mbti.P,career-choice/career-transition
Q0177,如果可以重新选择职业，我会,work-career,forced-choice,5,否,4,,enneagram.type3 enneagram.type5 enneagram.type6 enneagram.type7 enneagram.type9 holland.A mbti.J mbti.N mbti.P,career-choice/career-transition/life-transition
Q0178,面对一份高于自己能力的工作,work-career,forced-choice,4,否,4,achiever/strategic,enneagram.type1 enneagram.type3 enneagram.type5 enneagram.type6 enneagram.type8 enneagram.type9 gallup.executing gallup.strategic_thinking mbti.T,career-choice/entrepreneur-stage/fresh-grad
Q0179,同事或上司让你不舒服但又不得不相处,work-career,forced-choice,2,否,4,,enneagram.type2 enneagram.type5 enneagram.type6 enneagram.type8 enneagram.type9 mbti.P mbti.T,mid-career/career-transition
Q0180,做一个项目时我更倾向,work-career,forced-choice,3,否,4,developer,enneagram.type1 enneagram.type2 enneagram.type3 enneagram.type5 enneagram.type6 enneagram.type8 gallup.relationship_building holland.S mbti.E mbti.J mbti.P,leadership-growth/mid-career/entrepreneur-stage
Q0181,面对公司的办公室政治,work-career,forced-choice,2,否,4,command/strategic,enneagram.type3 enneagram.type5 enneagram.type6 enneagram.type8 enneagram.type9 gallup.influencing gallup.strategic_thinking mbti.F mbti.I mbti.T,mid-career/leadership-growth
Q0182,我目前的工作状态最接近,work-career,forced-choice,3,否,4,,enneagram.type3 enneagram.type4 enneagram.type5 enneagram.type6 enneagram.type7 enneagram.type9 mbti.J mbti.P,career-transition/mid-career
Q0183,对于工作和生活平衡,work-career,forced-choice,4,否,4,,enneagram.type1 enneagram.type2 enneagram.type3 enneagram.type4 enneagram.type7 enneagram.type8 enneagram.type9 mbti.F mbti.J mbti.P,mid-career/fresh-grad/career-transition
Q0184,升职加薪但失去自由时间,work-career,forced-choice,3,否,4,command,enneagram.type1 enneagram.type3 enneagram.type7 enneagram.type8 enneagram.type9 gallup.influencing mbti.P mbti.T,mid-career/career-transition
Q0185,我不太擅长识别自己的情绪,emotion-self,likert-4,2,是,4,,enneagram.type4 enneagram.type9 mbti.F mbti.I mbti.T,self-exploration/relationship-conflict
Q0186,现在这一周我整体感觉,emotion-self,forced-choice,1,否,4,,enneagram.type1 enneagram.type4 enneagram.type7 enneagram.type9 mbti.E mbti.F mbti.J mbti.P,self-exploration
Q0187,我曾经最难面对的情绪是,emotion-self,forced-choice,5,否,4,,enneagram.type1 enneagram.type3 enneagram.type4 enneagram.type5 enneagram.type6 enneagram.type8 mbti.F mbti.N,self-exploration/life-transition/mid-career
Q0188,内疚感袭来时，我,emotion-self,forced-choice,4,否,4,empathy,enneagram.type1 enneagram.type2 enneagram.type3 enneagram.type4 enneagram.type7 gallup.relationship_building mbti.F mbti.T,relationship-conflict/life-transition
Q0189,被夸奖时我,emotion-self,forced-choice,2,否,4,,enneagram.type2 enneagram.type3 enneagram.type4 enneagram.type6 enneagram.type7 enneagram.type9 mbti.E mbti.F mbti.T,leadership-growth/self-exploration/mid-career
Q0190,我最大的情绪触发点是,emotion-self,forced-choice,3,否,4,,enneagram.type1 enneagram.type2 enneagram.type6 enneagram.type8 mbti.F mbti.T,relationship-conflict/life-transition
Q0191,我和自己的感受的关系,emotion-self,forced-choice,2,否,4,,enneagram.type1 enneagram.type3 enneagram.type4 enneagram.type5 enneagram.type7 enneagram.type8 enneagram.type9 mbti.I,self-exploration/life-transition
Q0192,我允许自己在他人面前表达脆弱吗,emotion-self,forced-choice,3,否,4,empathy,enneagram.type1 enneagram.type2 enneagram.type3 enneagram.type4 enneagram.type5 enneagram.type8 gallup.relationship_building mbti.F mbti.I mbti.T,relationship-conflict/leadership-growth
Q0193,我情绪最稳定的时段是,emotion-self,forced-choice,4,否,4,,enneagram.type1 enneagram.type3 enneagram.type4 enneagram.type5 enneagram.type6 enneagram.type7 mbti.F mbti.I mbti.J,self-exploration
Q0194,我对自己最常说的一句话,emotion-self,forced-choice,3,否,4,,enneagram.type1 enneagram.type3 enneagram.type4 enneagram.type6 enneagram.type7 enneagram.type8 enneagram.type9 mbti.I mbti.J mbti.P,self-exploration/life-transition
Q0195,我经常做事半途而废,action-habit,likert-4,2,是,4,discipline,enneagram.type1 enneagram.type3 enneagram.type7 enneagram.type9 gallup.executing mbti.J mbti.P,academic-stress/career-transition/fresh-grad
Q0196,我最喜欢的周末状态是,action-habit,forced-choice,1,否,4,adaptability,enneagram.type1 enneagram.type2 enneagram.type7 enneagram.type9 gallup.relationship_building mbti.F mbti.J mbti.P,self-exploration
Q0197,我人生中最大的一个未完成是,action-habit,forced-choice,5,否,4,,enneagram.type3 enneagram.type4 enneagram.type7 enneagram.type9 mbti.F mbti.I,self-exploration/life-transition/mid-career
Q0198,面对一个周期长且不确定性大的项目,action-habit,forced-choice,4,否,4,discipline/strategic,enneagram.type3 enneagram.type5 enneagram.type7 enneagram.type8 enneagram.type9 gallup.executing gallup.strategic_thinking mbti.J mbti.P,career-transition/mid-career/entrepreneur-stage
Q0199,我启动新一天或新项目的方式,action-habit,forced-choice,2,否,4,,enneagram.type1 enneagram.type3 enneagram.type7 enneagram.type9 holland.C mbti.J mbti.P,self-exploration/fresh-grad/mid-career
Q0200,我做事时的专注程度,action-habit,forced-choice,3,否,4,,enneagram.type1 enneagram.type4 enneagram.type5 enneagram.type7 enneagram.type9 mbti.I mbti.P,academic-stress/career-transition/self-exploration
Q0201,我处理多件事时,action-habit,forced-choice,2,否,4,discipline,enneagram.type1 enneagram.type3 enneagram.type7 enneagram.type9 gallup.executing mbti.J mbti.P,career-transition/fresh-grad/mid-career
Q0202,对于完美和完成的取舍,action-habit,forced-choice,3,否,4,strategic,enneagram.type1 enneagram.type3 enneagram.type7 gallup.strategic_thinking mbti.J mbti.P,career-choice/study-direction/entrepreneur-stage
Q0203,我做事最怕的,action-habit,forced-choice,4,否,4,,enneagram.type1 enneagram.type2 enneagram.type3 enneagram.type4 enneagram.type5 enneagram.type6 enneagram.type7 mbti.N mbti.P,self-exploration/career-choice/mid-career
Q0204,做完一个项目后我,action-habit,forced-choice,3,否,4,strategic,enneagram.type1 enneagram.type3 enneagram.type5 enneagram.type7 enneagram.type9 gallup.strategic_thinking mbti.J mbti.P mbti.T,mid-career/career-transition/entrepreneur-stage
Q0205,我不太敢想象十年后的自己,future-vision,likert-4,2,是,4,,enneagram.type3 enneagram.type6 enneagram.type9 mbti.N mbti.S,self-exploration/career-choice/life-transition
Q0206,我更喜欢的未来图景是,future-vision,forced-choice,1,否,4,,enneagram.type3 enneagram.type5 enneagram.type6 enneagram.type7 enneagram.type8 enneagram.type9 mbti.J mbti.P,career-choice/life-transition
Q0207,如果我能给二十岁的自己一句话,future-vision,forced-choice,5,否,4,connectedness,enneagram.type1 enneagram.type2 enneagram.type4 enneagram.type7 enneagram.type8 gallup.relationship_building mbti.F mbti.N mbti.P mbti.T,self-exploration/life-transition/mid-career
Q0208,我希望被记住的,future-vision,forced-choice,4,否,4,connectedness/futuristic,enneagram.type2 enneagram.type3 enneagram.type4 enneagram.type9 gallup.relationship_building gallup.strategic_thinking holland.A mbti.F mbti.N,self-exploration/mid-career
Q0209,对于长期主义我的态度,future-vision,forced-choice,2,否,4,futuristic,enneagram.type1 enneagram.type3 enneagram.type5 enneagram.type7 enneagram.type9 gallup.strategic_thinking mbti.J mbti.P mbti.S mbti.T,career-choice/entrepreneur-stage/mid-career
Q0210,想象一个完全无压力的退休生活,future-vision,forced-choice,3,否,4,ideation,enneagram.type3 enneagram.type4 enneagram.type5 enneagram.type6 enneagram.type7 enneagram.type9 gallup.strategic_thinking mbti.N mbti.P,self-exploration/life-transition/mid-career
Q0211,我希望的人生是,future-vision,forced-choice,3,否,4,connectedness,enneagram.type1 enneagram.type2 enneagram.type5 enneagram.type7 enneagram.type9 gallup.relationship_building mbti.F mbti.N mbti.P,career-choice/life-transition/mid-career
Q0212,五年后最大的期待是,future-vision,forced-choice,2,否,4,significance/learner,enneagram.type2 enneagram.type3 enneagram.type5 enneagram.type6 enneagram.type8 enneagram.type9 gallup.influencing gallup.strategic_thinking mbti.F mbti.N mbti.S,career-choice/entrepreneur-stage/life-transition
Q0213,我最大的野心是,future-vision,forced-choice,4,否,4,significance/developer,enneagram.type2 enneagram.type3 enneagram.type4 enneagram.type7 enneagram.type8 gallup.influencing gallup.relationship_building mbti.F mbti.J mbti.N mbti.P,self-exploration/career-choice/life-transition
Q0214,面对未来的不确定性,future-vision,forced-choice,3,否,4,,enneagram.type1 enneagram.type4 enneagram.type6 enneagram.type7 enneagram.type9 mbti.F mbti.J mbti.N mbti.P,career-choice/life-transition/fresh-grad
Q0215,我很少主动指出别人的错误,conflict-choice,likert-4,2,是,4,command,enneagram.type1 enneagram.type2 enneagram.type8 enneagram.type9 gallup.influencing,leadership-growth/relationship-conflict
Q0216,面对批评，你,conflict-choice,forced-choice,1,否,4,,enneagram.type4 enneagram.type5 enneagram.type6 enneagram.type8 mbti.P mbti.T,leadership-growth/mid-career
Q0217,我人生中最不愿意妥协的底线是,conflict-choice,forced-choice,5,否,4,,enneagram.type1 enneagram.type2 enneagram.type4 enneagram.type5 enneagram.type8 mbti.F mbti.P mbti.T,career-choice/life-transition/relationship-conflict
Q0218,被朋友误解并疏远，你,conflict-choice,forced-choice,4,否,4,harmony,enneagram.type2 enneagram.type3 enneagram.type4 enneagram.type5 enneagram.type6 enneagram.type9 gallup.relationship_building mbti.I,relationship-conflict/life-transition
Q0219,团队中有人拖后腿，我,conflict-choice,forced-choice,2,否,4,command,enneagram.type2 enneagram.type5 enneagram.type8 enneagram.type9 gallup.influencing mbti.F mbti.T,mid-career/leadership-growth
Q0220,面对高风险或不确定的小事,conflict-choice,forced-choice,3,否,4,,enneagram.type5 enneagram.type6 enneagram.type7 enneagram.type8 enneagram.type9 mbti.P mbti.T,entrepreneur-stage/career-choice/fresh-grad
Q0221,被陌生人激怒，你,conflict-choice,forced-choice,2,否,4,command,enneagram.type1 enneagram.type4 enneagram.type6 enneagram.type8 enneagram.type9 gallup.influencing mbti.F mbti.I mbti.T,leadership-growth/mid-career
Q0222,面对同事或朋友的越界请求,conflict-choice,forced-choice,3,否,4,harmony,enneagram.type2 enneagram.type5 enneagram.type7 enneagram.type8 enneagram.type9 gallup.relationship_building mbti.F mbti.T,mid-career/relationship-conflict
Q0223,当发现一个你尊敬的权威犯了错,conflict-choice,forced-choice,4,否,4,command,enneagram.type1 enneagram.type2 enneagram.type5 enneagram.type6 enneagram.type8 enneagram.type9 gallup.influencing mbti.F mbti.J mbti.T,leadership-growth/mid-career
Q0224,冲突结束后，我的状态,conflict-choice,forced-choice,3,否,4,analytical,enneagram.type1 enneagram.type2 enneagram.type4 enneagram.type5 enneagram.type7 enneagram.type9 gallup.strategic_thinking mbti.F mbti.J mbti.P,relationship-conflict/leadership-growth
Q0225,我和异地的朋友联系不多,interpersonal-relationship,likert-4,2,是,4,,enneagram.type3 enneagram.type5 mbti.E mbti.F mbti.I,relationship-conflict/life-transition
Q0226,平时联系不多的同学突然找你帮忙,interpersonal-relationship,forced-choice,1,否,4,,enneagram.type2 enneagram.type5 enneagram.type6 enneagram.type9 mbti.F mbti.I mbti.T,career-transition/fresh-grad
Q0227,我曾经最对不起的人是,interpersonal-relationship,forced-choice,5,否,4,,enneagram.type2 enneagram.type4 enneagram.type5 enneagram.type6 mbti.F mbti.I,self-exploration/life-transition
Q0228,网上对一个不认识的人产生了好感,interpersonal-relationship,forced-choice,4,否,4,,enneagram.type5 enneagram.type6 enneagram.type7 mbti.E mbti.I,relationship-conflict/fresh-grad
Q0229,和长期不来往的亲戚吃饭,interpersonal-relationship,forced-choice,2,否,4,,enneagram.type2 enneagram.type4 enneagram.type5 enneagram.type9 mbti.E mbti.F mbti.I mbti.P,relationship-conflict
Q0230,和合租邻居生活习惯不同,interpersonal-relationship,forced-choice,3,否,4,,enneagram.type3 enneagram.type5 enneagram.type6 enneagram.type8 enneagram.type9 mbti.F mbti.J mbti.T,life-transition/fresh-grad
Q0231,被人在朋友圈公开夸奖,interpersonal-relationship,forced-choice,2,否,4,,enneagram.type2 enneagram.type3 enneagram.type4 enneagram.type6 enneagram.type9 mbti.E mbti.F mbti.T,self-exploration/leadership-growth
Q0232,朋友的婚礼让你请假参加,interpersonal-relationship,forced-choice,3,否,4,,enneagram.type2 enneagram.type3 enneagram.type6 mbti.F mbti.J mbti.P mbti.T,relationship-conflict/mid-career
Q0233,你欣赏但对方不熟的人主动找你,interpersonal-relationship,forced-choice,3,否,4,,enneagram.type3 enneagram.type5 enneagram.type6 enneagram.type9 mbti.E mbti.I mbti.T,leadership-growth/career-transition
Q0234,被别人以玩笑形式说闲话,interpersonal-relationship,forced-choice,3,否,4,,enneagram.type2 enneagram.type4 enneagram.type6 enneagram.type8 enneagram.type9 mbti.E mbti.F,leadership-growth/relationship-conflict
Q0235,我经常对已经做出的决定反悔,decision-making,likert-4,2,是,4,,enneagram.type3 enneagram.type6 enneagram.type8 mbti.J mbti.P,self-exploration/career-choice
Q0236,买东西时店员推荐,decision-making,forced-choice,1,否,4,,enneagram.type1 enneagram.type2 enneagram.type6 mbti.F mbti.J mbti.P mbti.T,self-exploration
Q0237,如果你的人生只剩一年,decision-making,forced-choice,5,否,4,,enneagram.type1 enneagram.type2 enneagram.type4 enneagram.type6 enneagram.type7 enneagram.type9 mbti.F mbti.J mbti.P,life-transition/self-exploration
Q0238,是否要给陌生人指路,decision-making,forced-choice,4,否,4,,enneagram.type2 enneagram.type5 enneagram.type6 enneagram.type9 mbti.F mbti.I mbti.T,relationship-conflict/self-exploration
Q0239,面对一个稳赚但无聊的投资,decision-making,forced-choice,2,否,4,,enneagram.type3 enneagram.type4 enneagram.type6 enneagram.type7 mbti.F mbti.J mbti.P mbti.T,career-choice/entrepreneur-stage
Q0240,是否告诉朋友他的伴侣出轨,decision-making,forced-choice,3,否,4,,enneagram.type1 enneagram.type2 enneagram.type5 enneagram.type6 enneagram.type8 mbti.F mbti.I mbti.T,relationship-conflict/life-transition
Q0241,要不要帮陌生人一个忙,decision-making,forced-choice,3,否,4,,enneagram.type2 enneagram.type5 enneagram.type6 enneagram.type7 mbti.F mbti.I mbti.P mbti.T,self-exploration
Q0242,选餐厅时,decision-making,forced-choice,2,否,4,,enneagram.type6 enneagram.type7 enneagram.type9 mbti.N mbti.P mbti.S mbti.T,self-exploration
Q0243,做了一件事但发现是错的,decision-making,forced-choice,3,否,4,,enneagram.type1 enneagram.type2 enneagram.type3 enneagram.type9 mbti.E mbti.F mbti.J mbti.P,career-transition/mid-career
Q0244,面对一次性大额消费,decision-making,forced-choice,4,否,4,analytical,enneagram.type3 enneagram.type6 enneagram.type8 gallup.strategic_thinking mbti.F mbti.J mbti.S mbti.T,career-choice/life-transition
Q0245,面对压力我很难入睡,stress-response,likert-4,2,是,4,,enneagram.type6 enneagram.type8 mbti.I mbti.S mbti.T,academic-stress/career-transition/mid-career
Q0246,突然断网或失联,stress-response,forced-choice,1,否,4,,enneagram.type1 enneagram.type5 enneagram.type6 enneagram.type7 enneagram.type9 mbti.F mbti.P mbti.S mbti.T,self-exploration/life-transition
Q0247,如果生命倒计时开始,stress-response,forced-choice,5,否,4,,enneagram.type1 enneagram.type2 enneagram.type3 enneagram.type4 enneagram.type9 mbti.F mbti.J mbti.P mbti.T,life-transition/self-exploration
Q0248,面试或答辩被当场刁难,stress-response,forced-choice,4,否,4,,enneagram.type1 enneagram.type4 enneagram.type5 enneagram.type6 enneagram.type8 mbti.F mbti.J mbti.T,career-choice/leadership-growth/academic-stress
Q0249,错过一个重要机会,stress-response,forced-choice,2,否,4,,enneagram.type1 enneagram.type4 enneagram.type6 enneagram.type7 enneagram.type9 mbti.F mbti.J mbti.P mbti.T,career-choice/career-transition
Q0250,宠物或亲人突然生病,stress-response,forced-choice,3,否,4,,enneagram.type2 enneagram.type3 enneagram.type4 enneagram.type5 enneagram.type8 mbti.F mbti.J mbti.T,life-transition/relationship-conflict
Q0251,搬家前夜的告别,stress-response,forced-choice,3,否,4,,enneagram.type2 enneagram.type5 enneagram.type7 enneagram.type9 mbti.E mbti.F mbti.I,life-transition/career-transition
Q0252,丢了一个珍贵的物品,stress-response,forced-choice,2,否,4,,enneagram.type1 enneagram.type4 enneagram.type6 enneagram.type7 mbti.F mbti.J mbti.P mbti.T,life-transition
Q0253,被人公开嘲笑或羞辱,stress-response,forced-choice,3,否,4,,enneagram.type2 enneagram.type4 enneagram.type8 enneagram.type9 mbti.E mbti.F mbti.I mbti.P,leadership-growth/mid-career
Q0254,面对完全未知的新环境,stress-response,forced-choice,4,否,4,,enneagram.type4 enneagram.type5 enneagram.type6 enneagram.type7 mbti.F mbti.I mbti.P mbti.S mbti.T,career-transition/life-transition/study-abroad
Q0255,我很少觉得有什么值得奋斗,motivation-value,likert-4,2,是,4,,enneagram.type1 enneagram.type3 enneagram.type5 enneagram.type9 mbti.J mbti.P,self-exploration/life-transition/mid-career
Q0256,我学习或工作主要为了,motivation-value,forced-choice,1,否,4,,enneagram.type2 enneagram.type3 enneagram.type5 enneagram.type6 mbti.F mbti.J mbti.N mbti.S,career-choice/study-direction
Q0257,如果可以影响世界一件事,motivation-value,forced-choice,5,否,4,,enneagram.type1 enneagram.type2 enneagram.type5 mbti.F mbti.N mbti.T,self-exploration/career-choice/life-transition
Q0258,做慈善或捐款对我,motivation-value,forced-choice,4,否,4,,enneagram.type2 enneagram.type3 enneagram.type5 enneagram.type6 mbti.F mbti.T,self-exploration
Q0259,我更看重的,motivation-value,forced-choice,2,否,4,,enneagram.type2 enneagram.type4 enneagram.type5 enneagram.type6 enneagram.type7 mbti.F mbti.J mbti.N mbti.P mbti.S,career-choice/life-transition
Q0260,什么情况下我会改变现状,motivation-value,forced-choice,3,否,4,,enneagram.type3 enneagram.type6 enneagram.type7 enneagram.type8 mbti.E mbti.J mbti.P,career-choice/career-transition
Q0261,看到别人得到我想要的东西,motivation-value,forced-choice,3,否,4,,enneagram.type2 enneagram.type3 enneagram.type4 enneagram.type9 mbti.F mbti.J mbti.P,self-exploration/mid-career
Q0262,对出名这件事,motivation-value,forced-choice,2,否,4,,enneagram.type3 enneagram.type4 enneagram.type5 enneagram.type7 enneagram.type9 mbti.E mbti.I mbti.P,self-exploration/leadership-growth
Q0263,面对真实的自己和理想的自己,motivation-value,forced-choice,3,否,4,,enneagram.type3 enneagram.type4 enneagram.type5 enneagram.type9 mbti.F mbti.J mbti.N mbti.P,self-exploration/life-transition/mid-career
Q0264,我做选择时最在意的,motivation-value,forced-choice,4,否,4,,enneagram.type1 enneagram.type2 enneagram.type3 enneagram.type4 mbti.F mbti.J mbti.N mbti.T,career-choice/life-transition/self-exploration
Q0265,我很难坚持学完一门课,learning-cognition,likert-4,2,是,4,,enneagram.type1 enneagram.type3 enneagram.type7 enneagram.type9 mbti.J mbti.P,study-direction/academic-stress/graduate-school
Q0266,看书与短视频,learning-cognition,forced-choice,1,否,4,,enneagram.type5 enneagram.type7 holland.I mbti.I mbti.N mbti.P mbti.S,self-exploration
Q0267,我学新东西的黄金期,learning-cognition,forced-choice,5,否,4,,enneagram.type3 enneagram.type4 enneagram.type5 enneagram.type7 mbti.I mbti.J mbti.P,study-direction/academic-stress/fresh-grad
Q0268,面对看不懂的内容,learning-cognition,forced-choice,4,否,4,,enneagram.type1 enneagram.type2 enneagram.type5 enneagram.type7 mbti.F mbti.J mbti.P mbti.T,study-direction/academic-stress/graduate-school
Q0269,我更喜欢哪种老师,learning-cognition,forced-choice,2,否,4,,enneagram.type1 enneagram.type2 enneagram.type5 holland.C holland.I holland.R holland.S mbti.F mbti.J mbti.S mbti.T,study-direction/academic-stress
Q0270,学以致用的间隔,learning-cognition,forced-choice,3,否,4,,enneagram.type3 enneagram.type4 enneagram.type5 enneagram.type8 mbti.I mbti.J mbti.P mbti.S,study-direction/career-choice
Q0271,遇到学不下去的时候,learning-cognition,forced-choice,3,否,4,,enneagram.type1 enneagram.type2 enneagram.type3 enneagram.type7 enneagram.type9 mbti.F mbti.J mbti.P,academic-stress/study-direction
Q0272,我更擅长哪种学习,learning-cognition,forced-choice,2,否,4,,enneagram.type5 holland.A holland.I holland.R holland.S mbti.E mbti.F mbti.N mbti.P mbti.S,study-direction/career-choice
Q0273,碰到瓶颈期,learning-cognition,forced-choice,3,否,4,,enneagram.type2 enneagram.type3 enneagram.type7 enneagram.type8 enneagram.type9 mbti.F mbti.J mbti.P,academic-stress/career-transition
Q0274,我和知识的关系,learning-cognition,forced-choice,4,否,4,,enneagram.type3 enneagram.type4 enneagram.type5 enneagram.type9 holland.A holland.I mbti.N mbti.P mbti.S,self-exploration/study-direction/career-choice
Q0275,工作占据了我大部分精力,work-career,likert-4,2,是,4,,enneagram.type1 enneagram.type3 enneagram.type7 mbti.J mbti.P,mid-career/career-transition
Q0276,通勤距离对工作的影响,work-career,forced-choice,1,否,4,,enneagram.type5 enneagram.type6 mbti.J mbti.P mbti.S mbti.T,career-choice/career-transition
Q0277,如果可以不上班,work-career,forced-choice,5,否,4,,enneagram.type2 enneagram.type5 enneagram.type6 enneagram.type7 mbti.F mbti.J mbti.N mbti.P,career-choice/life-transition/entrepreneur-stage
Q0278,面对一份有面子但不开心的工作,work-career,forced-choice,4,否,4,,enneagram.type1 enneagram.type5 enneagram.type6 enneagram.type7 mbti.J mbti.P mbti.T,career-choice/career-transition/mid-career
Q0279,加班到很晚,work-career,forced-choice,2,否,4,,enneagram.type3 enneagram.type6 enneagram.type7 enneagram.type9 mbti.J mbti.P mbti.T,mid-career/career-transition/fresh-grad
Q0280,副业和主业的平衡,work-career,forced-choice,3,否,4,,enneagram.type3 enneagram.type7 enneagram.type9 holland.A holland.C holland.E mbti.E mbti.J mbti.P,entrepreneur-stage/career-transition/mid-career
Q0281,和同龄人比较职业发展,work-career,forced-choice,3,否,4,,enneagram.type3 enneagram.type4 enneagram.type6 enneagram.type9 mbti.I mbti.J mbti.P mbti.T,career-choice/mid-career/life-transition
Q0282,跳槽的频率,work-career,forced-choice,2,否,4,,enneagram.type1 enneagram.type3 enneagram.type6 enneagram.type7 mbti.J mbti.P,career-transition/mid-career
Q0283,我理想的工作模式,work-career,forced-choice,3,否,4,,enneagram.type3 enneagram.type5 enneagram.type6 enneagram.type7 enneagram.type8 holland.A holland.C holland.E mbti.I mbti.J mbti.P,career-choice/career-transition/entrepreneur-stage
Q0284,当公司要裁员时,work-career,forced-choice,4,否,4,,enneagram.type3 enneagram.type5 enneagram.type6 enneagram.type7 mbti.J mbti.P mbti.T,career-transition/mid-career
Q0285,我经常感到莫名的烦躁,emotion-self,likert-4,2,是,4,,enneagram.type4 enneagram.type6 enneagram.type7 enneagram.type9 mbti.F mbti.T,mid-career/life-transition
Q0286,今天此刻的心情,emotion-self,forced-choice,1,否,4,,enneagram.type1 enneagram.type4 enneagram.type7 enneagram.type9 mbti.E mbti.F mbti.P mbti.S,self-exploration
Q0287,我曾经最难放下的一个情绪,emotion-self,forced-choice,5,否,4,,enneagram.type1 enneagram.type4 enneagram.type6 enneagram.type8 mbti.F mbti.T,self-exploration/life-transition/mid-career
Q0288,看到别人幸福时,emotion-self,forced-choice,4,否,4,,enneagram.type2 enneagram.type3 enneagram.type4 enneagram.type6 enneagram.type9 mbti.F mbti.P mbti.T,self-exploration/life-transition
Q0289,孤独时刻,emotion-self,forced-choice,2,否,4,,enneagram.type2 enneagram.type4 enneagram.type5 enneagram.type7 enneagram.type9 mbti.E mbti.F mbti.I mbti.P,self-exploration/fresh-grad/career-transition
Q0290,面对嫉妒情绪,emotion-self,forced-choice,3,否,4,,enneagram.type3 enneagram.type4 enneagram.type5 enneagram.type9 mbti.F mbti.I mbti.J mbti.T,self-exploration/life-transition/mid-career
Q0291,感恩的时刻,emotion-self,forced-choice,3,否,4,,enneagram.type2 enneagram.type5 enneagram.type8 mbti.F mbti.P mbti.T,self-exploration
Q0292,我情绪化最严重的场景,emotion-self,forced-choice,2,否,4,,enneagram.type1 enneagram.type2 enneagram.type4 enneagram.type8 mbti.F mbti.P mbti.T,relationship-conflict/life-transition
Q0293,怀念过去时,emotion-self,forced-choice,3,否,4,,enneagram.type4 enneagram.type7 enneagram.type9 mbti.F mbti.P mbti.S,life-transition/mid-career
Q0294,面对死亡或失去,emotion-self,forced-choice,4,否,4,,enneagram.type1 enneagram.type4 enneagram.type5 enneagram.type7 enneagram.type9 mbti.F mbti.N mbti.P mbti.T,life-transition/relationship-conflict
Q0295,我经常改变已经定好的计划,action-habit,likert-4,2,是,4,,enneagram.type1 enneagram.type7 mbti.J mbti.P,career-transition/fresh-grad/entrepreneur-stage
Q0296,今天的待办,action-habit,forced-choice,1,否,4,,enneagram.type1 enneagram.type7 enneagram.type9 mbti.J mbti.P,self-exploration
Q0297,我三十天能坚持的最长一件事,action-habit,forced-choice,5,否,4,,enneagram.type3 enneagram.type4 enneagram.type5 enneagram.type7 mbti.I mbti.N mbti.P mbti.S,self-exploration/life-transition/mid-career
Q0298,面对已经偏离轨道的目标,action-habit,forced-choice,4,否,4,,enneagram.type1 enneagram.type7 enneagram.type8 enneagram.type9 mbti.J mbti.P,career-choice/career-transition/entrepreneur-stage
Q0299,健身或运动习惯,action-habit,forced-choice,2,否,4,,enneagram.type3 enneagram.type7 enneagram.type9 mbti.J mbti.P mbti.S,self-exploration/mid-career
Q0300,节食或饮食习惯,action-habit,forced-choice,3,否,4,,enneagram.type1 enneagram.type3 enneagram.type7 mbti.J mbti.P,self-exploration
Q0301,断舍离或整理物品,action-habit,forced-choice,3,否,4,,enneagram.type1 enneagram.type7 enneagram.type9 mbti.J mbti.P,self-exploration/life-transition
Q0302,开始新习惯的难度,action-habit,forced-choice,2,否,4,,enneagram.type2 enneagram.type3 enneagram.type7 enneagram.type9 mbti.F mbti.J mbti.P,self-exploration/career-transition
Q0303,执行与计划的差距,action-habit,forced-choice,3,否,4,,enneagram.type1 enneagram.type7 enneagram.type9 mbti.J mbti.P,career-transition/fresh-grad/mid-career
Q0304,面对一个deadline临近的项目,action-habit,forced-choice,4,否,4,,enneagram.type1 enneagram.type3 enneagram.type6 enneagram.type9 mbti.F mbti.J mbti.P,career-transition/academic-stress/mid-career
Q0305,我很少写年度计划,future-vision,likert-4,2,是,4,,enneagram.type3 enneagram.type9 mbti.J mbti.P,career-choice/life-transition
Q0306,今年的目标数,future-vision,forced-choice,1,否,4,,enneagram.type1 enneagram.type3 enneagram.type7 enneagram.type9 mbti.J mbti.P,self-exploration/career-choice
Q0307,我人生最大的愿望,future-vision,forced-choice,5,否,4,,enneagram.type1 enneagram.type2 enneagram.type3 enneagram.type4 enneagram.type5 enneagram.type8 enneagram.type9 mbti.F mbti.J mbti.N mbti.P,self-exploration/life-transition
Q0308,面对社会期待与自我期待,future-vision,forced-choice,4,否,4,,enneagram.type1 enneagram.type3 enneagram.type4 enneagram.type6 enneagram.type7 enneagram.type8 mbti.J mbti.P,career-choice/life-transition/self-exploration
Q0309,什么时候考虑买房,future-vision,forced-choice,2,否,4,,enneagram.type5 enneagram.type6 enneagram.type7 enneagram.type9 mbti.J mbti.P mbti.S mbti.T,life-transition/career-transition/mid-career
Q0310,什么时候考虑生育,future-vision,forced-choice,3,否,4,,enneagram.type1 enneagram.type3 enneagram.type5 enneagram.type9 mbti.J mbti.P,life-transition/career-transition
Q0311,是否会回家发展,future-vision,forced-choice,3,否,4,,enneagram.type2 enneagram.type6 enneagram.type7 enneagram.type9 mbti.F mbti.J mbti.P,career-choice/life-transition
Q0312,十年后我会在哪里,future-vision,forced-choice,2,否,4,,enneagram.type3 enneagram.type6 enneagram.type7 enneagram.type9 mbti.N mbti.P mbti.S,career-choice/study-abroad/life-transition
Q0313,理想的一天,future-vision,forced-choice,3,否,4,,enneagram.type2 enneagram.type3 enneagram.type5 enneagram.type9 mbti.F mbti.J mbti.N mbti.P,self-exploration/career-choice/life-transition
Q0314,希望世界怎样变化,future-vision,forced-choice,4,否,4,,enneagram.type2 enneagram.type5 enneagram.type7 enneagram.type9 mbti.F mbti.N mbti.P,self-exploration/life-transition
Q0315,我经常妥协不愿起冲突,conflict-choice,likert-4,2,是,4,,enneagram.type2 enneagram.type8 enneagram.type9 mbti.T,leadership-growth/relationship-conflict
Q0316,维权或投诉经验,conflict-choice,forced-choice,1,否,4,,enneagram.type3 enneagram.type5 enneagram.type8 enneagram.type9 mbti.F mbti.I mbti.T,mid-career/leadership-growth
Q0317,如果你必须和一个人长期敌对,conflict-choice,forced-choice,5,否,4,,enneagram.type5 enneagram.type6 enneagram.type8 enneagram.type9 mbti.F mbti.I mbti.T,relationship-conflict/leadership-growth
Q0318,面对服务人员犯错,conflict-choice,forced-choice,4,否,4,,enneagram.type1 enneagram.type2 enneagram.type8 enneagram.type9 mbti.F mbti.P mbti.T,mid-career/relationship-conflict
Q0319,和别人起冲突后的道歉,conflict-choice,forced-choice,2,否,4,,enneagram.type1 enneagram.type2 enneagram.type3 enneagram.type8 enneagram.type9 mbti.F mbti.T,relationship-conflict/leadership-growth
Q0320,面对公开的不公平,conflict-choice,forced-choice,3,否,4,,enneagram.type6 enneagram.type8 enneagram.type9 mbti.E mbti.F mbti.P mbti.T,leadership-growth/mid-career
Q0321,和亲密的人破裂后,conflict-choice,forced-choice,3,否,4,,enneagram.type2 enneagram.type4 enneagram.type5 enneagram.type9 mbti.F mbti.I mbti.P,relationship-conflict/life-transition
Q0322,面对明显的谎言,conflict-choice,forced-choice,2,否,4,,enneagram.type2 enneagram.type8 enneagram.type9 mbti.F mbti.P mbti.T,leadership-growth/relationship-conflict
Q0323,看到别人被欺负,conflict-choice,forced-choice,3,否,4,,enneagram.type2 enneagram.type5 enneagram.type6 enneagram.type8 enneagram.type9 mbti.F mbti.I mbti.P mbti.T,relationship-conflict/leadership-growth
Q0324,面对价值观不同的合作者,conflict-choice,forced-choice,4,否,4,,enneagram.type1 enneagram.type2 enneagram.type3 enneagram.type5 enneagram.type8 mbti.F mbti.I mbti.J mbti.T,mid-career/leadership-growth/entrepreneur-stage
Q0325,分手后对方求复合,interpersonal-relationship,forced-choice,2,否,4,,enneagram.type2 enneagram.type4 enneagram.type8 mbti.F mbti.P mbti.T,relationship-conflict/life-transition
Q0326,家里日常琐事的分工,interpersonal-relationship,forced-choice,1,否,4,,enneagram.type1 enneagram.type2 enneagram.type8 enneagram.type9 mbti.F mbti.J mbti.P mbti.T,relationship-conflict/life-transition
Q0327,我曾经最感激的一段关系,interpersonal-relationship,forced-choice,5,否,4,,enneagram.type2 enneagram.type4 enneagram.type6 enneagram.type9 mbti.F,self-exploration/life-transition
Q0328,和年龄差距大的人交流,interpersonal-relationship,forced-choice,4,否,4,,enneagram.type2 enneagram.type5 enneagram.type6 enneagram.type9 mbti.E mbti.F mbti.I mbti.T,leadership-growth/parenting-teen/life-transition
Q0329,面对一个特别黏人的朋友,interpersonal-relationship,forced-choice,2,否,4,,enneagram.type2 enneagram.type5 enneagram.type8 enneagram.type9 mbti.F mbti.I mbti.T,relationship-conflict/self-exploration
Q0330,工作中遇到不靠谱的合作伙伴,interpersonal-relationship,forced-choice,3,否,4,,enneagram.type2 enneagram.type3 enneagram.type5 enneagram.type8 mbti.F mbti.T,leadership-growth/entrepreneur-stage
Q0331,和一个聊不到一起的人吃饭,interpersonal-relationship,forced-choice,3,否,4,,enneagram.type2 enneagram.type4 enneagram.type5 enneagram.type9 mbti.E mbti.F mbti.I,relationship-conflict/leadership-growth
Q0332,面对朋友的炫耀,interpersonal-relationship,forced-choice,3,否,4,,enneagram.type2 enneagram.type4 enneagram.type7 enneagram.type9 mbti.E mbti.F,mid-career/relationship-conflict
Q0333,和一个价值观不同的人共事,interpersonal-relationship,forced-choice,3,否,4,,enneagram.type3 enneagram.type5 enneagram.type6 enneagram.type9 mbti.F mbti.I mbti.J mbti.T,mid-career/leadership-growth
Q0334,面对一个总爱打听隐私的人,interpersonal-relationship,forced-choice,3,否,4,,enneagram.type4 enneagram.type7 enneagram.type8 enneagram.type9 mbti.F mbti.P mbti.T,relationship-conflict/mid-career
Q0335,面对已经做出的错误决定,decision-making,forced-choice,2,否,4,,enneagram.type1 enneagram.type2 enneagram.type7 enneagram.type9 mbti.F mbti.J mbti.P,career-choice/career-transition
Q0336,是否要转行,decision-making,forced-choice,1,否,4,,enneagram.type1 enneagram.type3 enneagram.type7 enneagram.type9 mbti.J mbti.P,career-choice/career-transition
Q0337,如果必须在两个人生目标之间放弃一个，你会放弃,decision-making,forced-choice,5,否,4,significance/relator/ideation/responsibility,enneagram.type1 enneagram.type2 enneagram.type3 enneagram.type6 enneagram.type7 enneagram.type9 gallup.executing gallup.influencing gallup.strategic_thinking holland.A holland.E holland.S mbti.F mbti.J mbti.P,self-exploration/life-transition
Q0338,是否要读研究生,decision-making,forced-choice,4,否,4,,enneagram.type3 enneagram.type5 enneagram.type7 mbti.J mbti.N mbti.P,graduate-school/study-direction/career-transition
Q0339,面对一份暂时没回报的事,decision-making,forced-choice,2,否,4,,enneagram.type1 enneagram.type3 enneagram.type5 enneagram.type7 enneagram.type9 mbti.J mbti.P mbti.T,career-choice/entrepreneur-stage
Q0340,是否告诉朋友坏消息,decision-making,forced-choice,3,否,4,,enneagram.type1 enneagram.type2 enneagram.type8 enneagram.type9 mbti.F mbti.P mbti.T,relationship-conflict/life-transition
Q0341,是否要尝试一件没做过的事,decision-making,forced-choice,3,否,4,,enneagram.type5 enneagram.type6 enneagram.type7 enneagram.type9 mbti.I mbti.P mbti.T,career-choice/life-transition/entrepreneur-stage
Q0342,买到的东西不喜欢,decision-making,forced-choice,2,否,4,,enneagram.type1 enneagram.type2 enneagram.type7 enneagram.type9 mbti.F mbti.J mbti.P,self-exploration
Q0343,面对一个可能错过的机会,decision-making,forced-choice,3,否,4,,enneagram.type3 enneagram.type5 enneagram.type6 enneagram.type8 enneagram.type9 mbti.P mbti.T,career-choice/entrepreneur-stage/career-transition
Q0344,同时面对多个机会,decision-making,forced-choice,4,否,4,,enneagram.type3 enneagram.type6 enneagram.type7 enneagram.type9 mbti.J mbti.P mbti.S mbti.T,career-choice/entrepreneur-stage
Q0345,被裁员时我的反应,stress-response,forced-choice,2,否,4,,enneagram.type3 enneagram.type7 enneagram.type8 enneagram.type9 mbti.J mbti.P mbti.T,career-transition/mid-career
Q0346,突然收到一笔意外的账单,stress-response,forced-choice,1,否,4,,enneagram.type6 enneagram.type8 enneagram.type9 mbti.F mbti.P mbti.T,life-transition/career-transition
Q0347,如果突然失去主要经济来源,stress-response,forced-choice,5,否,4,,enneagram.type2 enneagram.type3 enneagram.type6 enneagram.type8 enneagram.type9 mbti.F mbti.J mbti.P mbti.T,career-transition/life-transition/mid-career
Q0348,体检发现健康警报,stress-response,forced-choice,4,否,4,,enneagram.type1 enneagram.type5 enneagram.type6 enneagram.type9 mbti.F mbti.J mbti.P mbti.T,life-transition/mid-career
Q0349,独居的孤独感,stress-response,forced-choice,2,否,4,,enneagram.type4 enneagram.type5 enneagram.type7 enneagram.type9 mbti.E mbti.F mbti.I mbti.P,life-transition/fresh-grad/career-transition
Q0350,面对突发的工作危机,stress-response,forced-choice,3,否,4,,enneagram.type2 enneagram.type3 enneagram.type5 enneagram.type8 enneagram.type9 mbti.F mbti.J mbti.T,leadership-growth/mid-career/career-transition
Q0351,考试或重要日期前的紧张,stress-response,forced-choice,3,否,4,,enneagram.type1 enneagram.type3 enneagram.type6 enneagram.type7 mbti.F mbti.J mbti.P mbti.T,academic-stress/career-choice
Q0352,被不公平对待,stress-response,forced-choice,2,否,4,,enneagram.type5 enneagram.type6 enneagram.type8 enneagram.type9 mbti.F mbti.T,leadership-growth/mid-career/relationship-conflict
Q0353,面对自己造成的失败,stress-response,forced-choice,3,否,4,,enneagram.type1 enneagram.type3 enneagram.type4 enneagram.type7 mbti.F mbti.J mbti.P mbti.T,career-choice/career-transition/mid-career
Q0354,面对一群陌生人,stress-response,forced-choice,4,否,4,,enneagram.type5 enneagram.type6 enneagram.type7 enneagram.type9 mbti.E mbti.F mbti.I,fresh-grad/career-transition/study-abroad
Q0355,我很少觉得当下的事情有意义,motivation-value,likert-4,2,是,4,,enneagram.type2 enneagram.type3 enneagram.type4 enneagram.type5 enneagram.type9 mbti.F mbti.I mbti.P,self-exploration/mid-career/life-transition
Q0356,如果能留下一件作品给后代,motivation-value,forced-choice,1,否,4,,enneagram.type2 enneagram.type3 enneagram.type4 enneagram.type5 enneagram.type8 enneagram.type9 mbti.F mbti.J mbti.N,self-exploration/life-transition/mid-career
Q0357,我人生真正的价值是什么,motivation-value,forced-choice,5,否,4,,enneagram.type2 enneagram.type3 enneagram.type7 enneagram.type9 mbti.F mbti.J mbti.P,self-exploration/life-transition/mid-career
Q0358,面对家庭责任与个人追求冲突,motivation-value,forced-choice,4,否,4,,enneagram.type1 enneagram.type2 enneagram.type3 enneagram.type7 enneagram.type8 enneagram.type9 mbti.F mbti.J mbti.P,life-transition/career-choice/parenting-teen
Q0359,我看重的回报,motivation-value,forced-choice,2,否,4,,enneagram.type1 enneagram.type2 enneagram.type3 mbti.E mbti.F mbti.J mbti.T,career-choice/life-transition
Q0360,当努力没看到结果,motivation-value,forced-choice,3,否,4,,enneagram.type1 enneagram.type3 enneagram.type5 enneagram.type7 enneagram.type9 mbti.J mbti.P mbti.T,career-transition/mid-career/entrepreneur-stage
Q0361,面对父母对我的期待,motivation-value,forced-choice,3,否,4,,enneagram.type1 enneagram.type2 enneagram.type5 enneagram.type6 enneagram.type8 mbti.F mbti.J mbti.P mbti.T,career-choice/life-transition/parenting-teen
Q0362,对一个轻松但没什么成就感的工作,motivation-value,forced-choice,2,否,4,,enneagram.type1 enneagram.type3 enneagram.type6 enneagram.type7 enneagram.type9 mbti.J mbti.P mbti.T,career-choice/mid-career
Q0363,我内心最深处的恐惧,motivation-value,forced-choice,3,否,4,,enneagram.type1 enneagram.type2 enneagram.type3 enneagram.type4 enneagram.type5 enneagram.type7 mbti.F mbti.J mbti.N mbti.P,self-exploration/life-transition/mid-career
Q0364,我对声望的追求,motivation-value,forced-choice,4,否,4,,enneagram.type3 enneagram.type4 enneagram.type5 enneagram.type9 mbti.E mbti.I,career-choice/leadership-growth/self-exploration
Q0365,我经常买课但学不完,learning-cognition,likert-4,2,是,4,,enneagram.type3 enneagram.type7 mbti.J mbti.P,study-direction/fresh-grad/graduate-school
Q0366,对考证和考级,learning-cognition,forced-choice,1,否,4,,enneagram.type3 enneagram.type6 enneagram.type7 enneagram.type9 holland.C mbti.J mbti.P mbti.T,study-direction/career-transition/graduate-school
Q0367,我真正成为某个领域专家的方式,learning-cognition,forced-choice,5,否,4,,enneagram.type2 enneagram.type3 enneagram.type5 enneagram.type7 holland.A holland.I holland.R holland.S mbti.F mbti.N mbti.S,career-choice/study-direction/self-exploration
Q0368,面对一个全新领域的难题,learning-cognition,forced-choice,4,否,4,,enneagram.type1 enneagram.type2 enneagram.type3 enneagram.type5 enneagram.type6 enneagram.type9 mbti.F mbti.J mbti.P mbti.T,career-choice/graduate-school/study-direction
Q0369,我喜欢哪种学习方式,learning-cognition,forced-choice,2,否,4,,enneagram.type2 enneagram.type5 enneagram.type8 mbti.E mbti.F mbti.I mbti.S,study-direction/career-choice
Q0370,学完一个东西后多久会忘记,learning-cognition,forced-choice,3,否,4,,enneagram.type1 enneagram.type7 mbti.J mbti.P mbti.S,study-direction/career-transition
Q0371,面对学不进去的时刻,learning-cognition,forced-choice,3,否,4,,enneagram.type2 enneagram.type3 enneagram.type7 enneagram.type9 mbti.F mbti.J mbti.P,academic-stress/study-direction
Q0372,我更擅长哪种学习内容,learning-cognition,forced-choice,2,否,4,,holland.A holland.I holland.R holland.S mbti.F mbti.N mbti.S,study-direction/career-choice
Q0373,面对一个长期学不好的东西,learning-cognition,forced-choice,3,否,4,,enneagram.type2 enneagram.type3 enneagram.type7 enneagram.type9 mbti.F mbti.J mbti.P,career-transition/academic-stress
Q0374,我学习的核心动力,learning-cognition,forced-choice,4,否,4,,enneagram.type3 enneagram.type5 enneagram.type7 enneagram.type8 mbti.N mbti.S mbti.T,study-direction/career-choice/self-exploration
Q0375,工作多年的我最大的倦怠,work-career,forced-choice,2,否,4,,enneagram.type2 enneagram.type3 enneagram.type4 enneagram.type7 mbti.F mbti.J mbti.P,mid-career/career-transition
Q0376,今天上班前的状态,work-career,forced-choice,1,否,4,,enneagram.type4 enneagram.type6 enneagram.type7 enneagram.type9 mbti.E mbti.F mbti.P,fresh-grad/mid-career
Q0377,我理想的下半场职业,work-career,forced-choice,5,否,4,,enneagram.type2 enneagram.type5 enneagram.type7 enneagram.type9 holland.A holland.I holland.S mbti.F mbti.N mbti.P,mid-career/career-transition/entrepreneur-stage
Q0378,面对职业倦怠期,work-career,forced-choice,4,否,4,,enneagram.type1 enneagram.type3 enneagram.type5 enneagram.type7 enneagram.type9 mbti.J mbti.P mbti.T,mid-career/career-transition
Q0379,和同事午饭时间,work-career,forced-choice,2,否,4,,enneagram.type5 enneagram.type9 mbti.E mbti.F mbti.I mbti.P,mid-career/fresh-grad
Q0380,跨部门合作,work-career,forced-choice,3,否,4,,enneagram.type2 enneagram.type3 enneagram.type5 mbti.E mbti.F mbti.I mbti.P mbti.T,leadership-growth/mid-career/entrepreneur-stage
Q0381,面对绩效压力,work-career,forced-choice,3,否,4,,enneagram.type1 enneagram.type3 enneagram.type5 enneagram.type7 enneagram.type9 mbti.J mbti.P mbti.T,mid-career/career-transition/leadership-growth
Q0382,面对一个想带团队但公司没机会的人,work-career,forced-choice,2,否,4,,enneagram.type1 enneagram.type3 enneagram.type7 enneagram.type8 mbti.E mbti.J mbti.P,mid-career/career-transition/entrepreneur-stage
Q0383,我对职业最看重的,work-career,forced-choice,3,否,4,,enneagram.type2 enneagram.type3 enneagram.type6 enneagram.type7 holland.A holland.C holland.E holland.S mbti.F mbti.J mbti.P,career-choice/career-transition/life-transition
Q0384,在团队中我的角色,work-career,forced-choice,4,否,4,,enneagram.type1 enneagram.type2 enneagram.type3 enneagram.type5 enneagram.type8 mbti.E mbti.F mbti.I mbti.J,leadership-growth/mid-career/fresh-grad
Q0385,我经常陷入莫名的低落,emotion-self,likert-4,2,是,4,,enneagram.type4 enneagram.type7 enneagram.type9 mbti.F mbti.P mbti.T,life-transition/mid-career
Q0386,今天身体的感觉,emotion-self,forced-choice,1,否,4,,enneagram.type1 enneagram.type7 enneagram.type9 mbti.E mbti.P mbti.S mbti.T,self-exploration
Q0387,我曾经最难处理的内在冲突,emotion-self,forced-choice,5,否,4,,enneagram.type4 enneagram.type5 enneagram.type6 enneagram.type7 mbti.I mbti.N mbti.P,self-exploration/life-transition/mid-career
Q0388,面对中年危机或空虚感,emotion-self,forced-choice,4,否,4,,enneagram.type2 enneagram.type5 enneagram.type7 enneagram.type9 mbti.F mbti.N mbti.P,life-transition/mid-career
Q0389,我和身体的关系,emotion-self,forced-choice,2,否,4,,enneagram.type1 enneagram.type3 enneagram.type5 enneagram.type7 mbti.I mbti.P mbti.S,self-exploration/mid-career
Q0390,面对内心的阴暗面,emotion-self,forced-choice,3,否,4,,enneagram.type3 enneagram.type4 enneagram.type7 enneagram.type9 mbti.F mbti.I mbti.J mbti.P,self-exploration/life-transition
Q0391,面对曾经的错误,emotion-self,forced-choice,3,否,4,,enneagram.type1 enneagram.type2 enneagram.type3 enneagram.type9 mbti.F mbti.P mbti.T,self-exploration/relationship-conflict/life-transition
Q0392,我和父母的关系,emotion-self,forced-choice,3,否,4,,enneagram.type2 enneagram.type4 enneagram.type5 enneagram.type6 enneagram.type9 mbti.F mbti.I,life-transition/parenting-teen
Q0393,面对一个让我失望的朋友,emotion-self,forced-choice,4,否,4,,enneagram.type2 enneagram.type3 enneagram.type5 enneagram.type8 enneagram.type9 mbti.F mbti.I mbti.T,relationship-conflict/life-transition
Q0394,面对自我怀疑,emotion-self,forced-choice,4,否,4,,enneagram.type2 enneagram.type3 enneagram.type5 enneagram.type9 mbti.F mbti.I mbti.J mbti.P mbti.T,self-exploration/life-transition/mid-career
Q0395,我做事经常临时改变方向,action-habit,likert-4,2,是,4,,enneagram.type1 enneagram.type7 mbti.J mbti.P,career-transition/entrepreneur-stage
Q0396,今天的安排,action-habit,forced-choice,1,否,4,,enneagram.type1 enneagram.type7 enneagram.type9 mbti.J mbti.P,self-exploration
Q0397,我坚持一个习惯的瓶颈,action-habit,forced-choice,5,否,4,,enneagram.type3 enneagram.type6 enneagram.type9 mbti.F mbti.J mbti.P mbti.T,self-exploration/career-transition/life-transition
Q0398,面对一个长期目标,action-habit,forced-choice,4,否,4,,enneagram.type4 enneagram.type5 enneagram.type6 enneagram.type7 mbti.F mbti.J mbti.P mbti.T,career-choice/entrepreneur-stage/life-transition
Q0399,理财习惯,action-habit,forced-choice,2,否,4,,enneagram.type1 enneagram.type6 enneagram.type7 enneagram.type9 mbti.J mbti.P,self-exploration/fresh-grad/mid-career
Q0400,时间管理,action-habit,forced-choice,3,否,4,,enneagram.type1 enneagram.type7 enneagram.type9 mbti.J mbti.P,career-transition/mid-career/fresh-grad
Q0401,断舍离最难的是,action-habit,forced-choice,3,否,4,,enneagram.type3 enneagram.type4 enneagram.type6 mbti.F mbti.S mbti.T,self-exploration/life-transition
Q0402,开始新习惯的触发,action-habit,forced-choice,3,否,4,,enneagram.type2 enneagram.type3 enneagram.type6 enneagram.type7 mbti.F mbti.J mbti.P,self-exploration/career-choice/life-transition
Q0403,我的执行力,action-habit,forced-choice,3,否,4,,enneagram.type1 enneagram.type3 enneagram.type7 enneagram.type9 mbti.J mbti.P,career-choice/fresh-grad/mid-career
Q0404,面对已经制定但迟迟未动的计划,action-habit,forced-choice,4,否,4,,enneagram.type3 enneagram.type5 enneagram.type7 enneagram.type9 mbti.J mbti.P,career-choice/life-transition/entrepreneur-stage
Q0405,我很少想到10年后的自己,future-vision,likert-4,2,是,4,,enneagram.type3 mbti.J mbti.N mbti.P mbti.S,career-choice/life-transition/self-exploration
Q0406,我最希望给孩子什么,future-vision,forced-choice,1,否,4,,enneagram.type2 enneagram.type5 enneagram.type6 enneagram.type8 enneagram.type9 mbti.F mbti.N mbti.P,parenting-teen/life-transition/self-exploration
Q0407,父母老了以后我,future-vision,forced-choice,5,否,4,,enneagram.type1 enneagram.type2 enneagram.type5 enneagram.type9 mbti.F mbti.J mbti.T,life-transition/parenting-teen/self-exploration
Q0408,如果50岁后职业出现危机,future-vision,forced-choice,4,否,4,,enneagram.type1 enneagram.type6 enneagram.type7 enneagram.type9 mbti.J mbti.P mbti.S mbti.T,mid-career/life-transition/career-transition
Q0409,面对可能错过的爱情,future-vision,forced-choice,2,否,4,,enneagram.type3 enneagram.type4 enneagram.type6 enneagram.type8 enneagram.type9 mbti.E mbti.P mbti.T,relationship-conflict/life-transition/self-exploration
Q0410,如果35岁前没有太大成就,future-vision,forced-choice,3,否,4,,enneagram.type3 enneagram.type5 enneagram.type6 enneagram.type7 enneagram.type9 mbti.J mbti.P mbti.T,mid-career/self-exploration/career-transition
Q0411,我希望退休后的生活,future-vision,forced-choice,3,否,4,,enneagram.type2 enneagram.type5 enneagram.type7 enneagram.type9 mbti.F mbti.N mbti.P,mid-career/life-transition/self-exploration
Q0412,10年后我希望自己在做什么,future-vision,forced-choice,2,否,4,,enneagram.type3 enneagram.type6 enneagram.type7 enneagram.type8 enneagram.type9 mbti.J mbti.P,career-choice/life-transition/mid-career
Q0413,我理想的人生轨迹,future-vision,forced-choice,3,否,4,,enneagram.type3 enneagram.type4 enneagram.type7 enneagram.type9 mbti.F mbti.J mbti.P,self-exploration/career-choice/life-transition
Q0414,面对可能活不到老的认知,future-vision,forced-choice,4,否,4,,enneagram.type1 enneagram.type3 enneagram.type7 enneagram.type9 mbti.J mbti.P mbti.S,life-transition/self-exploration
Q0415,我经常在冲突后失去表达,conflict-choice,likert-4,2,是,4,,enneagram.type6 enneagram.type8 enneagram.type9 mbti.E mbti.I mbti.T,relationship-conflict/leadership-growth
Q0416,面对客户的投诉,conflict-choice,forced-choice,1,否,4,,enneagram.type1 enneagram.type2 enneagram.type3 enneagram.type5 enneagram.type6 mbti.F mbti.J mbti.T,mid-career/leadership-growth
Q0417,面对最亲近的人的不合理要求,conflict-choice,forced-choice,5,否,4,,enneagram.type2 enneagram.type8 enneagram.type9 mbti.F mbti.P mbti.T,relationship-conflict/life-transition/parenting-teen
Q0418,面对公开场合的指责,conflict-choice,forced-choice,4,否,4,,enneagram.type2 enneagram.type5 enneagram.type8 enneagram.type9 mbti.E mbti.F mbti.I mbti.T,leadership-growth/mid-career/relationship-conflict
Q0419,面对朋友的不合理要求,conflict-choice,forced-choice,2,否,4,,enneagram.type2 enneagram.type5 enneagram.type8 enneagram.type9 mbti.F mbti.P mbti.T,relationship-conflict/leadership-growth
Q0420,面对一个总是否定你的人,conflict-choice,forced-choice,3,否,4,,enneagram.type5 enneagram.type6 enneagram.type8 enneagram.type9 mbti.I mbti.T,relationship-conflict/leadership-growth/mid-career
Q0421,面对一个侵犯你边界的人,conflict-choice,forced-choice,3,否,4,,enneagram.type2 enneagram.type5 enneagram.type8 enneagram.type9 mbti.F mbti.I mbti.T,relationship-conflict/leadership-growth
Q0422,面对因误会引发的冲突,conflict-choice,forced-choice,3,否,4,,enneagram.type2 enneagram.type3 enneagram.type5 enneagram.type6 enneagram.type9 mbti.E mbti.F mbti.I mbti.P,relationship-conflict/life-transition
Q0423,面对原则性的冲突,conflict-choice,forced-choice,4,否,4,,enneagram.type1 enneagram.type7 enneagram.type9 mbti.F mbti.N mbti.P mbti.T,career-choice/life-transition/relationship-conflict
Q0424,和价值观完全不同的人共事,conflict-choice,forced-choice,4,否,4,,enneagram.type1 enneagram.type6 enneagram.type8 enneagram.type9 mbti.F mbti.J mbti.T,mid-career/leadership-growth/entrepreneur-stage
Q0425,和不太熟的人单独相处时，你,interpersonal-relationship,forced-choice,2,否,4,woo/relator,enneagram.type2 enneagram.type3 enneagram.type5 enneagram.type7 gallup.influencing gallup.relationship_building gallup.strategic_thinking holland.E holland.I holland.S mbti.E mbti.F mbti.I,self-exploration/career-transition
Q0426,朋友答应的事没做到，你,interpersonal-relationship,forced-choice,3,否,4,empathy/harmony,enneagram.type2 enneagram.type6 enneagram.type8 enneagram.type9 gallup.influencing gallup.relationship_building gallup.strategic_thinking holland.S mbti.F mbti.T,relationship-conflict/self-exploration
Q0427,群体合影时你更可能站在,interpersonal-relationship,forced-choice,2,否,4,woo/adaptability,enneagram.type2 enneagram.type3 enneagram.type5 enneagram.type9 gallup.influencing gallup.relationship_building gallup.strategic_thinking holland.S mbti.E mbti.F mbti.I,self-exploration/fresh-grad
Q0428,别人给你提建议时，我会认真倾听并思考,interpersonal-relationship,likert-4,3,是,4,command/self_assurance,enneagram.type1 enneagram.type4 enneagram.type8 gallup.executing gallup.influencing mbti.F mbti.T,leadership-growth/mid-career
Q0429,看到朋友圈谁情绪低落，你,interpersonal-relationship,forced-choice,2,否,4,empathy/relator,enneagram.type2 enneagram.type5 enneagram.type7 enneagram.type9 gallup.relationship_building gallup.strategic_thinking holland.S mbti.E mbti.F mbti.I,relationship-conflict/parenting-teen
Q0430,和价值观差异大的人相处,interpersonal-relationship,forced-choice,3,否,4,individualization/empathy,enneagram.type1 enneagram.type2 enneagram.type5 enneagram.type7 enneagram.type9 gallup.relationship_building gallup.strategic_thinking holland.S mbti.E mbti.F mbti.I mbti.N,leadership-growth/self-exploration
Q0431,我经常羡慕别人有人依靠,interpersonal-relationship,likert-4,2,是,4,connectedness/relator,enneagram.type3 enneagram.type4 enneagram.type5 enneagram.type6 enneagram.type8 mbti.F mbti.I mbti.T,self-exploration/life-transition
Q0432,帮朋友搬家那天你,interpersonal-relationship,forced-choice,2,否,4,arranger/developer,enneagram.type1 enneagram.type2 enneagram.type5 enneagram.type7 enneagram.type8 enneagram.type9 gallup.executing gallup.relationship_building holland.S mbti.E mbti.F mbti.J mbti.P,life-transition/fresh-grad
Q0433,冲突后我会主动找对方,interpersonal-relationship,likert-4,2,否,4,harmony/developer,enneagram.type2 enneagram.type4 enneagram.type5 enneagram.type9 gallup.relationship_building mbti.F mbti.I mbti.T,relationship-conflict/mid-career
Q0434,和同事/同学熟了之后你,interpersonal-relationship,forced-choice,3,否,4,relator/individualization,enneagram.type1 enneagram.type2 enneagram.type5 enneagram.type6 enneagram.type7 gallup.relationship_building gallup.strategic_thinking holland.S mbti.E mbti.F mbti.J mbti.T,work-career-choice/fresh-grad
Q0435,做事总是喜欢临时调整,decision-making,likert-4,2,是,4,adaptability/deliberative/discipline,enneagram.type1 enneagram.type7 gallup.executing gallup.relationship_building mbti.J mbti.P,career-choice/entrepreneur-stage
Q0436,面对多个目标，我会,decision-making,forced-choice,3,否,4,achiever/focus/activator,enneagram.type1 enneagram.type3 enneagram.type7 enneagram.type8 gallup.executing gallup.influencing holland.E mbti.J mbti.P mbti.T,career-choice/entrepreneur-stage/leadership-growth
Q0437,我已经定下来的事基本不会改,decision-making,likert-4,2,否,4,discipline/deliberative/adaptability,enneagram.type1 enneagram.type3 enneagram.type6 enneagram.type7 gallup.executing gallup.relationship_building mbti.J mbti.P,mid-career/career-transition
Q0438,选专业/选方向时你,decision-making,forced-choice,4,否,4,strategic/futuristic/significance/activator,enneagram.type3 enneagram.type4 enneagram.type6 enneagram.type7 gallup.influencing gallup.relationship_building gallup.strategic_thinking holland.A holland.C holland.S mbti.F mbti.N mbti.P mbti.T,study-direction/graduate-school/career-choice
Q0439,如果一件事做了3个月没效果,decision-making,forced-choice,4,否,4,deliberative/analytical/adaptability/discipline/connectedness,enneagram.type1 enneagram.type3 enneagram.type5 enneagram.type6 enneagram.type7 gallup.executing gallup.relationship_building gallup.strategic_thinking holland.I holland.S mbti.F mbti.J mbti.P mbti.T,entrepreneur-stage/career-transition/mid-career
Q0440,做了失败的决定我会反复回想,decision-making,likert-4,3,是,4,deliberative/self_assurance/self_assurance,enneagram.type3 enneagram.type4 enneagram.type6 enneagram.type8 gallup.influencing mbti.F mbti.T,leadership-growth/mid-career
Q0441,接到任务后你第一反应,decision-making,forced-choice,3,否,4,analytical/achiever/input/activator,enneagram.type1 enneagram.type2 enneagram.type3 enneagram.type5 enneagram.type7 gallup.influencing gallup.relationship_building gallup.strategic_thinking holland.C holland.I mbti.E mbti.J mbti.P mbti.T,fresh-grad/leadership-growth/entrepreneur-stage
Q0442,机会错过之后我会反复懊恼,decision-making,likert-4,3,是,4,self_assurance/significance/self_assurance,enneagram.type3 enneagram.type4 enneagram.type8 gallup.influencing mbti.F mbti.T,career-choice/entrepreneur-stage
Q0443,做人生大决定时,decision-making,forced-choice,4,否,4,strategic/analytical/activator,enneagram.type3 enneagram.type4 enneagram.type5 enneagram.type6 enneagram.type8 enneagram.type9 gallup.influencing gallup.relationship_building gallup.strategic_thinking holland.C holland.S mbti.F mbti.N mbti.P mbti.T,career-choice/study-direction/graduate-school/study-abroad
Q0444,你做决定时更看重,decision-making,forced-choice,3,否,4,belief/maximizer/learner/significance,enneagram.type1 enneagram.type2 enneagram.type3 enneagram.type7 gallup.executing gallup.influencing gallup.strategic_thinking holland.E holland.I mbti.F mbti.J mbti.N mbti.T,career-choice/leadership-growth
Q0445,压力下我会先吃东西或睡一觉,stress-response,likert-4,2,是,4,restorative/harmony/achiever,enneagram.type3 enneagram.type9 gallup.executing mbti.F mbti.S mbti.T,academic-stress/mid-career
Q0446,工作上突发状况你,stress-response,forced-choice,3,否,4,activator/command/discipline/compliance,enneagram.type1 enneagram.type2 enneagram.type3 enneagram.type6 enneagram.type8 gallup.executing gallup.influencing gallup.relationship_building holland.E holland.S mbti.J mbti.P,leadership-growth/entrepreneur-stage/mid-career
Q0447,我经常因为小事烦躁,stress-response,likert-4,2,是,4,harmony/restorative,enneagram.type4 enneagram.type6 enneagram.type9 gallup.relationship_building mbti.F mbti.S,self-exploration/parenting-teen
Q0448,压力大时你倾向,stress-response,forced-choice,3,否,4,restorative/adaptability/intellection/activator,enneagram.type2 enneagram.type3 enneagram.type4 enneagram.type5 enneagram.type7 gallup.executing gallup.influencing gallup.relationship_building gallup.strategic_thinking holland.R holland.S mbti.E mbti.F mbti.I mbti.P mbti.T,mid-career/academic-stress
Q0449,我会把压力藏在心里,stress-response,likert-4,3,是,4,empathy/relator,enneagram.type2 enneagram.type5 enneagram.type9 gallup.relationship_building mbti.E mbti.F mbti.I,mid-career/leadership-growth
Q0450,遇到突发负面消息，你,stress-response,forced-choice,3,否,4,deliberative/analytical/positivity,enneagram.type2 enneagram.type6 enneagram.type7 enneagram.type9 gallup.executing gallup.relationship_building gallup.strategic_thinking holland.I mbti.F mbti.J mbti.P mbti.T,life-transition/mid-career
Q0451,失败后我会很快恢复,stress-response,likert-4,3,否,4,adaptability/restorative,enneagram.type3 enneagram.type4 enneagram.type6 enneagram.type7 gallup.relationship_building mbti.F mbti.P,entrepreneur-stage/career-transition
Q0452,持续高压下你,stress-response,forced-choice,4,否,4,restorative/achiever/adaptability,enneagram.type1 enneagram.type2 enneagram.type3 enneagram.type4 enneagram.type6 enneagram.type7 enneagram.type9 gallup.executing gallup.relationship_building holland.S mbti.E mbti.F mbti.P mbti.T,mid-career/academic-stress/parenting-teen
Q0453,和陌生人起冲突时你,stress-response,forced-choice,3,否,4,harmony/command/context,enneagram.type2 enneagram.type5 enneagram.type6 enneagram.type8 enneagram.type9 gallup.influencing gallup.relationship_building gallup.strategic_thinking holland.I holland.S mbti.F mbti.I mbti.T,relationship-conflict/life-transition
Q0454,我经常感到焦虑,stress-response,likert-4,2,是,4,harmony/restorative,enneagram.type6 enneagram.type7 enneagram.type9 gallup.relationship_building mbti.F mbti.N mbti.P mbti.S,self-exploration/academic-stress/parenting-teen
Q0455,做事的核心动力是,motivation-value,forced-choice,4,否,4,achiever/significance/discipline/ideation,enneagram.type3 enneagram.type5 enneagram.type6 enneagram.type7 enneagram.type8 gallup.executing gallup.influencing gallup.strategic_thinking holland.E mbti.E mbti.J mbti.N mbti.P mbti.S mbti.T,career-choice/self-exploration/leadership-growth
Q0456,比起被喜欢，我更想被尊重,motivation-value,likert-4,3,否,4,command/relator,enneagram.type1 enneagram.type2 enneagram.type8 gallup.influencing gallup.relationship_building mbti.F mbti.T,leadership-growth/mid-career
Q0457,什么让你觉得人生值得,motivation-value,forced-choice,5,否,4,belief/significance/achiever/harmony/ideation,enneagram.type1 enneagram.type2 enneagram.type3 enneagram.type5 enneagram.type7 enneagram.type9 gallup.executing gallup.relationship_building gallup.strategic_thinking holland.A holland.E holland.S mbti.F mbti.I mbti.N mbti.S,self-exploration/life-transition
Q0458,金钱对我很重要,motivation-value,likert-4,3,否,4,maximizer/belief,enneagram.type3 enneagram.type4 enneagram.type7 gallup.executing gallup.influencing mbti.F mbti.N mbti.S mbti.T,career-choice/mid-career
Q0459,你更愿意被描述为,motivation-value,forced-choice,4,否,4,analytical/empathy/positivity/responsibility,enneagram.type1 enneagram.type2 enneagram.type5 enneagram.type6 enneagram.type7 gallup.executing gallup.relationship_building gallup.strategic_thinking holland.A holland.I holland.S mbti.E mbti.F mbti.J mbti.T,self-exploration/leadership-growth
Q0460,如果不能帮助别人，我会怀疑意义,motivation-value,likert-4,3,是,4,developer/belief/achiever,enneagram.type2 enneagram.type3 enneagram.type5 enneagram.type8 gallup.executing gallup.relationship_building holland.S mbti.F mbti.I mbti.T,career-choice/life-transition
Q0461,我做事的标准是,motivation-value,forced-choice,3,否,4,maximizer/responsibility/harmony/analytical,enneagram.type1 enneagram.type2 enneagram.type3 enneagram.type5 enneagram.type7 enneagram.type9 gallup.influencing gallup.relationship_building gallup.strategic_thinking holland.C mbti.F mbti.J mbti.P mbti.T,leadership-growth/entrepreneur-stage
Q0462,我常常觉得活着没什么意思,motivation-value,likert-4,4,是,4,belief/significance/positivity,enneagram.type4 enneagram.type7 enneagram.type9 gallup.relationship_building mbti.E mbti.F mbti.I mbti.P,self-exploration/life-transition/mid-career
Q0463,你更希望的人生是,motivation-value,forced-choice,4,否,4,significance/focus/discipline/adaptability,enneagram.type1 enneagram.type2 enneagram.type3 enneagram.type5 enneagram.type6 enneagram.type7 enneagram.type9 gallup.executing gallup.relationship_building holland.A holland.S mbti.F mbti.J mbti.P mbti.S mbti.T,life-transition/career-choice
Q0464,如果贡献被忽视，你,motivation-value,forced-choice,3,否,4,significance/harmony/command/adaptability,enneagram.type2 enneagram.type3 enneagram.type5 enneagram.type7 enneagram.type8 enneagram.type9 gallup.influencing gallup.relationship_building mbti.E mbti.F mbti.P mbti.T,leadership-growth/mid-career
Q0465,学新东西时你,learning-cognition,forced-choice,3,否,4,learner/strategic/activator/developer/context,enneagram.type2 enneagram.type3 enneagram.type5 enneagram.type6 enneagram.type7 gallup.influencing gallup.relationship_building gallup.strategic_thinking holland.I holland.R mbti.N mbti.P mbti.S mbti.T,fresh-grad/study-direction/graduate-school/career-transition
Q0466,我学东西喜欢反复琢磨,learning-cognition,likert-4,2,否,4,intellection/learner/activator,enneagram.type5 enneagram.type7 gallup.influencing gallup.strategic_thinking mbti.N mbti.P mbti.S mbti.T,study-direction/graduate-school
Q0467,听讲座/上课时你,learning-cognition,forced-choice,2,否,4,learner/discipline/strategic/activator/adaptability,enneagram.type1 enneagram.type3 enneagram.type5 enneagram.type7 enneagram.type9 gallup.executing gallup.influencing gallup.relationship_building gallup.strategic_thinking holland.C mbti.E mbti.J mbti.N mbti.P mbti.S,graduate-school/study-direction
Q0468,遇到陌生领域你,learning-cognition,forced-choice,3,否,4,input/learner/developer/activator/significance,enneagram.type2 enneagram.type3 enneagram.type4 enneagram.type5 enneagram.type6 enneagram.type7 enneagram.type9 gallup.influencing gallup.relationship_building gallup.strategic_thinking holland.I holland.R mbti.F mbti.J mbti.N mbti.P mbti.T,career-transition/study-direction/fresh-grad
Q0469,比起理论我更愿意尝试,learning-cognition,likert-4,2,是,4,activator/intellection,enneagram.type3 enneagram.type5 enneagram.type7 gallup.influencing gallup.strategic_thinking mbti.N mbti.P mbti.S mbti.T,study-direction/career-choice
Q0470,喜欢学的类型是,learning-cognition,forced-choice,3,否,4,learner/intellection/activator/developer/ideation,enneagram.type2 enneagram.type3 enneagram.type4 enneagram.type5 enneagram.type7 gallup.influencing gallup.relationship_building gallup.strategic_thinking holland.A holland.I holland.R holland.S mbti.E mbti.F mbti.N mbti.S mbti.T,study-direction/graduate-school
Q0471,我经常学了一半就换,learning-cognition,likert-4,3,是,4,discipline/adaptability,enneagram.type1 enneagram.type3 enneagram.type5 enneagram.type7 gallup.executing gallup.relationship_building mbti.J mbti.P,career-transition/study-abroad
Q0472,读书/看文章你倾向,learning-cognition,forced-choice,3,否,4,learner/input/discipline/strategic/ideation/developer,enneagram.type1 enneagram.type2 enneagram.type5 enneagram.type6 enneagram.type7 gallup.executing gallup.relationship_building gallup.strategic_thinking holland.A holland.C mbti.F mbti.J mbti.P mbti.S mbti.T,graduate-school/study-direction
Q0473,碰到难题你,learning-cognition,forced-choice,3,否,4,achiever/adaptability/ideation,enneagram.type1 enneagram.type2 enneagram.type6 enneagram.type7 enneagram.type8 enneagram.type9 gallup.executing gallup.relationship_building gallup.strategic_thinking holland.I holland.S mbti.J mbti.N mbti.P,academic-stress/study-direction
Q0474,学完一门课你,learning-cognition,forced-choice,3,否,4,learner/developer/responsibility/intellection,enneagram.type1 enneagram.type2 enneagram.type3 enneagram.type4 enneagram.type5 enneagram.type7 gallup.executing gallup.relationship_building gallup.strategic_thinking holland.I holland.S mbti.E mbti.F mbti.J mbti.N mbti.P,career-transition/graduate-school
Q0475,理想工作的氛围是,work-career,forced-choice,3,否,4,achiever/harmony/adaptability/discipline,enneagram.type1 enneagram.type2 enneagram.type3 enneagram.type5 enneagram.type6 enneagram.type7 enneagram.type8 enneagram.type9 gallup.executing gallup.relationship_building holland.A holland.C holland.E holland.S mbti.F mbti.J mbti.P mbti.T,career-choice/career-transition
Q0476,我和上司意见冲突会,work-career,forced-choice,3,否,4,command/harmony/discipline/analytical,enneagram.type1 enneagram.type2 enneagram.type5 enneagram.type6 enneagram.type8 enneagram.type9 gallup.executing gallup.influencing gallup.relationship_building gallup.strategic_thinking mbti.F mbti.J mbti.T,leadership-growth/mid-career
Q0477,同事在背后议论你，你,work-career,forced-choice,4,否,4,harmony/command/responsibility,enneagram.type1 enneagram.type2 enneagram.type3 enneagram.type4 enneagram.type5 enneagram.type8 enneagram.type9 gallup.executing gallup.influencing gallup.relationship_building mbti.F mbti.T,mid-career/leadership-growth
Q0478,我经常觉得工作没意义,work-career,likert-4,3,是,4,significance/belief/achiever,enneagram.type3 enneagram.type4 enneagram.type9 gallup.executing mbti.F mbti.T,mid-career/life-transition
Q0479,工作遇到瓶颈你,work-career,forced-choice,3,否,4,achiever/adaptability/discipline/developer/context,enneagram.type1 enneagram.type2 enneagram.type3 enneagram.type4 enneagram.type5 enneagram.type6 enneagram.type7 gallup.executing gallup.relationship_building gallup.strategic_thinking mbti.F mbti.J mbti.P,mid-career/career-transition
Q0480,做汇报/展示时你,work-career,forced-choice,3,否,4,communication/discipline/activator/analytical/adaptability,enneagram.type1 enneagram.type3 enneagram.type5 enneagram.type6 enneagram.type7 enneagram.type9 gallup.executing gallup.influencing gallup.relationship_building gallup.strategic_thinking holland.C mbti.E mbti.I mbti.J mbti.P mbti.T,leadership-growth/entrepreneur-stage
Q0481,我经常担心失业,work-career,likert-4,2,是,4,deliberative/self_assurance/self_assurance,enneagram.type6 enneagram.type7 enneagram.type8 gallup.influencing mbti.F mbti.J mbti.P,mid-career/career-transition
Q0482,团队里你更愿当,work-career,forced-choice,3,否,4,command/relator/responsibility/analytical,enneagram.type1 enneagram.type2 enneagram.type3 enneagram.type5 enneagram.type6 enneagram.type8 enneagram.type9 gallup.executing gallup.influencing gallup.relationship_building gallup.strategic_thinking holland.C holland.E holland.I holland.S mbti.E mbti.F mbti.I mbti.J mbti.T,leadership-growth/fresh-grad/entrepreneur-stage
Q0483,工作出彩时你更希望,work-career,forced-choice,4,否,4,significance/achiever/intellection/maximizer,enneagram.type2 enneagram.type3 enneagram.type4 enneagram.type5 enneagram.type8 gallup.influencing gallup.relationship_building gallup.strategic_thinking holland.S mbti.E mbti.F mbti.I,leadership-growth/mid-career
Q0484,我会因为不喜欢的人而换工作,work-career,likert-4,3,是,4,responsibility/individualization,enneagram.type1 enneagram.type4 enneagram.type6 gallup.executing gallup.relationship_building mbti.F mbti.J mbti.T,mid-career/career-transition
Q0485,我会因为情绪影响重要决定,emotion-self,likert-4,3,是,4,self_assurance/restorative/discipline,enneagram.type1 enneagram.type4 enneagram.type5 gallup.executing mbti.F mbti.J mbti.P mbti.T,relationship-conflict/mid-career
Q0486,独处时你通常,emotion-self,forced-choice,2,否,4,intellection/harmony/ideation/input,enneagram.type4 enneagram.type5 enneagram.type7 enneagram.type9 gallup.relationship_building gallup.strategic_thinking holland.A holland.I mbti.I mbti.N mbti.P mbti.S,self-exploration/life-transition
Q0487,你更了解自己的,emotion-self,forced-choice,4,否,4,intellection/restorative/empathy,enneagram.type1 enneagram.type4 enneagram.type5 enneagram.type9 gallup.executing gallup.relationship_building gallup.strategic_thinking holland.R mbti.F mbti.I mbti.N mbti.S mbti.T,self-exploration/life-transition
Q0488,我经常压抑自己的感受,emotion-self,likert-4,3,是,4,empathy/communication,enneagram.type2 enneagram.type5 enneagram.type7 enneagram.type9 gallup.influencing mbti.E mbti.F mbti.I,self-exploration/relationship-conflict
Q0489,心情低落时你,emotion-self,forced-choice,3,否,4,restorative/relator/intellection/achiever/activator,enneagram.type1 enneagram.type2 enneagram.type3 enneagram.type4 enneagram.type5 enneagram.type7 gallup.executing gallup.influencing gallup.relationship_building gallup.strategic_thinking holland.R holland.S mbti.E mbti.F mbti.I mbti.P mbti.T,self-exploration/life-transition
Q0490,我经常羡慕别人的生活,emotion-self,likert-4,3,是,4,significance/harmony,enneagram.type3 enneagram.type4 enneagram.type7 enneagram.type9 gallup.relationship_building mbti.F mbti.P mbti.S,self-exploration/mid-career
Q0491,独处太久我会,emotion-self,forced-choice,2,否,4,harmony/adaptability/intellection/activator,enneagram.type2 enneagram.type4 enneagram.type5 enneagram.type7 enneagram.type9 gallup.influencing gallup.relationship_building gallup.strategic_thinking holland.S mbti.E mbti.F mbti.I mbti.P,self-exploration/life-transition
Q0492,别人夸我，我会不自在,emotion-self,likert-4,2,是,4,self_assurance/significance,enneagram.type3 enneagram.type5 enneagram.type7 enneagram.type9 gallup.influencing mbti.E mbti.I,self-exploration/leadership-growth
Q0493,面对自己的脆弱,emotion-self,forced-choice,4,否,4,empathy/intellection/command/responsibility,enneagram.type1 enneagram.type2 enneagram.type3 enneagram.type4 enneagram.type5 enneagram.type8 gallup.executing gallup.influencing gallup.relationship_building gallup.strategic_thinking holland.S mbti.F mbti.I mbti.T,self-exploration/life-transition
Q0494,我经常觉得别人不懂我,emotion-self,likert-4,3,是,4,connectedness/empathy,enneagram.type4 enneagram.type9 gallup.relationship_building mbti.F mbti.I,self-exploration/relationship-conflict
Q0495,开始新习惯前你会,action-habit,forced-choice,3,否,4,discipline/activator/input/adaptability,enneagram.type1 enneagram.type2 enneagram.type3 enneagram.type4 enneagram.type5 enneagram.type6 enneagram.type7 enneagram.type9 gallup.influencing gallup.relationship_building gallup.strategic_thinking holland.I mbti.E mbti.F mbti.J mbti.P,fresh-grad/career-transition/life-transition
Q0496,我经常半途放弃计划,action-habit,likert-4,2,是,4,discipline/deliberative,enneagram.type1 enneagram.type3 enneagram.type7 enneagram.type9 gallup.executing mbti.J mbti.P,self-exploration/career-transition
Q0497,做事节奏更倾向,action-habit,forced-choice,3,否,4,activator/harmony/adaptability,enneagram.type3 enneagram.type4 enneagram.type5 enneagram.type7 enneagram.type9 gallup.influencing gallup.relationship_building holland.A holland.E mbti.F mbti.P mbti.S,self-exploration/career-choice
Q0498,决定的事我常常不立刻做,action-habit,likert-4,3,是,4,deliberative/achiever/activator,enneagram.type3 enneagram.type6 enneagram.type8 enneagram.type9 gallup.influencing mbti.F mbti.J mbti.P,mid-career/career-transition
Q0499,一天结束时你,action-habit,forced-choice,3,否,4,discipline/achiever/responsibility/ideation/harmony,enneagram.type1 enneagram.type3 enneagram.type4 enneagram.type5 enneagram.type7 enneagram.type9 gallup.executing gallup.relationship_building gallup.strategic_thinking holland.A holland.C mbti.I mbti.J mbti.N mbti.P,fresh-grad/mid-career/leadership-growth
Q0500,我经常把事情拖到最后一刻,action-habit,likert-4,2,是,4,discipline/deliberative,enneagram.type1 enneagram.type3 enneagram.type7 enneagram.type9 gallup.executing mbti.J mbti.P,academic-stress/mid-career
Q0501,养成习惯你靠,action-habit,forced-choice,3,否,4,discipline/consistency/adaptability,enneagram.type1 enneagram.type2 enneagram.type4 enneagram.type6 enneagram.type7 enneagram.type9 gallup.executing gallup.relationship_building holland.C holland.S mbti.E mbti.F mbti.J mbti.P mbti.S,fresh-grad/life-transition/career-transition
Q0502,我经常心血来潮就买/做,action-habit,likert-4,3,是,4,deliberative/discipline/activator,enneagram.type1 enneagram.type3 enneagram.type5 enneagram.type7 gallup.executing gallup.influencing mbti.J mbti.P mbti.S,mid-career/life-transition
Q0503,周末你更愿,action-habit,forced-choice,2,否,4,restorative/achiever/learner/responsibility,enneagram.type1 enneagram.type2 enneagram.type3 enneagram.type5 enneagram.type7 enneagram.type9 gallup.executing gallup.relationship_building gallup.strategic_thinking holland.I holland.S mbti.E mbti.J mbti.N mbti.S,fresh-grad/mid-career
Q0504,做事我会反复调整细节,action-habit,likert-4,3,是,4,discipline/maximizer/adaptability,enneagram.type1 enneagram.type6 enneagram.type7 gallup.executing gallup.relationship_building mbti.J mbti.P mbti.T,work-career/entrepreneur-stage
Q0505,5年后你最希望,future-vision,forced-choice,4,否,4,achiever/significance/harmony/adaptability,enneagram.type2 enneagram.type3 enneagram.type5 enneagram.type7 enneagram.type9 gallup.executing gallup.relationship_building holland.A holland.E holland.S mbti.F mbti.P mbti.S mbti.T,career-choice/life-transition
Q0506,我对未来经常充满期待,future-vision,likert-4,2,否,4,futuristic/positivity,enneagram.type3 enneagram.type4 enneagram.type7 enneagram.type9 gallup.strategic_thinking mbti.F mbti.N mbti.P mbti.S,self-exploration/life-transition
Q0507,你更想成为哪种人,future-vision,forced-choice,4,否,4,significance/command/learner/developer/ideation,enneagram.type1 enneagram.type2 enneagram.type3 enneagram.type5 enneagram.type7 enneagram.type8 enneagram.type9 gallup.influencing gallup.relationship_building gallup.strategic_thinking holland.A holland.E holland.I holland.S mbti.E mbti.F mbti.J mbti.N mbti.T,career-choice/leadership-growth
Q0508,对人生下半场你,future-vision,forced-choice,4,否,4,futuristic/adaptability/harmony/deliberative,enneagram.type1 enneagram.type3 enneagram.type4 enneagram.type5 enneagram.type6 enneagram.type7 enneagram.type9 gallup.executing gallup.relationship_building gallup.strategic_thinking holland.A holland.C mbti.F mbti.J mbti.P,mid-career/life-transition/parenting-teen
Q0509,我对未来几乎没有规划,future-vision,likert-4,2,是,4,futuristic/discipline,enneagram.type1 enneagram.type3 enneagram.type7 enneagram.type9 gallup.strategic_thinking mbti.J mbti.P,career-choice/mid-career
Q0510,想象理想的晚年你,future-vision,forced-choice,3,否,4,significance/harmony/achiever,enneagram.type2 enneagram.type3 enneagram.type4 enneagram.type7 enneagram.type9 gallup.executing gallup.relationship_building holland.E holland.S mbti.F mbti.P mbti.S,life-transition/mid-career
Q0511,我常常担心未来,future-vision,likert-4,3,是,4,deliberative/positivity,enneagram.type6 enneagram.type7 enneagram.type9 gallup.relationship_building mbti.F mbti.J mbti.P,life-transition/mid-career
Q0512,你更向往的生活是,future-vision,forced-choice,3,否,4,harmony/adaptability,enneagram.type3 enneagram.type5 enneagram.type7 enneagram.type9 gallup.influencing gallup.relationship_building holland.A holland.E mbti.E mbti.I mbti.P mbti.S,life-transition/fresh-grad
Q0513,我常常想象十年后的样子,future-vision,likert-4,2,是,4,futuristic/ideation,enneagram.type3 enneagram.type5 enneagram.type7 enneagram.type9 gallup.strategic_thinking mbti.N mbti.P mbti.S,self-exploration/life-transition
Q0514,做人生选择时更看,future-vision,forced-choice,4,否,4,futuristic/maximizer/ideation/significance,enneagram.type1 enneagram.type2 enneagram.type3 enneagram.type4 enneagram.type9 gallup.influencing gallup.strategic_thinking holland.A holland.C holland.E mbti.F mbti.J mbti.N mbti.P mbti.S mbti.T,career-choice/study-direction/study-abroad
Q0515,当面被反驳你,conflict-choice,likert-4,3,否,4,command/harmony,enneagram.type2 enneagram.type8 enneagram.type9 gallup.influencing gallup.relationship_building mbti.E mbti.F mbti.T,leadership-growth/mid-career
Q0516,被误解时你,conflict-choice,forced-choice,3,否,4,command/harmony/context/intellection,enneagram.type2 enneagram.type3 enneagram.type4 enneagram.type5 enneagram.type6 enneagram.type8 enneagram.type9 gallup.influencing gallup.relationship_building gallup.strategic_thinking mbti.F mbti.I mbti.T,relationship-conflict/leadership-growth
Q0517,我经常主动回避冲突,conflict-choice,likert-4,2,是,4,harmony/command,enneagram.type2 enneagram.type3 enneagram.type8 enneagram.type9 gallup.influencing mbti.F mbti.I mbti.T,self-exploration/relationship-conflict
Q0518,原则和人情冲突时,conflict-choice,forced-choice,4,否,4,responsibility/harmony/context/deliberative,enneagram.type1 enneagram.type2 enneagram.type5 enneagram.type6 enneagram.type8 enneagram.type9 gallup.executing gallup.relationship_building gallup.strategic_thinking holland.S mbti.F mbti.I mbti.J mbti.P mbti.T,leadership-growth/mid-career
Q0519,我会因为不同意见换朋友,conflict-choice,likert-4,3,是,4,responsibility/relator,enneagram.type1 enneagram.type2 enneagram.type4 enneagram.type9 gallup.relationship_building mbti.F mbti.J mbti.T,self-exploration/relationship-conflict
Q0520,面对不想帮的请求你,conflict-choice,forced-choice,3,否,4,command/relator/maximizer,enneagram.type2 enneagram.type3 enneagram.type5 enneagram.type8 enneagram.type9 gallup.influencing gallup.relationship_building holland.E holland.S mbti.F mbti.J mbti.P mbti.T,mid-career/leadership-growth
Q0521,做不喜欢的应酬,conflict-choice,forced-choice,3,否,4,harmony/woo/intellection,enneagram.type2 enneagram.type3 enneagram.type5 enneagram.type7 enneagram.type9 gallup.influencing gallup.relationship_building gallup.strategic_thinking holland.E holland.S mbti.E mbti.F mbti.I,mid-career/leadership-growth
Q0522,被人背后说我会直接面对,conflict-choice,likert-4,3,是,4,command/harmony/intellection,enneagram.type5 enneagram.type8 enneagram.type9 gallup.influencing gallup.strategic_thinking mbti.F mbti.I mbti.T,relationship-conflict/mid-career
Q0523,公私分明对你,conflict-choice,forced-choice,3,否,4,discipline/harmony/context/adaptability,enneagram.type1 enneagram.type2 enneagram.type4 enneagram.type6 enneagram.type7 enneagram.type9 gallup.executing gallup.relationship_building gallup.strategic_thinking holland.S mbti.F mbti.J mbti.P mbti.T,mid-career/leadership-growth
Q0524,当面冲突后你,conflict-choice,forced-choice,3,否,4,harmony/relator/intellection/command,enneagram.type2 enneagram.type4 enneagram.type5 enneagram.type8 enneagram.type9 gallup.influencing gallup.relationship_building gallup.strategic_thinking mbti.F mbti.I mbti.P mbti.T,relationship-conflict/life-transition
Q0525,被朋友突然冷落你会,interpersonal-relationship,forced-choice,3,否,4,harmony/empathy/command/responsibility,enneagram.type1 enneagram.type2 enneagram.type3 enneagram.type4 enneagram.type5 enneagram.type8 enneagram.type9 gallup.executing gallup.influencing gallup.relationship_building mbti.F mbti.I mbti.T,relationship-conflict/self-exploration
Q0526,别人跟你分享好消息时,interpersonal-relationship,forced-choice,2,否,4,empathy/relator/harmony/individualization/significance,enneagram.type1 enneagram.type2 enneagram.type3 enneagram.type4 enneagram.type5 enneagram.type9 gallup.influencing gallup.relationship_building holland.E holland.S mbti.F mbti.T,self-exploration/life-transition
Q0527,跟陌生小孩相处你,interpersonal-relationship,forced-choice,3,否,4,developer/individualization/adaptability/context,enneagram.type2 enneagram.type4 enneagram.type5 enneagram.type9 gallup.relationship_building gallup.strategic_thinking holland.I holland.S mbti.E mbti.F mbti.I mbti.N mbti.P,parenting-teen/life-transition
Q0528,我经常觉得被忽略,interpersonal-relationship,likert-4,3,是,4,significance/empathy/self_assurance,enneagram.type3 enneagram.type4 enneagram.type8 gallup.influencing mbti.F mbti.I mbti.J mbti.T,self-exploration/mid-career
Q0529,亲密关系里你更需要,interpersonal-relationship,forced-choice,4,否,4,relator/intellection/activator,enneagram.type2 enneagram.type3 enneagram.type4 enneagram.type5 enneagram.type6 enneagram.type7 gallup.influencing gallup.relationship_building gallup.strategic_thinking holland.E holland.S mbti.E mbti.F mbti.I mbti.N,relationship-conflict/life-transition
Q0530,和刚认识的人聊天你,interpersonal-relationship,forced-choice,3,否,4,communication/individualization/intellection/maximizer,enneagram.type3 enneagram.type4 enneagram.type5 enneagram.type7 enneagram.type9 gallup.influencing gallup.relationship_building gallup.strategic_thinking holland.E holland.I mbti.E mbti.F mbti.I mbti.N mbti.T,fresh-grad/career-transition
Q0531,我不太愿意让别人进我心里,interpersonal-relationship,likert-4,3,是,4,relator/intellection,enneagram.type2 enneagram.type4 enneagram.type5 gallup.relationship_building mbti.E mbti.F mbti.I,self-exploration/relationship-conflict
Q0532,朋友成功了你,interpersonal-relationship,forced-choice,3,否,4,relator/empathy/context/achiever/individualization,enneagram.type2 enneagram.type3 enneagram.type4 enneagram.type6 enneagram.type7 enneagram.type9 gallup.executing gallup.relationship_building gallup.strategic_thinking holland.E mbti.F mbti.T,self-exploration/life-transition
Q0533,聚会时你更愿意,interpersonal-relationship,forced-choice,3,否,4,communication/adaptability/intellection/relator,enneagram.type2 enneagram.type3 enneagram.type4 enneagram.type5 enneagram.type7 enneagram.type8 enneagram.type9 gallup.influencing gallup.relationship_building gallup.strategic_thinking holland.E holland.I mbti.E mbti.F mbti.I mbti.N mbti.P,self-exploration/fresh-grad
Q0534,被群体孤立你,interpersonal-relationship,likert-4,3,是,4,connectedness/self_assurance,enneagram.type3 enneagram.type4 enneagram.type6 enneagram.type8 gallup.influencing mbti.F mbti.I mbti.T,self-exploration/life-transition
Q0535,我常因为不想后悔而拖延,decision-making,likert-4,3,是,4,deliberative/self_assurance,enneagram.type3 enneagram.type6 enneagram.type8 gallup.influencing mbti.F mbti.J mbti.T,career-choice/mid-career
Q0536,选 offer/项目时你,decision-making,forced-choice,4,否,4,maximizer/significance/futuristic/discipline,enneagram.type1 enneagram.type2 enneagram.type3 enneagram.type6 enneagram.type7 enneagram.type9 gallup.executing gallup.influencing gallup.relationship_building gallup.strategic_thinking holland.C holland.E holland.S mbti.F mbti.J mbti.N mbti.S mbti.T,career-choice/fresh-grad
Q0537,我做的决定通常很难改变,decision-making,likert-4,2,否,4,discipline/deliberative/adaptability,enneagram.type1 enneagram.type3 enneagram.type6 enneagram.type7 gallup.executing gallup.relationship_building mbti.J mbti.P,career-choice/mid-career
Q0538,面对不可逆决定你,decision-making,forced-choice,4,否,4,deliberative/command/compliance,enneagram.type1 enneagram.type3 enneagram.type4 enneagram.type6 enneagram.type8 enneagram.type9 gallup.executing gallup.influencing holland.C mbti.F mbti.J mbti.T,career-choice/life-transition
Q0539,做选择时我更倾向,decision-making,forced-choice,4,否,4,ideation/activator/focus/harmony,enneagram.type3 enneagram.type5 enneagram.type6 enneagram.type7 enneagram.type8 enneagram.type9 gallup.executing gallup.influencing gallup.relationship_building gallup.strategic_thinking holland.A holland.E holland.I mbti.J mbti.N mbti.P mbti.S mbti.T,career-choice/life-transition
Q0540,已经选完的事我很少纠结,decision-making,likert-4,3,否,4,self_assurance/deliberative,enneagram.type3 enneagram.type4 enneagram.type6 enneagram.type8 gallup.executing gallup.influencing mbti.F mbti.J mbti.T,career-choice/leadership-growth
Q0541,面对完全陌生的领域你,decision-making,forced-choice,3,否,4,input/activator/developer,enneagram.type1 enneagram.type2 enneagram.type3 enneagram.type5 enneagram.type6 enneagram.type7 gallup.influencing gallup.relationship_building gallup.strategic_thinking holland.I holland.R mbti.E mbti.F mbti.J mbti.P mbti.T,career-transition/study-direction
Q0542,我经常把决定拖到截止,decision-making,likert-4,3,是,4,discipline/adaptability,enneagram.type1 enneagram.type3 enneagram.type6 enneagram.type7 gallup.executing mbti.F mbti.J mbti.P,academic-stress/mid-career
Q0543,选专业/职业你更看重,decision-making,forced-choice,4,否,4,belief/achiever/significance/maximizer,enneagram.type1 enneagram.type2 enneagram.type3 enneagram.type4 enneagram.type7 gallup.executing gallup.influencing holland.A holland.C holland.I holland.S mbti.F mbti.J mbti.N mbti.S mbti.T,study-direction/career-choice
Q0544,我经常后悔过去的决定,decision-making,likert-4,3,是,4,deliberative/self_assurance,enneagram.type3 enneagram.type4 enneagram.type6 enneagram.type8 gallup.influencing mbti.F mbti.T,mid-career/life-transition
Q0545,压力下我会反复检查,stress-response,likert-4,2,是,4,deliberative/adaptability,enneagram.type1 enneagram.type6 enneagram.type7 gallup.executing gallup.relationship_building mbti.J mbti.P mbti.T,academic-stress/mid-career
Q0546,遇到紧急任务你,stress-response,forced-choice,3,否,4,activator/discipline/adaptability,enneagram.type1 enneagram.type2 enneagram.type3 enneagram.type5 enneagram.type6 enneagram.type8 enneagram.type9 gallup.executing gallup.influencing gallup.relationship_building holland.C holland.E holland.S mbti.E mbti.F mbti.J mbti.P,leadership-growth/mid-career
Q0547,面对突发坏消息我容易慌,stress-response,likert-4,3,是,4,self_assurance/restorative,enneagram.type3 enneagram.type6 enneagram.type8 gallup.influencing mbti.F mbti.J mbti.T,life-transition/mid-career
Q0548,高压状态下你倾向,stress-response,forced-choice,3,否,4,restorative/activator/intellection/harmony,enneagram.type2 enneagram.type4 enneagram.type5 enneagram.type7 enneagram.type8 enneagram.type9 gallup.influencing gallup.relationship_building gallup.strategic_thinking holland.R holland.S mbti.E mbti.F mbti.I mbti.P,mid-career/parenting-teen
Q0549,我会因压力失眠,stress-response,likert-4,2,是,4,restorative/harmony,enneagram.type6 enneagram.type9 gallup.relationship_building mbti.F mbti.J mbti.P mbti.S,mid-career/academic-stress
Q0550,持续紧张时你,stress-response,forced-choice,3,否,4,restorative/adaptability/intellection,enneagram.type1 enneagram.type2 enneagram.type4 enneagram.type5 enneagram.type9 gallup.executing gallup.relationship_building gallup.strategic_thinking holland.A holland.S mbti.E mbti.F mbti.I mbti.N mbti.S,mid-career/parenting-teen
Q0551,压力后我会很快恢复,stress-response,likert-4,3,否,4,adaptability/restorative/deliberative,enneagram.type3 enneagram.type4 enneagram.type6 enneagram.type7 gallup.executing gallup.relationship_building mbti.F mbti.P,career-transition/life-transition
Q0552,和家人/伴侣起冲突后,stress-response,forced-choice,3,否,4,harmony/relator/intellection,enneagram.type2 enneagram.type4 enneagram.type5 enneagram.type6 enneagram.type8 enneagram.type9 gallup.relationship_building gallup.strategic_thinking holland.S mbti.E mbti.F mbti.I,relationship-conflict/life-transition
Q0553,我会因为小事焦虑很久,stress-response,likert-4,2,是,4,harmony/restorative,enneagram.type4 enneagram.type6 enneagram.type8 enneagram.type9 gallup.relationship_building mbti.F mbti.J mbti.P mbti.T,self-exploration/parenting-teen
Q0554,周末结束后周一早上你,stress-response,forced-choice,2,否,4,adaptability/restorative/achiever/harmony,enneagram.type3 enneagram.type4 enneagram.type5 enneagram.type7 enneagram.type9 gallup.executing gallup.relationship_building holland.E mbti.E mbti.F mbti.I mbti.P,mid-career/fresh-grad
Q0555,工作对我是,motivation-value,forced-choice,3,否,4,belief/significance/maximizer,enneagram.type1 enneagram.type2 enneagram.type3 enneagram.type6 gallup.executing gallup.influencing gallup.relationship_building mbti.E mbti.F mbti.S mbti.T,career-choice/mid-career/self-exploration
Q0556,比起被喜欢，我更想被需要,motivation-value,likert-4,3,否,4,significance/relator/intellection,enneagram.type2 enneagram.type3 enneagram.type4 enneagram.type5 gallup.influencing gallup.strategic_thinking mbti.F mbti.I mbti.T,self-exploration/leadership-growth
Q0557,什么让你长期坚持一件事,motivation-value,forced-choice,4,否,4,belief/relator/maximizer/positivity,enneagram.type1 enneagram.type2 enneagram.type3 enneagram.type6 enneagram.type7 gallup.executing gallup.influencing gallup.relationship_building holland.A holland.E holland.S mbti.E mbti.F mbti.N mbti.P mbti.S mbti.T,self-exploration/career-choice
Q0558,比起钱，我更在意被认可,motivation-value,likert-4,3,否,4,significance/belief/maximizer,enneagram.type3 enneagram.type4 enneagram.type5 gallup.influencing mbti.F mbti.S mbti.T,career-choice/leadership-growth
Q0559,理想的一天是,motivation-value,forced-choice,3,否,4,belief/achiever/harmony,enneagram.type1 enneagram.type2 enneagram.type3 enneagram.type7 enneagram.type9 gallup.executing gallup.relationship_building holland.A holland.E holland.S mbti.E mbti.F mbti.J mbti.P,self-exploration/life-transition
Q0560,比起安稳我更想要自由,motivation-value,likert-4,3,是,4,adaptability/discipline,enneagram.type5 enneagram.type6 enneagram.type7 enneagram.type9 gallup.executing gallup.relationship_building mbti.J mbti.P mbti.S,career-choice/life-transition
Q0561,更让你满足的是,motivation-value,forced-choice,4,否,4,achiever/significance/harmony/learner,enneagram.type2 enneagram.type3 enneagram.type5 enneagram.type8 enneagram.type9 gallup.executing gallup.relationship_building gallup.strategic_thinking holland.E holland.I holland.S mbti.E mbti.F mbti.I mbti.N mbti.S mbti.T,self-exploration/mid-career
Q0562,如果影响不到别人，我做事的意愿会降低,motivation-value,likert-4,3,是,4,significance/belief/intellection,enneagram.type1 enneagram.type2 enneagram.type3 enneagram.type5 gallup.influencing gallup.strategic_thinking mbti.F mbti.I mbti.T,self-exploration/career-choice
Q0563,你更想被记住为,motivation-value,forced-choice,4,否,4,significance/relator/positivity/responsibility,enneagram.type1 enneagram.type2 enneagram.type3 enneagram.type6 enneagram.type7 enneagram.type8 enneagram.type9 gallup.executing gallup.influencing gallup.relationship_building holland.A holland.E holland.S mbti.E mbti.F mbti.J mbti.T,self-exploration/leadership-growth
Q0564,比起新的，我更留恋熟悉的,motivation-value,likert-4,3,是,4,harmony/adaptability,enneagram.type3 enneagram.type6 enneagram.type7 enneagram.type9 gallup.relationship_building mbti.J mbti.P mbti.S,life-transition/mid-career
Q0565,我喜欢把学到的东西讲给别人,learning-cognition,likert-4,2,是,4,developer/learner/intellection,enneagram.type2 enneagram.type3 enneagram.type4 enneagram.type5 gallup.relationship_building gallup.strategic_thinking mbti.E mbti.F mbti.I,career-transition/graduate-school
Q0566,遇到瓶颈你,learning-cognition,forced-choice,3,否,4,discipline/ideation/developer/adaptability,enneagram.type1 enneagram.type2 enneagram.type3 enneagram.type4 enneagram.type5 enneagram.type6 enneagram.type7 enneagram.type9 gallup.executing gallup.relationship_building gallup.strategic_thinking holland.I mbti.F mbti.J mbti.N mbti.P,academic-stress/study-direction
Q0567,我更倾向于边做边学,learning-cognition,likert-4,2,是,4,activator/intellection,enneagram.type1 enneagram.type3 enneagram.type5 enneagram.type7 gallup.influencing gallup.strategic_thinking mbti.J mbti.N mbti.P mbti.S mbti.T,study-direction/career-choice
Q0568,讲座/课程结束后你,learning-cognition,forced-choice,3,否,4,discipline/developer/activator/intellection,enneagram.type1 enneagram.type2 enneagram.type3 enneagram.type4 enneagram.type5 enneagram.type7 gallup.executing gallup.influencing gallup.relationship_building gallup.strategic_thinking holland.C holland.R holland.S mbti.E mbti.F mbti.J mbti.N mbti.P mbti.S,graduate-school/study-direction
Q0569,比起已经会的我更想挑战新东西,learning-cognition,likert-4,3,是,4,ideation/discipline,enneagram.type1 enneagram.type3 enneagram.type5 enneagram.type7 gallup.executing gallup.strategic_thinking mbti.J mbti.N mbti.P mbti.S,career-transition/fresh-grad
Q0570,对新工具/方法你,learning-cognition,forced-choice,3,否,4,learner/adaptability/discipline,enneagram.type1 enneagram.type3 enneagram.type6 enneagram.type7 enneagram.type9 gallup.executing gallup.relationship_building gallup.strategic_thinking holland.R mbti.J mbti.P mbti.S,career-transition/mid-career
Q0571,我经常因为别人的讲解理解新概念,learning-cognition,likert-4,2,是,4,developer/analytical,enneagram.type2 enneagram.type5 gallup.relationship_building gallup.strategic_thinking mbti.E mbti.F mbti.I mbti.T,career-transition/graduate-school
Q0572,读完一本书你,learning-cognition,forced-choice,3,否,4,learner/developer/responsibility/input/adaptability,enneagram.type1 enneagram.type2 enneagram.type3 enneagram.type5 enneagram.type7 gallup.executing gallup.relationship_building gallup.strategic_thinking holland.A holland.C holland.S mbti.E mbti.F mbti.I mbti.J mbti.P mbti.T,career-transition/graduate-school
Q0573,我更愿意自己琢磨,learning-cognition,likert-4,2,是,4,intellection/developer,enneagram.type2 enneagram.type5 gallup.relationship_building gallup.strategic_thinking mbti.E mbti.F mbti.I mbti.T,study-direction/career-transition
Q0574,你学东西时更依赖,learning-cognition,forced-choice,3,否,4,input/discipline/activator/developer,enneagram.type1 enneagram.type2 enneagram.type3 enneagram.type4 enneagram.type5 enneagram.type6 enneagram.type7 enneagram.type8 gallup.executing gallup.influencing gallup.relationship_building gallup.strategic_thinking holland.A holland.C holland.R holland.S mbti.E mbti.F mbti.J mbti.N mbti.P mbti.S,fresh-grad/career-transition
Q0575,你理想的工作节奏是,work-career,forced-choice,3,否,4,achiever/discipline/adaptability/activator,enneagram.type1 enneagram.type3 enneagram.type5 enneagram.type6 enneagram.type7 enneagram.type8 gallup.executing gallup.influencing gallup.relationship_building holland.A holland.C holland.E mbti.J mbti.P mbti.S,career-choice/career-transition
Q0576,比起升职我更想要好团队,work-career,likert-4,3,是,4,relator/achiever,enneagram.type2 enneagram.type3 enneagram.type8 enneagram.type9 gallup.executing gallup.relationship_building mbti.F mbti.T,career-choice/mid-career
Q0577,同事能力不行时你,work-career,forced-choice,3,否,4,developer/compliance/achiever/adaptability,enneagram.type1 enneagram.type2 enneagram.type3 enneagram.type5 enneagram.type6 enneagram.type9 gallup.executing gallup.relationship_building holland.S mbti.F mbti.I mbti.J,mid-career/leadership-growth
Q0578,你更愿做,work-career,forced-choice,4,否,4,command/learner/harmony/adaptability,enneagram.type1 enneagram.type2 enneagram.type3 enneagram.type5 enneagram.type7 enneagram.type8 enneagram.type9 gallup.influencing gallup.relationship_building gallup.strategic_thinking holland.A holland.E holland.I holland.S mbti.E mbti.F mbti.J mbti.P mbti.T,career-choice/fresh-grad/leadership-growth
Q0579,我会因为和领导气场不合换工作,work-career,likert-4,3,是,4,responsibility/individualization/discipline,enneagram.type1 enneagram.type4 enneagram.type6 gallup.executing mbti.F mbti.I mbti.J mbti.T,mid-career/career-transition
Q0580,工作里被夸你会,work-career,forced-choice,3,否,4,relator/significance/intellection/deliberative,enneagram.type1 enneagram.type2 enneagram.type3 enneagram.type4 enneagram.type5 enneagram.type6 enneagram.type7 gallup.executing gallup.influencing gallup.relationship_building gallup.strategic_thinking holland.E holland.S mbti.F mbti.I mbti.J mbti.T,mid-career/leadership-growth
Q0581,我经常质疑工作的意义,work-career,likert-4,3,是,4,significance/belief/achiever,enneagram.type3 enneagram.type4 enneagram.type9 gallup.executing mbti.F mbti.N mbti.T,mid-career/life-transition
Q0582,面对加班,work-career,forced-choice,3,否,4,achiever/harmony/analytical/relator,enneagram.type1 enneagram.type2 enneagram.type3 enneagram.type4 enneagram.type5 enneagram.type9 gallup.executing gallup.relationship_building gallup.strategic_thinking holland.C mbti.F mbti.J mbti.P mbti.T,mid-career/leadership-growth
Q0583,比起管人我更愿做事,work-career,likert-4,3,是,4,command/intellection,enneagram.type1 enneagram.type3 enneagram.type5 enneagram.type8 gallup.influencing gallup.strategic_thinking mbti.E mbti.I mbti.T,mid-career/career-choice
Q0584,选工作时你倾向,work-career,forced-choice,4,否,4,achiever/adaptability/discipline/individualization,enneagram.type3 enneagram.type5 enneagram.type6 enneagram.type7 enneagram.type8 enneagram.type9 gallup.executing gallup.relationship_building holland.C holland.E holland.I mbti.I mbti.P mbti.S,career-choice/fresh-grad/study-abroad
Q0585,我会因为别人情绪影响自己,emotion-self,likert-4,3,是,4,empathy/harmony/analytical,enneagram.type4 enneagram.type5 enneagram.type8 gallup.relationship_building gallup.strategic_thinking mbti.E mbti.F mbti.T,self-exploration/relationship-conflict
Q0586,心情好时你,emotion-self,forced-choice,2,否,4,positivity/relator/adaptability/intellection,enneagram.type2 enneagram.type3 enneagram.type4 enneagram.type5 enneagram.type7 gallup.relationship_building gallup.strategic_thinking holland.A holland.E holland.S mbti.E mbti.F mbti.N mbti.P,self-exploration/life-transition
Q0587,我经常压抑负面情绪,emotion-self,likert-4,3,是,4,empathy/communication,enneagram.type2 enneagram.type4 enneagram.type5 enneagram.type9 gallup.influencing mbti.E mbti.F mbti.I,self-exploration/relationship-conflict
Q0588,独处时你倾向,emotion-self,forced-choice,2,否,4,restorative/intellection/achiever/learner,enneagram.type1 enneagram.type3 enneagram.type4 enneagram.type5 enneagram.type9 gallup.executing gallup.strategic_thinking holland.A holland.E holland.I mbti.I mbti.J mbti.N,self-exploration/life-transition
Q0589,比起开心，我更追求平静,emotion-self,likert-4,3,是,4,harmony/positivity,enneagram.type5 enneagram.type7 enneagram.type9 gallup.relationship_building mbti.E mbti.I mbti.P mbti.S,self-exploration/life-transition
Q0590,面对压力你,emotion-self,forced-choice,3,否,4,command/harmony/intellection/discipline,enneagram.type2 enneagram.type3 enneagram.type4 enneagram.type5 enneagram.type7 enneagram.type8 enneagram.type9 gallup.executing gallup.influencing gallup.relationship_building gallup.strategic_thinking holland.S mbti.E mbti.F mbti.I mbti.T,self-exploration/mid-career
Q0591,比起被喜欢，我更想被理解,emotion-self,likert-4,3,是,4,individualization/relator,enneagram.type2 enneagram.type4 enneagram.type5 gallup.relationship_building mbti.E mbti.F mbti.I,self-exploration/relationship-conflict
Q0592,情绪来的时候你,emotion-self,forced-choice,3,否,4,activator/intellection/analytical,enneagram.type1 enneagram.type2 enneagram.type4 enneagram.type5 enneagram.type8 enneagram.type9 gallup.influencing gallup.relationship_building gallup.strategic_thinking holland.S mbti.E mbti.F mbti.I mbti.T,self-exploration/relationship-conflict
Q0593,我常常不知道自己真正想要什么,emotion-self,likert-4,3,是,4,focus/harmony,enneagram.type1 enneagram.type3 enneagram.type4 enneagram.type9 gallup.executing mbti.F mbti.P mbti.T,self-exploration/career-choice
Q0594,你更需要的情感是,emotion-self,forced-choice,3,否,4,relator/individualization/command,enneagram.type1 enneagram.type2 enneagram.type4 enneagram.type5 enneagram.type6 enneagram.type8 enneagram.type9 gallup.influencing gallup.relationship_building holland.S mbti.F mbti.I mbti.N mbti.T,self-exploration/relationship-conflict
Q0595,开始新项目你倾向,action-habit,forced-choice,3,否,4,discipline/activator/developer/ideation,enneagram.type1 enneagram.type2 enneagram.type3 enneagram.type4 enneagram.type5 enneagram.type6 enneagram.type7 gallup.executing gallup.influencing gallup.relationship_building gallup.strategic_thinking holland.C holland.E holland.S mbti.F mbti.J mbti.N mbti.P,fresh-grad/entrepreneur-stage
Q0596,我经常因为追求完美而拖延,action-habit,likert-4,3,是,4,maximizer/discipline/activator,enneagram.type1 enneagram.type4 enneagram.type7 gallup.influencing mbti.J mbti.P mbti.T,mid-career/academic-stress
Q0597,做事收尾你,action-habit,forced-choice,2,否,4,responsibility/discipline/adaptability/harmony/analytical,enneagram.type1 enneagram.type5 enneagram.type7 enneagram.type9 gallup.executing gallup.relationship_building gallup.strategic_thinking holland.C mbti.J mbti.P mbti.T,mid-career/fresh-grad
Q0598,比起开始，我更擅长坚持,action-habit,likert-4,2,是,4,discipline/adaptability,enneagram.type1 enneagram.type6 enneagram.type7 gallup.executing gallup.relationship_building mbti.J mbti.P,career-transition/mid-career
Q0599,做事期间被打断你,action-habit,forced-choice,3,否,4,focus/adaptability/context/harmony,enneagram.type1 enneagram.type5 enneagram.type7 enneagram.type8 enneagram.type9 gallup.executing gallup.relationship_building gallup.strategic_thinking holland.C mbti.J mbti.P mbti.T,fresh-grad/mid-career/parenting-teen
Q0600,我经常把事情想得很完美但做不到,action-habit,likert-4,3,是,4,maximizer/discipline/activator,enneagram.type1 enneagram.type4 enneagram.type7 gallup.influencing mbti.F mbti.J mbti.P,mid-career/academic-stress
Q0601,做家务/杂事你,action-habit,forced-choice,2,否,4,discipline/adaptability/activator/harmony,enneagram.type1 enneagram.type3 enneagram.type5 enneagram.type7 enneagram.type9 gallup.executing gallup.influencing gallup.relationship_building holland.C mbti.J mbti.P mbti.S,fresh-grad/life-transition
Q0602,比起规划我更喜欢马上做,action-habit,likert-4,3,是,4,activator/discipline,enneagram.type1 enneagram.type3 enneagram.type5 enneagram.type7 gallup.executing gallup.influencing mbti.J mbti.P mbti.S,career-choice/entrepreneur-stage
Q0603,早上你更习惯,action-habit,forced-choice,2,否,4,discipline/restorative/harmony/adaptability,enneagram.type1 enneagram.type3 enneagram.type5 enneagram.type7 enneagram.type9 gallup.executing gallup.relationship_building holland.C mbti.J mbti.P,fresh-grad/mid-career
Q0604,我做事经常做到一半就换,action-habit,likert-4,3,是,4,adaptability/discipline,enneagram.type1 enneagram.type3 enneagram.type6 enneagram.type7 gallup.executing gallup.relationship_building mbti.J mbti.P,career-transition/mid-career
Q0605,10年后你更希望,future-vision,forced-choice,4,否,4,achiever/relator/learner/adaptability,enneagram.type1 enneagram.type2 enneagram.type3 enneagram.type5 enneagram.type7 enneagram.type8 enneagram.type9 gallup.executing gallup.relationship_building gallup.strategic_thinking holland.A holland.E holland.I holland.S mbti.F mbti.P mbti.T,career-choice/life-transition
Q0606,我对未来常常感到迷茫,future-vision,likert-4,3,是,4,focus/strategic,enneagram.type3 enneagram.type4 enneagram.type8 enneagram.type9 gallup.executing mbti.F mbti.P mbti.T,self-exploration/life-transition
Q0607,退休/财务自由后你,future-vision,forced-choice,4,否,4,achiever/relator/adaptability/learner,enneagram.type2 enneagram.type3 enneagram.type5 enneagram.type7 enneagram.type9 gallup.executing gallup.relationship_building gallup.strategic_thinking holland.A holland.E holland.I holland.S mbti.F mbti.N mbti.P,life-transition/mid-career
Q0608,比起安定我更想要可能性,future-vision,likert-4,3,是,4,adaptability/futuristic/discipline,enneagram.type3 enneagram.type6 enneagram.type7 enneagram.type9 gallup.executing gallup.relationship_building mbti.J mbti.N mbti.P mbti.S,life-transition/career-choice
Q0609,更希望的人生是,future-vision,forced-choice,4,否,4,harmony/achiever/relator/adaptability,enneagram.type2 enneagram.type3 enneagram.type6 enneagram.type7 enneagram.type8 enneagram.type9 gallup.executing gallup.relationship_building holland.A holland.E holland.S mbti.F mbti.J mbti.P mbti.S,life-transition/mid-career
Q0610,我经常想象自己功成名就,future-vision,likert-4,2,否,4,significance/harmony,enneagram.type3 enneagram.type5 enneagram.type8 enneagram.type9 gallup.influencing gallup.relationship_building mbti.F mbti.T,self-exploration/life-transition
Q0611,你希望晚年回顾时,future-vision,forced-choice,4,否,4,achiever/relator/harmony/adaptability,enneagram.type1 enneagram.type2 enneagram.type3 enneagram.type5 enneagram.type7 enneagram.type9 gallup.executing gallup.relationship_building holland.A holland.E holland.S mbti.F mbti.I mbti.P mbti.S mbti.T,life-transition/mid-career
Q0612,比起自己我更想推动他人成功,future-vision,likert-4,3,是,4,developer/significance/intellection,enneagram.type2 enneagram.type3 enneagram.type4 enneagram.type5 gallup.relationship_building gallup.strategic_thinking mbti.F mbti.T,leadership-growth/self-exploration
Q0613,更让你激动的未来是,future-vision,forced-choice,4,否,4,ideation/relator/significance/harmony,enneagram.type2 enneagram.type4 enneagram.type5 enneagram.type9 gallup.influencing gallup.relationship_building gallup.strategic_thinking holland.A holland.I holland.S mbti.E mbti.F mbti.I mbti.N mbti.S mbti.T,life-transition/self-exploration
Q0614,我对未来常常缺乏想象,future-vision,likert-4,3,是,4,futuristic/harmony,enneagram.type3 enneagram.type5 enneagram.type7 enneagram.type9 gallup.strategic_thinking mbti.N mbti.P mbti.S,self-exploration/life-transition
Q0615,面对必须立刻做的取舍,conflict-choice,forced-choice,4,否,4,analytical/ideation/harmony/deliberative,enneagram.type4 enneagram.type5 enneagram.type6 enneagram.type9 gallup.executing gallup.relationship_building gallup.strategic_thinking holland.A holland.C mbti.F mbti.N mbti.T,career-choice/life-transition
Q0616,比起对抗我更愿协商,conflict-choice,likert-4,3,是,4,harmony/command,enneagram.type2 enneagram.type3 enneagram.type8 enneagram.type9 gallup.influencing gallup.relationship_building mbti.F mbti.T,self-exploration/leadership-growth
Q0617,群体讨论你更倾向,conflict-choice,forced-choice,3,否,4,command/harmony/relator/compliance,enneagram.type2 enneagram.type4 enneagram.type6 enneagram.type8 enneagram.type9 gallup.executing gallup.influencing gallup.relationship_building holland.E holland.S mbti.E mbti.F mbti.J mbti.T,mid-career/leadership-growth
Q0618,我常因不愿伤人而勉强答应,conflict-choice,likert-4,3,是,4,harmony/command,enneagram.type2 enneagram.type8 enneagram.type9 gallup.influencing gallup.relationship_building mbti.F mbti.T,relationship-conflict/mid-career
Q0619,与价值观差异大的人共事,conflict-choice,forced-choice,3,否,4,empathy/command/individualization/analytical,enneagram.type1 enneagram.type2 enneagram.type4 enneagram.type5 enneagram.type8 gallup.influencing gallup.relationship_building gallup.strategic_thinking holland.C holland.S mbti.F mbti.I mbti.T,mid-career/leadership-growth
Q0620,我经常先让步来避免冲突,conflict-choice,likert-4,3,是,4,harmony/command,enneagram.type2 enneagram.type3 enneagram.type8 enneagram.type9 gallup.influencing gallup.relationship_building mbti.F mbti.I mbti.T,self-exploration/relationship-conflict
Q0621,面对不公你,conflict-choice,forced-choice,3,否,4,command/harmony/developer/adaptability,enneagram.type1 enneagram.type2 enneagram.type5 enneagram.type6 enneagram.type8 enneagram.type9 gallup.influencing gallup.relationship_building holland.E holland.S mbti.F mbti.I mbti.T,relationship-conflict/leadership-growth
Q0622,被人误解时我会很难过,conflict-choice,likert-4,3,是,4,empathy/self_assurance/self_assurance,enneagram.type2 enneagram.type4 enneagram.type5 enneagram.type8 gallup.influencing gallup.relationship_building mbti.F mbti.T,self-exploration/relationship-conflict
Q0623,你更倾向哪种谈判方式,conflict-choice,forced-choice,3,否,4,command/relator/analytical/adaptability,enneagram.type2 enneagram.type3 enneagram.type5 enneagram.type8 enneagram.type9 gallup.influencing gallup.relationship_building gallup.strategic_thinking holland.C holland.E holland.S mbti.F mbti.P mbti.T,mid-career/leadership-growth
Q0624,比起赢我更想避免对抗,conflict-choice,likert-4,3,是,4,harmony/command,enneagram.type2 enneagram.type3 enneagram.type8 enneagram.type9 gallup.influencing gallup.relationship_building mbti.F mbti.T,self-exploration/leadership-growth
Q0625,我常因照顾别人而忽略自己,interpersonal-relationship,likert-4,3,是,4,developer/relator/self_assurance,enneagram.type2 enneagram.type3 enneagram.type8 gallup.influencing gallup.relationship_building mbti.F mbti.T,self-exploration/mid-career
Q0626,和长辈相处你,interpersonal-relationship,forced-choice,3,否,4,relator/adaptability/intellection,enneagram.type2 enneagram.type4 enneagram.type5 enneagram.type7 enneagram.type9 gallup.relationship_building gallup.strategic_thinking mbti.E mbti.F mbti.I,life-transition/parenting-teen
Q0627,比起帮人我更愿被需要,interpersonal-relationship,likert-4,3,是,4,significance/developer,enneagram.type2 enneagram.type3 enneagram.type8 gallup.influencing gallup.relationship_building mbti.F,self-exploration/leadership-growth
Q0628,聚会散场时你,interpersonal-relationship,forced-choice,2,否,4,positivity/developer/intellection/arranger,enneagram.type1 enneagram.type2 enneagram.type4 enneagram.type5 enneagram.type7 gallup.executing gallup.relationship_building gallup.strategic_thinking holland.C holland.E holland.S mbti.E mbti.F mbti.I mbti.J mbti.T,self-exploration/fresh-grad
Q0629,我经常主动缓和紧张气氛,interpersonal-relationship,likert-4,3,否,4,harmony/command,enneagram.type2 enneagram.type8 enneagram.type9 gallup.influencing gallup.relationship_building mbti.F mbti.T,leadership-growth/mid-career
Q0630,面对不熟的人你,interpersonal-relationship,forced-choice,3,否,4,context/woo/relator/intellection,enneagram.type2 enneagram.type3 enneagram.type5 enneagram.type6 enneagram.type7 enneagram.type9 gallup.influencing gallup.relationship_building gallup.strategic_thinking holland.S mbti.E mbti.F mbti.I mbti.T,fresh-grad/career-transition
Q0631,朋友之间我更倾向做,interpersonal-relationship,forced-choice,3,否,4,harmony/empathy/positivity/analytical,enneagram.type2 enneagram.type5 enneagram.type7 enneagram.type9 gallup.relationship_building gallup.strategic_thinking mbti.E mbti.F mbti.T,self-exploration/life-transition
Q0632,被调侃时你,interpersonal-relationship,forced-choice,2,否,4,command/positivity/individualization/adaptability,enneagram.type3 enneagram.type4 enneagram.type5 enneagram.type6 enneagram.type7 enneagram.type8 enneagram.type9 gallup.influencing gallup.relationship_building mbti.E mbti.F mbti.I mbti.T,self-exploration/life-transition
Q0633,我经常觉得朋友不够了解我,interpersonal-relationship,likert-4,3,是,4,individualization/relator,enneagram.type2 enneagram.type4 enneagram.type9 gallup.relationship_building mbti.F mbti.I,self-exploration/relationship-conflict
Q0634,认识多年老朋友你,interpersonal-relationship,forced-choice,3,否,4,relator/harmony/adaptability,enneagram.type2 enneagram.type4 enneagram.type5 enneagram.type9 gallup.relationship_building holland.S mbti.E mbti.F mbti.I mbti.P,life-transition/self-exploration
Q0635,我经常因为太多选项而无法决定,decision-making,likert-4,3,是,4,deliberative/command,enneagram.type3 enneagram.type6 enneagram.type8 gallup.executing gallup.influencing mbti.F mbti.P mbti.T,career-choice/life-transition
Q0636,面对信息爆炸你,decision-making,forced-choice,3,否,4,analytical/adaptability/developer/harmony,enneagram.type1 enneagram.type2 enneagram.type5 enneagram.type6 enneagram.type7 enneagram.type9 gallup.relationship_building gallup.strategic_thinking holland.I holland.S mbti.F mbti.P mbti.T,mid-career/career-transition
Q0637,我倾向马上定下来再调整,decision-making,likert-4,3,是,4,activator/discipline,enneagram.type1 enneagram.type3 enneagram.type5 enneagram.type7 gallup.executing gallup.influencing mbti.J mbti.P,entrepreneur-stage/career-choice
Q0638,面对机会窗口期,decision-making,forced-choice,4,否,4,activator/deliberative/relator,enneagram.type1 enneagram.type3 enneagram.type5 enneagram.type6 enneagram.type7 enneagram.type9 gallup.executing gallup.influencing gallup.relationship_building holland.C holland.E holland.S mbti.F mbti.J mbti.P mbti.T,career-choice/entrepreneur-stage/study-abroad
Q0639,我经常把决定权交给别人,decision-making,likert-4,3,是,4,compliance/command,enneagram.type3 enneagram.type6 enneagram.type8 enneagram.type9 gallup.executing gallup.influencing mbti.F mbti.J mbti.T,self-exploration/mid-career
Q0640,你更倾向哪种决定路径,decision-making,forced-choice,4,否,4,analytical/belief/responsibility/ideation,enneagram.type1 enneagram.type2 enneagram.type4 enneagram.type5 enneagram.type6 enneagram.type7 gallup.executing gallup.strategic_thinking holland.A holland.C holland.S mbti.F mbti.J mbti.N mbti.S mbti.T,career-choice/leadership-growth
Q0641,我会因他人反对而改变决定,decision-making,likert-4,3,是,4,harmony/self_assurance/self_assurance,enneagram.type2 enneagram.type3 enneagram.type8 enneagram.type9 gallup.influencing gallup.relationship_building mbti.F mbti.T,self-exploration/leadership-growth
Q0642,重要决定你倾向,decision-making,forced-choice,4,否,4,deliberative/adaptability/learner/ideation,enneagram.type1 enneagram.type3 enneagram.type4 enneagram.type5 enneagram.type6 enneagram.type7 gallup.executing gallup.relationship_building gallup.strategic_thinking holland.A holland.C holland.E holland.I mbti.J mbti.N mbti.P mbti.T,career-choice/entrepreneur-stage
Q0643,面对不可逆损失时,decision-making,likert-4,3,是,4,deliberative/self_assurance/self_assurance,enneagram.type3 enneagram.type6 enneagram.type8 gallup.executing gallup.influencing mbti.F mbti.J mbti.T,career-choice/life-transition
Q0644,面对需要长期投入的事,decision-making,forced-choice,3,否,4,discipline/maximizer/adaptability/harmony,enneagram.type1 enneagram.type3 enneagram.type4 enneagram.type5 enneagram.type6 enneagram.type7 enneagram.type9 gallup.executing gallup.influencing gallup.relationship_building holland.E holland.R mbti.J mbti.P mbti.S mbti.T,career-choice/entrepreneur-stage
Q0645,压力下我会更想控制一切,stress-response,likert-4,3,是,4,discipline/adaptability,enneagram.type1 enneagram.type7 enneagram.type8 enneagram.type9 gallup.executing gallup.relationship_building mbti.J mbti.P mbti.T,mid-career/academic-stress
Q0646,面对突发事件你,stress-response,forced-choice,3,否,4,activator/analytical/discipline/relator,enneagram.type1 enneagram.type2 enneagram.type3 enneagram.type5 enneagram.type6 enneagram.type8 enneagram.type9 gallup.executing gallup.influencing gallup.relationship_building gallup.strategic_thinking holland.I holland.R holland.S mbti.E mbti.F mbti.J mbti.P mbti.T,leadership-growth/mid-career
Q0647,我常常因为小事影响一天,stress-response,likert-4,3,是,4,harmony/self_assurance/self_assurance,enneagram.type3 enneagram.type4 enneagram.type6 enneagram.type8 gallup.influencing mbti.F mbti.J mbti.T,self-exploration/mid-career
Q0648,面对失败你,stress-response,forced-choice,3,否,4,analytical/achiever/empathy/adaptability,enneagram.type1 enneagram.type3 enneagram.type4 enneagram.type5 enneagram.type6 enneagram.type8 enneagram.type9 gallup.executing gallup.relationship_building gallup.strategic_thinking holland.E holland.I mbti.F mbti.P mbti.T,entrepreneur-stage/career-transition
Q0649,我会因小事与人争执,stress-response,likert-4,3,是,4,command/harmony,enneagram.type1 enneagram.type2 enneagram.type8 enneagram.type9 gallup.influencing gallup.relationship_building mbti.E mbti.F mbti.I mbti.T,relationship-conflict/mid-career
Q0650,身体出现压力信号时你,stress-response,forced-choice,3,否,4,achiever/restorative/discipline/developer,enneagram.type1 enneagram.type2 enneagram.type3 enneagram.type6 enneagram.type8 enneagram.type9 gallup.executing gallup.relationship_building holland.C holland.S mbti.F mbti.J mbti.T,mid-career/parenting-teen
Q0651,我容易因为小事紧张,stress-response,likert-4,3,是,4,harmony/restorative,enneagram.type4 enneagram.type6 enneagram.type8 enneagram.type9 gallup.relationship_building mbti.F mbti.J mbti.P mbti.T,self-exploration/academic-stress
Q0652,压力时你更愿,stress-response,forced-choice,3,否,4,intellection/restorative/relator/achiever,enneagram.type1 enneagram.type2 enneagram.type3 enneagram.type4 enneagram.type5 enneagram.type9 gallup.executing gallup.relationship_building gallup.strategic_thinking holland.E holland.S mbti.E mbti.F mbti.I mbti.S mbti.T,mid-career/academic-stress
Q0653,我经常因压力暴饮暴食,stress-response,likert-4,2,是,4,restorative/discipline,enneagram.type1 enneagram.type3 enneagram.type7 enneagram.type9 gallup.executing mbti.F mbti.J mbti.S mbti.T,mid-career/self-exploration
Q0654,连续高压的尾声你,stress-response,forced-choice,3,否,4,restorative/adaptability/activator/discipline,enneagram.type1 enneagram.type3 enneagram.type4 enneagram.type5 enneagram.type8 enneagram.type9 gallup.executing gallup.influencing gallup.relationship_building holland.C holland.E mbti.F mbti.I mbti.J mbti.S mbti.T,mid-career/academic-stress/parenting-teen
Q0655,工作让我最看重的是,motivation-value,forced-choice,3,否,4,achiever/learner/relator/discipline,enneagram.type1 enneagram.type2 enneagram.type3 enneagram.type5 enneagram.type6 enneagram.type8 enneagram.type9 gallup.executing gallup.relationship_building gallup.strategic_thinking holland.C holland.E holland.I holland.S mbti.F mbti.J mbti.N mbti.S mbti.T,career-choice/mid-career
Q0656,比起钱，我更想做事有影响力,motivation-value,likert-4,3,是,4,significance/harmony,enneagram.type3 enneagram.type5 enneagram.type8 enneagram.type9 gallup.influencing gallup.relationship_building mbti.F mbti.I mbti.S mbti.T,career-choice/leadership-growth
Q0657,你更想做哪种事,motivation-value,forced-choice,4,否,4,significance/developer/learner,enneagram.type1 enneagram.type2 enneagram.type3 enneagram.type4 enneagram.type5 enneagram.type8 gallup.influencing gallup.relationship_building gallup.strategic_thinking holland.A holland.E holland.I holland.S mbti.F mbti.N mbti.T,career-choice/leadership-growth
Q0658,比起安稳我更想体验不同,motivation-value,likert-4,3,是,4,adaptability/discipline,enneagram.type3 enneagram.type6 enneagram.type7 enneagram.type9 gallup.executing gallup.relationship_building mbti.J mbti.N mbti.P mbti.S,career-choice/life-transition
Q0659,理想关系里你更想要,motivation-value,forced-choice,4,否,4,individualization/relator/learner/adaptability,enneagram.type1 enneagram.type2 enneagram.type3 enneagram.type4 enneagram.type5 enneagram.type6 enneagram.type7 gallup.relationship_building gallup.strategic_thinking holland.A holland.I holland.S mbti.E mbti.F mbti.I mbti.N,relationship-conflict/life-transition
Q0660,比起成功我更想要意义,motivation-value,likert-4,3,是,4,belief/achiever,enneagram.type1 enneagram.type2 enneagram.type3 enneagram.type8 gallup.executing mbti.F mbti.T,self-exploration/career-choice
Q0661,更愿成为,motivation-value,forced-choice,4,否,4,command/relator/responsibility/ideation,enneagram.type1 enneagram.type2 enneagram.type3 enneagram.type5 enneagram.type6 enneagram.type8 gallup.executing gallup.influencing gallup.relationship_building gallup.strategic_thinking holland.C holland.E holland.I holland.S mbti.F mbti.J mbti.N mbti.T,self-exploration/career-choice
Q0662,比起钱，我更想做事有自由,motivation-value,likert-4,3,是,4,adaptability/discipline,enneagram.type1 enneagram.type5 enneagram.type6 enneagram.type7 gallup.executing gallup.relationship_building mbti.J mbti.P mbti.S,career-choice/life-transition
Q0663,人生的价值排序你倾向,motivation-value,forced-choice,4,否,4,achiever/relator/restorative/adaptability,enneagram.type1 enneagram.type2 enneagram.type3 enneagram.type5 enneagram.type7 enneagram.type8 enneagram.type9 gallup.executing gallup.relationship_building holland.A holland.C holland.E holland.S mbti.F mbti.P mbti.S mbti.T,self-exploration/life-transition/mid-career
Q0664,比起被需要，我更想要自由,motivation-value,likert-4,3,是,4,adaptability/relator,enneagram.type2 enneagram.type3 enneagram.type5 enneagram.type7 gallup.relationship_building mbti.F mbti.P,self-exploration/career-choice
Q0665,学新东西你更倾向,learning-cognition,forced-choice,3,否,4,developer/intellection/input/activator,enneagram.type1 enneagram.type2 enneagram.type3 enneagram.type4 enneagram.type5 enneagram.type6 enneagram.type7 gallup.influencing gallup.relationship_building gallup.strategic_thinking holland.A holland.I holland.R holland.S mbti.F mbti.I mbti.N mbti.P,fresh-grad/career-transition
Q0666,我经常因焦虑学不进去,learning-cognition,likert-4,3,是,4,restorative/self_assurance/self_assurance,enneagram.type3 enneagram.type4 enneagram.type6 enneagram.type8 gallup.influencing mbti.F mbti.J mbti.P mbti.T,academic-stress/self-exploration
Q0667,面对难点你,learning-cognition,forced-choice,3,否,4,discipline/input/developer/adaptability,enneagram.type1 enneagram.type2 enneagram.type5 enneagram.type6 enneagram.type7 gallup.executing gallup.relationship_building gallup.strategic_thinking holland.C holland.I holland.R mbti.F mbti.J mbti.P mbti.T,academic-stress/graduate-school
Q0668,比起理论我更喜欢案例,learning-cognition,likert-4,3,是,4,activator/intellection,enneagram.type3 enneagram.type5 enneagram.type7 gallup.influencing gallup.strategic_thinking mbti.N mbti.P mbti.S mbti.T,study-direction/career-choice
Q0669,你更想成为哪种学习者,learning-cognition,forced-choice,3,否,4,learner/developer/ideation/activator,enneagram.type1 enneagram.type2 enneagram.type3 enneagram.type5 enneagram.type7 gallup.influencing gallup.relationship_building gallup.strategic_thinking holland.A holland.I holland.R holland.S mbti.E mbti.F mbti.J mbti.N mbti.P mbti.T,self-exploration/career-choice
Q0670,我学东西经常卡在同一处,learning-cognition,likert-4,3,是,4,deliberative/adaptability,enneagram.type1 enneagram.type6 enneagram.type7 gallup.executing gallup.relationship_building mbti.J mbti.P mbti.T,academic-stress/career-transition
Q0671,上完课你倾向,learning-cognition,forced-choice,3,否,4,activator/intellection/discipline/developer,enneagram.type1 enneagram.type2 enneagram.type3 enneagram.type4 enneagram.type5 enneagram.type7 gallup.executing gallup.influencing gallup.relationship_building gallup.strategic_thinking holland.C holland.R holland.S mbti.E mbti.F mbti.I mbti.J mbti.N mbti.P mbti.S,career-transition/graduate-school
Q0672,比起看书我更喜欢听课,learning-cognition,likert-4,3,是,4,developer/intellection,enneagram.type2 enneagram.type4 enneagram.type5 gallup.relationship_building gallup.strategic_thinking mbti.E mbti.F mbti.I,career-transition/study-direction
Q0673,对新领域你,learning-cognition,forced-choice,3,否,4,strategic/activator/developer/harmony,enneagram.type2 enneagram.type3 enneagram.type5 enneagram.type6 enneagram.type7 enneagram.type9 gallup.influencing gallup.relationship_building gallup.strategic_thinking holland.I holland.R mbti.F mbti.N mbti.P mbti.T,career-transition/fresh-grad
Q0674,我经常因为怕学不会而不敢开始,learning-cognition,likert-4,3,是,4,deliberative/activator,enneagram.type3 enneagram.type6 enneagram.type7 enneagram.type9 gallup.influencing mbti.F mbti.J mbti.P,self-exploration/career-transition
Q0675,面对不想做的任务,work-career,forced-choice,3,否,4,discipline/adaptability/analytical/command,enneagram.type1 enneagram.type3 enneagram.type5 enneagram.type7 enneagram.type8 enneagram.type9 gallup.executing gallup.influencing gallup.relationship_building gallup.strategic_thinking holland.C mbti.J mbti.P mbti.T,mid-career/fresh-grad
Q0676,比起挣更多我更想有意义,work-career,likert-4,3,是,4,belief/maximizer,enneagram.type1 enneagram.type2 enneagram.type3 gallup.executing gallup.influencing mbti.F mbti.S mbti.T,career-choice/mid-career
Q0677,开会时你更愿,work-career,forced-choice,3,否,4,command/analytical/discipline/intellection,enneagram.type1 enneagram.type3 enneagram.type5 enneagram.type6 enneagram.type8 enneagram.type9 gallup.executing gallup.influencing gallup.strategic_thinking holland.C holland.E mbti.E mbti.I mbti.J mbti.S mbti.T,leadership-growth/mid-career
Q0678,你更想做哪种老板/上级,work-career,forced-choice,3,否,4,developer/command/delegator,enneagram.type1 enneagram.type2 enneagram.type5 enneagram.type7 enneagram.type8 gallup.executing gallup.influencing gallup.relationship_building holland.A holland.S mbti.E mbti.F mbti.J mbti.P mbti.T,leadership-growth
Q0679,比起升职我更想要自由,work-career,likert-4,3,是,4,adaptability/achiever,enneagram.type1 enneagram.type3 enneagram.type5 enneagram.type7 gallup.executing gallup.relationship_building mbti.J mbti.P mbti.S mbti.T,career-choice/mid-career
Q0680,工作和生活平衡你倾向,work-career,forced-choice,3,否,4,discipline/adaptability/harmony/achiever,enneagram.type1 enneagram.type3 enneagram.type7 enneagram.type9 gallup.executing gallup.relationship_building holland.A holland.C holland.E mbti.J mbti.P mbti.T,mid-career/leadership-growth
Q0681,我经常觉得自己怀才不遇,work-career,likert-4,3,是,4,significance/harmony,enneagram.type3 enneagram.type4 enneagram.type9 gallup.influencing gallup.relationship_building mbti.F mbti.S mbti.T,mid-career/self-exploration
Q0682,面对变化你,work-career,forced-choice,3,否,4,adaptability/maximizer/analytical/harmony,enneagram.type3 enneagram.type5 enneagram.type6 enneagram.type7 enneagram.type9 gallup.influencing gallup.relationship_building gallup.strategic_thinking holland.A holland.E holland.I mbti.P mbti.S mbti.T,career-transition/mid-career
Q0683,我经常因看不惯而主动提意见,work-career,likert-4,3,是,4,command/harmony,enneagram.type1 enneagram.type2 enneagram.type8 enneagram.type9 gallup.influencing gallup.relationship_building mbti.E mbti.F mbti.T,mid-career/leadership-growth
Q0684,工作中你更在意,work-career,forced-choice,3,否,4,achiever/relator/learner/maximizer,enneagram.type1 enneagram.type2 enneagram.type3 enneagram.type5 enneagram.type9 gallup.executing gallup.influencing gallup.relationship_building gallup.strategic_thinking holland.C holland.E holland.I holland.S mbti.F mbti.N mbti.S mbti.T,career-choice/mid-career
Q0685,我经常在意外界怎么看我,emotion-self,likert-4,3,是,4,significance/self_assurance/self_assurance,enneagram.type2 enneagram.type3 enneagram.type5 enneagram.type8 gallup.influencing mbti.F mbti.T,self-exploration/leadership-growth
Q0686,空闲时你更愿,emotion-self,forced-choice,2,否,4,woo/intellection/achiever/harmony,enneagram.type1 enneagram.type2 enneagram.type3 enneagram.type4 enneagram.type5 enneagram.type7 enneagram.type9 gallup.executing gallup.influencing gallup.relationship_building gallup.strategic_thinking holland.E holland.I holland.S mbti.E mbti.I mbti.J mbti.P,self-exploration/life-transition
Q0687,比起想太多我更想要行动,emotion-self,likert-4,3,是,4,activator/intellection,enneagram.type3 enneagram.type4 enneagram.type5 enneagram.type7 gallup.influencing gallup.strategic_thinking mbti.N mbti.P mbti.S,self-exploration/career-transition
Q0688,独处时你更可能,emotion-self,forced-choice,2,否,4,learner/adaptability/activator/discipline,enneagram.type1 enneagram.type5 enneagram.type6 enneagram.type7 enneagram.type9 gallup.executing gallup.influencing gallup.relationship_building gallup.strategic_thinking holland.C holland.I holland.R mbti.J mbti.N mbti.P,life-transition/self-exploration
Q0689,比起安静，我更想要热闹,emotion-self,likert-4,2,是,4,positivity/intellection,enneagram.type4 enneagram.type5 enneagram.type7 gallup.relationship_building gallup.strategic_thinking mbti.E mbti.I mbti.P,self-exploration/life-transition
Q0690,内心冲突时你,emotion-self,forced-choice,3,否,4,command/analytical/harmony/relator,enneagram.type2 enneagram.type3 enneagram.type5 enneagram.type6 enneagram.type8 enneagram.type9 gallup.influencing gallup.relationship_building gallup.strategic_thinking holland.I holland.S mbti.F mbti.J mbti.P mbti.T,self-exploration/career-choice
Q0691,我常常觉得自己的情绪很难被理解,emotion-self,likert-4,3,是,4,individualization/relator,enneagram.type4 enneagram.type9 gallup.relationship_building mbti.F mbti.I,self-exploration/relationship-conflict
Q0692,你更常用哪种自我调节,emotion-self,forced-choice,3,否,4,activator/relator/intellection/restorative,enneagram.type2 enneagram.type3 enneagram.type4 enneagram.type5 enneagram.type8 enneagram.type9 gallup.executing gallup.influencing gallup.relationship_building gallup.strategic_thinking holland.A holland.R holland.S mbti.E mbti.F mbti.I mbti.P mbti.S,self-exploration/life-transition
Q0693,比起独处我更需要陪伴,emotion-self,likert-4,3,是,4,relator/intellection,enneagram.type2 enneagram.type4 enneagram.type5 enneagram.type6 gallup.relationship_building gallup.strategic_thinking mbti.E mbti.F mbti.I,self-exploration/life-transition
Q0694,情绪低落时你更愿,emotion-self,forced-choice,3,否,4,relator/intellection/achiever/harmony,enneagram.type1 enneagram.type2 enneagram.type3 enneagram.type4 enneagram.type5 enneagram.type7 enneagram.type9 gallup.executing gallup.relationship_building gallup.strategic_thinking holland.E holland.S mbti.E mbti.F mbti.I mbti.P mbti.T,self-exploration/life-transition
Q0695,做事方式你更倾向,action-habit,forced-choice,3,否,4,discipline/ideation/analytical/harmony,enneagram.type1 enneagram.type3 enneagram.type4 enneagram.type5 enneagram.type6 enneagram.type7 enneagram.type9 gallup.executing gallup.relationship_building gallup.strategic_thinking holland.A holland.C holland.I mbti.J mbti.P mbti.T,fresh-grad/mid-career
Q0696,比起马上做我更喜欢想清楚,action-habit,likert-4,3,是,4,deliberative/activator,enneagram.type1 enneagram.type5 enneagram.type7 gallup.executing gallup.influencing mbti.J mbti.P mbti.T,mid-career/career-choice
Q0697,做事节奏你更偏,action-habit,forced-choice,3,否,4,achiever/discipline/adaptability/intellection,enneagram.type1 enneagram.type3 enneagram.type5 enneagram.type6 enneagram.type7 enneagram.type8 enneagram.type9 gallup.executing gallup.relationship_building gallup.strategic_thinking holland.A holland.C holland.E holland.I mbti.J mbti.P,fresh-grad/mid-career
Q0698,我做事常常虎头蛇尾,action-habit,likert-4,3,是,4,adaptability/discipline,enneagram.type1 enneagram.type3 enneagram.type7 enneagram.type9 gallup.executing gallup.relationship_building mbti.J mbti.P,mid-career/career-transition
Q0699,面对紧急任务你,action-habit,forced-choice,3,否,4,discipline/focus/achiever/deliberative,enneagram.type1 enneagram.type3 enneagram.type5 enneagram.type6 enneagram.type7 enneagram.type8 enneagram.type9 gallup.executing holland.C holland.E mbti.F mbti.J mbti.P mbti.T,leadership-growth/mid-career
Q0700,比起开始我更擅长收尾,action-habit,likert-4,3,是,4,responsibility/adaptability,enneagram.type1 enneagram.type7 gallup.executing gallup.relationship_building mbti.J mbti.P mbti.S,mid-career/career-choice
Q0701,做事过程被打断你,action-habit,forced-choice,3,否,4,focus/adaptability/context/harmony,enneagram.type1 enneagram.type5 enneagram.type7 enneagram.type8 enneagram.type9 gallup.executing gallup.relationship_building gallup.strategic_thinking holland.C mbti.J mbti.P mbti.T,mid-career/fresh-grad
Q0702,比起已知的我更想做新的,action-habit,likert-4,3,是,4,adaptability/discipline,enneagram.type1 enneagram.type3 enneagram.type6 enneagram.type7 gallup.executing gallup.relationship_building mbti.J mbti.N mbti.P mbti.S,career-choice/life-transition
Q0703,做事时你更愿,action-habit,forced-choice,3,否,4,achiever/relator/adaptability/context,enneagram.type2 enneagram.type3 enneagram.type5 enneagram.type9 gallup.executing gallup.relationship_building gallup.strategic_thinking holland.C holland.S mbti.E mbti.F mbti.I mbti.P mbti.T,fresh-grad/mid-career
Q0704,比起效率我更看重体验,action-habit,likert-4,3,是,4,adaptability/discipline,enneagram.type1 enneagram.type3 enneagram.type4 enneagram.type7 gallup.executing gallup.relationship_building mbti.F mbti.J mbti.P mbti.T,life-transition/self-exploration
Q0705,你更想要的人生是,future-vision,forced-choice,4,否,4,harmony/achiever/adaptability/discipline,enneagram.type1 enneagram.type3 enneagram.type5 enneagram.type6 enneagram.type7 enneagram.type8 enneagram.type9 gallup.executing gallup.relationship_building holland.A holland.C holland.E mbti.J mbti.P mbti.S,life-transition/career-choice
Q0706,我常常因为想得太远而焦虑,future-vision,likert-4,3,是,4,deliberative/adaptability,enneagram.type4 enneagram.type6 enneagram.type7 enneagram.type9 gallup.relationship_building mbti.F mbti.J mbti.P,self-exploration/life-transition
Q0707,更向往的人生阶段是,future-vision,forced-choice,4,否,4,achiever/harmony/discipline/adaptability,enneagram.type1 enneagram.type3 enneagram.type6 enneagram.type7 enneagram.type9 gallup.executing gallup.relationship_building holland.A holland.C holland.E mbti.J mbti.P,self-exploration/life-transition
Q0708,比起稳妥我更想要突破,future-vision,likert-4,3,是,4,achiever/discipline,enneagram.type3 enneagram.type6 enneagram.type7 enneagram.type9 gallup.executing mbti.J mbti.P mbti.S,career-choice/mid-career
Q0709,你更希望的人生底色是,future-vision,forced-choice,4,否,4,individualization/relator/significance/learner,enneagram.type1 enneagram.type2 enneagram.type3 enneagram.type4 enneagram.type5 enneagram.type8 enneagram.type9 gallup.influencing gallup.relationship_building gallup.strategic_thinking holland.E holland.I holland.S mbti.E mbti.F mbti.I mbti.N,life-transition/self-exploration
Q0710,比起此刻我更期待未来,future-vision,likert-4,3,是,4,futuristic/harmony,enneagram.type3 enneagram.type4 enneagram.type7 enneagram.type9 gallup.relationship_building gallup.strategic_thinking mbti.F mbti.N mbti.P mbti.S,self-exploration/life-transition
Q0711,理想的下半生你,future-vision,forced-choice,4,否,4,achiever/relator/adaptability/developer,enneagram.type2 enneagram.type3 enneagram.type5 enneagram.type7 enneagram.type8 enneagram.type9 gallup.executing gallup.relationship_building holland.A holland.E holland.S mbti.F mbti.P mbti.T,life-transition/mid-career
Q0712,比起自己我更想为别人留下什么,future-vision,likert-4,3,是,4,developer/belief/intellection,enneagram.type1 enneagram.type2 enneagram.type4 enneagram.type5 gallup.relationship_building gallup.strategic_thinking mbti.F mbti.I mbti.T,self-exploration/life-transition
Q0713,更让你满足的未来是,future-vision,forced-choice,4,否,4,significance/harmony/relator/learner,enneagram.type1 enneagram.type2 enneagram.type3 enneagram.type4 enneagram.type5 enneagram.type7 enneagram.type8 enneagram.type9 gallup.influencing gallup.relationship_building gallup.strategic_thinking holland.A holland.C holland.S mbti.E mbti.F mbti.N mbti.S mbti.T,life-transition/self-exploration
Q0714,比起长久我更在意此刻,future-vision,likert-4,3,是,4,adaptability/discipline,enneagram.type1 enneagram.type3 enneagram.type4 enneagram.type7 gallup.executing gallup.relationship_building mbti.J mbti.P mbti.S,self-exploration/life-transition
Q0715,面对利益冲突你,conflict-choice,forced-choice,3,否,4,command/harmony/maximizer/context,enneagram.type2 enneagram.type3 enneagram.type5 enneagram.type8 enneagram.type9 gallup.influencing gallup.relationship_building gallup.strategic_thinking holland.C holland.E mbti.F mbti.T,mid-career/leadership-growth
Q0716,比起赢我更想维持关系,conflict-choice,likert-4,3,是,4,harmony/command,enneagram.type2 enneagram.type3 enneagram.type8 enneagram.type9 gallup.influencing gallup.relationship_building mbti.F mbti.T,self-exploration/relationship-conflict
Q0717,你倾向回避冲突吗,conflict-choice,forced-choice,3,否,4,harmony/command/context/deliberative,enneagram.type2 enneagram.type3 enneagram.type5 enneagram.type6 enneagram.type8 enneagram.type9 gallup.executing gallup.influencing gallup.relationship_building gallup.strategic_thinking holland.C mbti.F mbti.I mbti.T,self-exploration/relationship-conflict
Q0718,比起对抗我更愿妥协,conflict-choice,likert-4,3,是,4,harmony/command,enneagram.type2 enneagram.type3 enneagram.type8 enneagram.type9 gallup.influencing gallup.relationship_building mbti.F mbti.T,relationship-conflict/mid-career
Q0719,面对必须得罪一方的选择,conflict-choice,forced-choice,3,否,4,maximizer/harmony/deliberative/adaptability,enneagram.type2 enneagram.type3 enneagram.type6 enneagram.type8 enneagram.type9 gallup.executing gallup.influencing gallup.relationship_building holland.E holland.S mbti.F mbti.J mbti.P mbti.T,mid-career/leadership-growth
Q0720,比起坚持原则我更愿看关系,conflict-choice,likert-4,3,是,4,relator/responsibility,enneagram.type1 enneagram.type2 enneagram.type8 enneagram.type9 gallup.executing gallup.relationship_building mbti.F mbti.T,leadership-growth/mid-career
Q0721,面对不合理的规则你,conflict-choice,forced-choice,3,否,4,command/activator/context/compliance,enneagram.type1 enneagram.type3 enneagram.type5 enneagram.type6 enneagram.type8 enneagram.type9 gallup.executing gallup.influencing gallup.strategic_thinking holland.C holland.E mbti.J mbti.T,leadership-growth/mid-career
Q0722,比起维持表面和谐我更愿戳破,conflict-choice,likert-4,3,是,4,command/harmony,enneagram.type1 enneagram.type2 enneagram.type8 enneagram.type9 gallup.influencing gallup.relationship_building mbti.F mbti.T,leadership-growth/relationship-conflict
Q0723,面对他人道歉你,conflict-choice,forced-choice,3,否,4,harmony/responsibility/intellection/command,enneagram.type1 enneagram.type2 enneagram.type4 enneagram.type5 enneagram.type8 enneagram.type9 gallup.executing gallup.influencing gallup.relationship_building gallup.strategic_thinking mbti.F mbti.I mbti.J mbti.T,relationship-conflict/life-transition
Q0724,比起说赢我更愿说和,conflict-choice,likert-4,3,是,4,harmony/command,enneagram.type2 enneagram.type3 enneagram.type8 enneagram.type9 gallup.influencing gallup.relationship_building mbti.F mbti.T,self-exploration/relationship-conflict
Q0725,比起深度社交我更愿保持距离,interpersonal-relationship,likert-4,3,是,4,intellection/relator,enneagram.type2 enneagram.type4 enneagram.type5 gallup.relationship_building gallup.strategic_thinking mbti.E mbti.F mbti.I,self-exploration/relationship-conflict
Q0726,朋友求助你会,interpersonal-relationship,forced-choice,3,否,4,developer/analytical/deliberative/intellection,enneagram.type2 enneagram.type3 enneagram.type4 enneagram.type5 enneagram.type6 gallup.executing gallup.relationship_building gallup.strategic_thinking holland.C holland.S mbti.E mbti.F mbti.I mbti.J mbti.T,relationship-conflict/mid-career
Q0727,比起聚会社交我更喜欢小型聚会,interpersonal-relationship,likert-4,3,是,4,intellection/woo,enneagram.type3 enneagram.type4 enneagram.type5 enneagram.type7 gallup.influencing gallup.strategic_thinking mbti.E mbti.I,self-exploration/fresh-grad
Q0728,和朋友的相处模式你更倾向,interpersonal-relationship,forced-choice,3,否,4,relator/intellection/individualization/adaptability,enneagram.type2 enneagram.type4 enneagram.type5 enneagram.type7 enneagram.type9 gallup.relationship_building gallup.strategic_thinking mbti.E mbti.F mbti.I mbti.P mbti.T,life-transition/self-exploration
Q0729,比起主动联系，我更愿等对方来,interpersonal-relationship,likert-4,3,是,4,intellection/woo,enneagram.type2 enneagram.type5 enneagram.type7 enneagram.type9 gallup.influencing gallup.strategic_thinking mbti.E mbti.F mbti.I,self-exploration/life-transition
Q0730,面对群体中被忽略时，你,interpersonal-relationship,forced-choice,3,否,4,command/harmony/relator/adaptability,enneagram.type2 enneagram.type3 enneagram.type4 enneagram.type5 enneagram.type6 enneagram.type8 enneagram.type9 gallup.influencing gallup.relationship_building holland.S mbti.E mbti.F mbti.I mbti.T,self-exploration/mid-career
Q0731,比起回应我更愿倾听,interpersonal-relationship,likert-4,3,是,4,empathy/command,enneagram.type2 enneagram.type3 enneagram.type5 enneagram.type8 gallup.influencing gallup.relationship_building mbti.F mbti.T,self-exploration/leadership-growth
Q0732,你更愿做的角色是,interpersonal-relationship,forced-choice,3,否,4,positivity/relator/analytical/activator,enneagram.type2 enneagram.type3 enneagram.type5 enneagram.type7 gallup.influencing gallup.relationship_building gallup.strategic_thinking holland.I holland.R holland.S mbti.E mbti.F mbti.P mbti.T,self-exploration/leadership-growth
Q0733,比起表达感谢我更倾向默默记着,interpersonal-relationship,likert-4,3,是,4,intellection/communication,enneagram.type2 enneagram.type5 enneagram.type7 enneagram.type9 gallup.influencing gallup.strategic_thinking mbti.E mbti.F mbti.I,self-exploration/relationship-conflict
Q0734,聚会里和陌生人你会,interpersonal-relationship,forced-choice,3,否,4,woo/intellection/relator/adaptability,enneagram.type2 enneagram.type3 enneagram.type4 enneagram.type5 enneagram.type7 enneagram.type9 gallup.influencing gallup.relationship_building gallup.strategic_thinking holland.E holland.S mbti.E mbti.F mbti.I,fresh-grad/career-transition
Q0735,比起快速决定我更愿多想想,decision-making,likert-4,3,是,4,deliberative/activator,enneagram.type5 enneagram.type6 enneagram.type7 gallup.executing gallup.influencing mbti.J mbti.P mbti.T,career-choice/mid-career
Q0736,选错方向后你,decision-making,forced-choice,3,否,4,adaptability/discipline/empathy/context,enneagram.type1 enneagram.type3 enneagram.type4 enneagram.type5 enneagram.type6 enneagram.type7 enneagram.type8 gallup.executing gallup.relationship_building gallup.strategic_thinking holland.C holland.E holland.I mbti.F mbti.J mbti.P mbti.T,career-choice/entrepreneur-stage
Q0737,比起冒险我更愿稳妥,decision-making,likert-4,3,是,4,discipline/adaptability,enneagram.type3 enneagram.type6 enneagram.type7 enneagram.type9 gallup.executing gallup.relationship_building mbti.J mbti.P mbti.S,career-choice/life-transition
Q0738,你做选择的标准是,decision-making,forced-choice,3,否,4,belief/analytical/significance/adaptability,enneagram.type1 enneagram.type2 enneagram.type3 enneagram.type4 enneagram.type5 enneagram.type7 gallup.executing gallup.influencing gallup.relationship_building gallup.strategic_thinking holland.A holland.C mbti.F mbti.P mbti.T,career-choice/life-transition
Q0739,比起自己选我更愿听建议,decision-making,likert-4,3,是,4,compliance/command,enneagram.type3 enneagram.type6 enneagram.type8 enneagram.type9 gallup.executing gallup.influencing mbti.F mbti.J mbti.T,self-exploration/mid-career
Q0740,面对可逆和不可逆选择你,decision-making,forced-choice,4,否,4,activator/deliberative/adaptability,enneagram.type1 enneagram.type3 enneagram.type6 enneagram.type7 gallup.executing gallup.influencing gallup.relationship_building holland.C holland.R mbti.J mbti.P mbti.T,career-choice/life-transition
Q0741,比起权衡利弊我更愿凭感觉,decision-making,likert-4,3,是,4,ideation/analytical,enneagram.type4 enneagram.type5 enneagram.type7 gallup.strategic_thinking mbti.F mbti.N mbti.T,career-choice/life-transition
Q0742,面对两个都不错的选择,decision-making,forced-choice,3,否,4,adaptability/analytical/relator/harmony,enneagram.type2 enneagram.type5 enneagram.type6 enneagram.type7 enneagram.type9 gallup.relationship_building gallup.strategic_thinking holland.A holland.C holland.S mbti.F mbti.P mbti.T,career-choice/life-transition
Q0743,我经常为自己做的决定感到后悔,decision-making,likert-4,3,是,4,deliberative/self_assurance/self_assurance,enneagram.type3 enneagram.type4 enneagram.type6 enneagram.type8 gallup.influencing mbti.F mbti.T,self-exploration/mid-career
Q0744,做选择时你更看,decision-making,forced-choice,3,否,4,responsibility/ideation/relator/significance,enneagram.type1 enneagram.type2 enneagram.type3 enneagram.type4 enneagram.type6 enneagram.type7 enneagram.type9 gallup.executing gallup.influencing gallup.relationship_building gallup.strategic_thinking holland.A holland.C holland.S mbti.F mbti.J mbti.N mbti.P mbti.S,career-choice/study-direction/study-abroad
Q0745,比起倾诉我更愿自己扛,stress-response,likert-4,3,是,4,intellection/relator,enneagram.type2 enneagram.type3 enneagram.type5 gallup.relationship_building gallup.strategic_thinking mbti.E mbti.F mbti.I mbti.T,self-exploration/mid-career
Q0746,面对突发负面消息,stress-response,forced-choice,3,否,4,activator/relator/intellection/adaptability,enneagram.type2 enneagram.type3 enneagram.type4 enneagram.type5 enneagram.type6 enneagram.type8 enneagram.type9 gallup.influencing gallup.relationship_building gallup.strategic_thinking holland.R holland.S mbti.F mbti.I mbti.P,life-transition/mid-career
Q0747,我经常因为别人的情绪影响自己,stress-response,likert-4,3,是,4,empathy/analytical,enneagram.type2 enneagram.type4 enneagram.type5 enneagram.type8 gallup.relationship_building gallup.strategic_thinking mbti.F mbti.T,self-exploration/relationship-conflict
Q0748,面对压力你倾向,stress-response,forced-choice,3,否,4,adaptability/restorative/discipline/harmony,enneagram.type1 enneagram.type3 enneagram.type4 enneagram.type5 enneagram.type6 enneagram.type7 enneagram.type9 gallup.executing gallup.relationship_building holland.A holland.C mbti.F mbti.J mbti.P,mid-career/self-exploration
Q0749,比起发泄我更愿憋在心里,stress-response,likert-4,3,是,4,intellection/communication,enneagram.type2 enneagram.type4 enneagram.type5 enneagram.type9 gallup.influencing gallup.strategic_thinking mbti.E mbti.F mbti.I,self-exploration/relationship-conflict
Q0750,压力下你的睡眠,stress-response,forced-choice,3,否,4,restorative/self_assurance/self_assurance/context,enneagram.type3 enneagram.type4 enneagram.type5 enneagram.type6 enneagram.type7 enneagram.type8 enneagram.type9 gallup.executing gallup.influencing gallup.strategic_thinking holland.I mbti.F mbti.J mbti.P mbti.S mbti.T,mid-career/academic-stress
Q0751,我容易在压力下做冲动决定,stress-response,likert-4,3,是,4,deliberative/activator,enneagram.type1 enneagram.type3 enneagram.type5 enneagram.type7 gallup.executing mbti.E mbti.J mbti.P mbti.T,self-exploration/mid-career
Q0752,面对压力你愿意,stress-response,forced-choice,3,否,4,relator/adaptability/intellection/achiever,enneagram.type1 enneagram.type2 enneagram.type3 enneagram.type4 enneagram.type5 enneagram.type7 gallup.executing gallup.relationship_building gallup.strategic_thinking holland.E holland.R holland.S mbti.E mbti.F mbti.I mbti.P mbti.T,mid-career/academic-stress
Q0753,比起压力我更怕无聊,stress-response,likert-4,3,是,4,activator/harmony,enneagram.type1 enneagram.type7 enneagram.type9 gallup.influencing gallup.relationship_building mbti.E mbti.J mbti.P mbti.S,self-exploration/career-transition
Q0754,面对身体预警信号,stress-response,forced-choice,3,否,4,deliberative/restorative/achiever/adaptability,enneagram.type1 enneagram.type3 enneagram.type6 enneagram.type7 enneagram.type8 enneagram.type9 gallup.executing gallup.relationship_building holland.E mbti.J mbti.P mbti.T,mid-career/parenting-teen
Q0755,你更希望被记住为,motivation-value,forced-choice,4,否,4,ideation/responsibility/relator/command,enneagram.type1 enneagram.type2 enneagram.type3 enneagram.type4 enneagram.type5 enneagram.type6 enneagram.type8 enneagram.type9 gallup.executing gallup.influencing gallup.relationship_building gallup.strategic_thinking holland.E holland.I holland.S mbti.F mbti.J mbti.N mbti.T,self-exploration/leadership-growth
Q0756,比起钱我更想影响他人,motivation-value,likert-4,3,是,4,developer/maximizer,enneagram.type2 enneagram.type3 enneagram.type5 enneagram.type9 gallup.influencing gallup.relationship_building mbti.F mbti.S mbti.T,career-choice/leadership-growth
Q0757,什么让你真正满足,motivation-value,forced-choice,4,否,4,achiever/harmony/relator/learner,enneagram.type1 enneagram.type2 enneagram.type3 enneagram.type5 enneagram.type9 gallup.executing gallup.relationship_building gallup.strategic_thinking holland.E holland.I holland.S mbti.F mbti.I mbti.J mbti.N mbti.S,self-exploration/life-transition
Q0758,比起安稳我更想要多样性,motivation-value,likert-4,3,是,4,adaptability/discipline,enneagram.type5 enneagram.type6 enneagram.type7 enneagram.type9 gallup.executing gallup.relationship_building mbti.J mbti.N mbti.P mbti.S,career-choice/life-transition
Q0759,你更想要的人际状态是,motivation-value,forced-choice,3,否,4,woo/relator/individualization,enneagram.type1 enneagram.type2 enneagram.type3 enneagram.type4 enneagram.type5 enneagram.type6 gallup.influencing gallup.relationship_building holland.I holland.S mbti.E mbti.F mbti.I,life-transition/self-exploration
Q0760,比起自己发光，我更想照亮别人,motivation-value,likert-4,3,是,4,developer/achiever,enneagram.type1 enneagram.type2 enneagram.type5 enneagram.type8 gallup.executing gallup.relationship_building mbti.F mbti.T,self-exploration/leadership-growth
Q0761,你更想被定义为,motivation-value,forced-choice,4,否,4,learner/command/adaptability/harmony,enneagram.type1 enneagram.type2 enneagram.type3 enneagram.type5 enneagram.type7 enneagram.type8 enneagram.type9 gallup.influencing gallup.relationship_building gallup.strategic_thinking holland.A holland.E holland.I holland.S mbti.E mbti.F mbti.P mbti.T,career-choice/leadership-growth
Q0762,比起地位我更想要自在,motivation-value,likert-4,3,是,4,harmony/significance,enneagram.type3 enneagram.type5 enneagram.type8 enneagram.type9 gallup.influencing gallup.relationship_building mbti.J mbti.P mbti.T,life-transition/career-choice
Q0763,你更想为社会留下,motivation-value,forced-choice,4,否,4,responsibility/significance/learner/relator,enneagram.type1 enneagram.type2 enneagram.type3 enneagram.type4 enneagram.type5 enneagram.type8 gallup.executing gallup.influencing gallup.relationship_building gallup.strategic_thinking holland.C holland.E holland.I holland.S mbti.E mbti.F mbti.J mbti.N,life-transition/leadership-growth
Q0764,比起掌控我更愿顺其自然,motivation-value,likert-4,3,是,4,harmony/command,enneagram.type1 enneagram.type7 enneagram.type8 enneagram.type9 gallup.influencing gallup.relationship_building mbti.J mbti.P mbti.T,life-transition/self-exploration
Q0765,你更擅长的学习方式是,learning-cognition,forced-choice,3,否,4,intellection/activator/developer/input,enneagram.type1 enneagram.type2 enneagram.type3 enneagram.type4 enneagram.type5 enneagram.type7 enneagram.type9 gallup.influencing gallup.relationship_building gallup.strategic_thinking holland.A holland.I holland.R holland.S mbti.E mbti.F mbti.I mbti.N mbti.P,career-transition/fresh-grad/graduate-school
Q0766,比起自己摸索我更喜欢听课,learning-cognition,likert-4,3,是,4,developer/intellection,enneagram.type2 enneagram.type4 enneagram.type5 enneagram.type6 gallup.relationship_building gallup.strategic_thinking mbti.E mbti.F mbti.I,career-transition/study-direction
Q0767,新知识记不住时你,learning-cognition,forced-choice,3,否,4,discipline/developer/activator/learner,enneagram.type1 enneagram.type2 enneagram.type3 enneagram.type5 enneagram.type6 enneagram.type7 gallup.executing gallup.influencing gallup.relationship_building gallup.strategic_thinking holland.C holland.I holland.R holland.S mbti.E mbti.F mbti.J mbti.N mbti.P,career-transition/graduate-school
Q0768,比起学得快我更愿意学得深,learning-cognition,likert-4,3,是,4,intellection/adaptability,enneagram.type1 enneagram.type5 enneagram.type7 gallup.relationship_building gallup.strategic_thinking mbti.J mbti.N mbti.P,graduate-school/career-transition
Q0769,学东西你更倾向,learning-cognition,forced-choice,3,否,4,discipline/adaptability/harmony,enneagram.type1 enneagram.type5 enneagram.type7 enneagram.type9 gallup.executing gallup.relationship_building holland.A holland.C mbti.J mbti.P mbti.S,career-transition/fresh-grad
Q0770,比起学很多我更喜欢学精,learning-cognition,likert-4,3,是,4,focus/ideation,enneagram.type1 enneagram.type5 enneagram.type7 gallup.executing gallup.strategic_thinking mbti.J mbti.P mbti.T,career-choice/graduate-school
Q0771,学完一个东西你,learning-cognition,forced-choice,3,否,4,achiever/developer/intellection/discipline,enneagram.type1 enneagram.type2 enneagram.type3 enneagram.type4 enneagram.type5 gallup.executing gallup.relationship_building gallup.strategic_thinking holland.C holland.E holland.S mbti.E mbti.F mbti.I mbti.J mbti.N mbti.S mbti.T,career-transition/graduate-school
Q0772,比起别人讲解我更喜欢自学,learning-cognition,likert-4,3,是,4,intellection/developer,enneagram.type2 enneagram.type4 enneagram.type5 gallup.relationship_building gallup.strategic_thinking mbti.E mbti.F mbti.I,career-transition/graduate-school
Q0773,学完新东西你倾向,learning-cognition,forced-choice,3,否,4,developer/discipline/intellection/input,enneagram.type1 enneagram.type2 enneagram.type3 enneagram.type4 enneagram.type5 gallup.executing gallup.relationship_building gallup.strategic_thinking holland.C holland.R holland.S mbti.E mbti.F mbti.I mbti.J mbti.N mbti.S,career-transition/graduate-school
Q0774,比起独立学习我更喜欢小组学,learning-cognition,likert-4,3,是,4,developer/intellection,enneagram.type2 enneagram.type4 enneagram.type5 gallup.relationship_building gallup.strategic_thinking mbti.E mbti.F mbti.I,career-transition/graduate-school
Q0775,面对职业瓶颈你,work-career,forced-choice,3,否,4,adaptability/learner/context/significance,enneagram.type1 enneagram.type3 enneagram.type5 enneagram.type7 gallup.influencing gallup.relationship_building gallup.strategic_thinking holland.E holland.I mbti.N mbti.P mbti.T,mid-career/career-transition
Q0776,比起管人我更愿被管,work-career,likert-4,3,是,4,compliance/command,enneagram.type3 enneagram.type5 enneagram.type8 enneagram.type9 gallup.executing gallup.influencing mbti.E mbti.I mbti.S mbti.T,career-choice/leadership-growth
Q0777,你更倾向的工作身份是,work-career,forced-choice,3,否,4,significance/individualization/compliance/adaptability,enneagram.type3 enneagram.type4 enneagram.type5 enneagram.type6 enneagram.type7 enneagram.type8 enneagram.type9 gallup.executing gallup.influencing gallup.relationship_building holland.A holland.C holland.E mbti.E mbti.I mbti.P mbti.S,career-choice/fresh-grad
Q0778,面对领导批评你,work-career,forced-choice,3,否,4,discipline/command/intellection/relator,enneagram.type1 enneagram.type2 enneagram.type3 enneagram.type4 enneagram.type5 enneagram.type6 enneagram.type8 gallup.executing gallup.influencing gallup.relationship_building gallup.strategic_thinking holland.C holland.S mbti.E mbti.F mbti.I mbti.J mbti.S mbti.T,mid-career/leadership-growth
Q0779,比起头衔我更在意实际,work-career,likert-4,3,是,4,maximizer/significance,enneagram.type2 enneagram.type3 enneagram.type5 enneagram.type9 gallup.influencing mbti.F mbti.S mbti.T,mid-career/career-choice
Q0780,你更倾向的工作环境,work-career,forced-choice,3,否,4,adaptability/relator/discipline/achiever,enneagram.type1 enneagram.type2 enneagram.type3 enneagram.type7 enneagram.type8 enneagram.type9 gallup.executing gallup.relationship_building holland.A holland.C holland.E holland.S mbti.F mbti.J mbti.P mbti.T,career-choice/mid-career
Q0781,我经常因工作而忘记吃饭,work-career,likert-4,2,是,4,achiever/discipline,enneagram.type1 enneagram.type3 enneagram.type9 gallup.executing mbti.S mbti.T,mid-career/fresh-grad
Q0782,面对新同事/新领导,work-career,forced-choice,3,否,4,woo/intellection/adaptability/deliberative,enneagram.type2 enneagram.type5 enneagram.type6 enneagram.type7 enneagram.type9 gallup.executing gallup.influencing gallup.relationship_building gallup.strategic_thinking holland.C holland.S mbti.E mbti.I mbti.T,fresh-grad/career-transition
Q0783,比起挣更多我更想做事开心,work-career,likert-4,3,是,4,positivity/maximizer,enneagram.type3 enneagram.type7 enneagram.type9 gallup.influencing gallup.relationship_building mbti.P mbti.S mbti.T,career-choice/mid-career
Q0784,你理想职业的关键词,work-career,forced-choice,3,否,4,ideation/significance/developer/learner,enneagram.type2 enneagram.type3 enneagram.type4 enneagram.type5 enneagram.type7 enneagram.type8 gallup.influencing gallup.relationship_building gallup.strategic_thinking holland.A holland.E holland.I holland.S mbti.E mbti.F mbti.N,career-choice/fresh-grad/study-direction
Q0785,比起说出来，我更愿写下来,emotion-self,likert-4,3,是,4,intellection/communication,enneagram.type2 enneagram.type4 enneagram.type5 gallup.influencing gallup.strategic_thinking mbti.E mbti.F mbti.I,self-exploration/life-transition
Q0786,你更多通过什么了解自己,emotion-self,forced-choice,4,否,4,intellection/empathy/achiever/ideation,enneagram.type1 enneagram.type2 enneagram.type3 enneagram.type4 enneagram.type5 enneagram.type6 gallup.executing gallup.relationship_building gallup.strategic_thinking holland.A holland.E holland.S mbti.F mbti.I mbti.J mbti.N,self-exploration/life-transition
Q0787,比起独处我更需要和人聊,emotion-self,likert-4,3,是,4,relator/intellection,enneagram.type2 enneagram.type4 enneagram.type5 enneagram.type7 gallup.relationship_building gallup.strategic_thinking mbti.E mbti.F mbti.I,self-exploration/life-transition
Q0788,情绪失控时你,emotion-self,forced-choice,3,否,4,adaptability/relator/intellection/achiever,enneagram.type1 enneagram.type2 enneagram.type3 enneagram.type4 enneagram.type5 enneagram.type6 enneagram.type7 enneagram.type9 gallup.executing gallup.relationship_building gallup.strategic_thinking holland.E holland.R holland.S mbti.F mbti.I mbti.P mbti.T,self-exploration/mid-career
Q0789,我经常觉得自己的情绪没有出口,emotion-self,likert-4,3,是,4,empathy/positivity,enneagram.type4 enneagram.type7 enneagram.type9 gallup.relationship_building mbti.E mbti.F mbti.I,self-exploration/life-transition
Q0790,自我调节你更习惯,emotion-self,forced-choice,3,否,4,learner/restorative/relator/activator,enneagram.type1 enneagram.type2 enneagram.type3 enneagram.type5 enneagram.type8 enneagram.type9 gallup.executing gallup.influencing gallup.relationship_building gallup.strategic_thinking holland.I holland.R holland.S mbti.E mbti.F mbti.N mbti.P mbti.S,self-exploration/life-transition
Q0791,比起分享我更愿自己消化,emotion-self,likert-4,3,是,4,intellection/communication,enneagram.type2 enneagram.type4 enneagram.type5 enneagram.type7 gallup.influencing gallup.strategic_thinking mbti.E mbti.F mbti.I,self-exploration/relationship-conflict
Q0792,你的内心冲突来源更倾向,emotion-self,forced-choice,4,否,4,ideation/analytical/individuality/harmony,enneagram.type1 enneagram.type4 enneagram.type5 enneagram.type6 enneagram.type9 gallup.relationship_building gallup.strategic_thinking holland.A holland.S mbti.F mbti.S mbti.T,self-exploration/life-transition
Q0793,比起被人理解我更想被人接纳,emotion-self,likert-4,3,是,4,harmony/individualization,enneagram.type2 enneagram.type4 enneagram.type5 enneagram.type9 gallup.relationship_building mbti.F mbti.T,self-exploration/relationship-conflict
Q0794,内心平静时你,emotion-self,forced-choice,3,否,4,ideation/harmony/achiever/woo,enneagram.type1 enneagram.type2 enneagram.type3 enneagram.type4 enneagram.type7 enneagram.type9 gallup.executing gallup.influencing gallup.relationship_building gallup.strategic_thinking holland.A holland.C holland.E holland.S mbti.E mbti.J mbti.N mbti.S,self-exploration/life-transition
Q0795,你更倾向的做事方式,action-habit,forced-choice,3,否,4,discipline/activator/learner/harmony,enneagram.type1 enneagram.type3 enneagram.type5 enneagram.type6 enneagram.type7 enneagram.type9 gallup.executing gallup.influencing gallup.relationship_building gallup.strategic_thinking holland.C holland.I holland.R mbti.J mbti.P,fresh-grad/mid-career
Q0796,比起尝试我更愿用熟悉方法,action-habit,likert-4,3,是,4,discipline/adaptability,enneagram.type1 enneagram.type6 enneagram.type7 gallup.executing gallup.relationship_building mbti.J mbti.P mbti.S,career-transition/mid-career
Q0797,面对习惯被打断你,action-habit,forced-choice,3,否,4,focus/discipline/adaptability/harmony,enneagram.type1 enneagram.type5 enneagram.type7 enneagram.type8 enneagram.type9 gallup.executing gallup.relationship_building holland.C mbti.J mbti.P mbti.T,mid-career/fresh-grad
Q0798,比起立刻做，我更想充分准备,action-habit,likert-4,3,是,4,deliberative/activator,enneagram.type1 enneagram.type3 enneagram.type5 enneagram.type7 gallup.executing gallup.influencing mbti.J mbti.P mbti.T,mid-career/career-choice
Q0799,做事期间需要休息时,action-habit,forced-choice,2,否,4,adaptability/restorative/activator/harmony,enneagram.type2 enneagram.type5 enneagram.type7 enneagram.type9 gallup.executing gallup.influencing gallup.relationship_building holland.R mbti.P mbti.S,mid-career/fresh-grad
Q0800,比起做错我更怕错过,action-habit,likert-4,3,是,4,activator/deliberative,enneagram.type1 enneagram.type3 enneagram.type6 enneagram.type7 gallup.executing gallup.influencing mbti.J mbti.P,career-choice/life-transition
Q0801,做事过程中你倾向,action-habit,forced-choice,3,否,4,responsibility/adaptability/achiever/harmony,enneagram.type1 enneagram.type3 enneagram.type5 enneagram.type7 enneagram.type9 gallup.executing gallup.relationship_building holland.A holland.C holland.E mbti.J mbti.P mbti.T,mid-career/leadership-growth
Q0802,比起稳定生活我更想要折腾,action-habit,likert-4,3,是,4,adaptability/discipline,enneagram.type3 enneagram.type6 enneagram.type7 enneagram.type9 gallup.executing gallup.relationship_building mbti.J mbti.N mbti.P mbti.S,life-transition/career-choice
Q0803,做事收尾你倾向,action-habit,forced-choice,3,否,4,responsibility/adaptability/activator,enneagram.type1 enneagram.type3 enneagram.type5 enneagram.type7 enneagram.type9 gallup.executing gallup.influencing gallup.relationship_building holland.C holland.E mbti.P mbti.T,fresh-grad/mid-career
Q0804,比起马上做我更想先想清楚,action-habit,likert-4,3,是,4,deliberative/activator,enneagram.type1 enneagram.type3 enneagram.type5 enneagram.type7 gallup.executing gallup.influencing mbti.J mbti.P mbti.T,mid-career/career-choice
Q0805,10年后你更期待的生活是,future-vision,forced-choice,4,否,4,learner/developer/significance/harmony,enneagram.type1 enneagram.type2 enneagram.type3 enneagram.type5 enneagram.type8 enneagram.type9 gallup.influencing gallup.relationship_building gallup.strategic_thinking holland.E holland.I holland.S mbti.E mbti.F mbti.J mbti.S mbti.T,career-choice/leadership-growth
Q0806,比起具体目标我更愿看大方向,future-vision,likert-4,3,是,4,adaptability/discipline,enneagram.type1 enneagram.type3 enneagram.type7 enneagram.type9 gallup.executing gallup.relationship_building mbti.J mbti.N mbti.P,career-choice/life-transition
Q0807,你理想的人生节奏,future-vision,forced-choice,3,否,4,discipline/adaptability/achiever/harmony,enneagram.type1 enneagram.type3 enneagram.type5 enneagram.type6 enneagram.type7 enneagram.type9 gallup.executing gallup.relationship_building holland.A holland.C holland.E mbti.J mbti.P mbti.S,life-transition/self-exploration
Q0808,比起小目标我更喜欢大愿景,future-vision,likert-4,3,是,4,futuristic/discipline,enneagram.type1 enneagram.type3 enneagram.type6 enneagram.type7 gallup.executing gallup.strategic_thinking mbti.J mbti.N mbti.P mbti.S,career-choice/life-transition
Q0809,更让你期待的人生是,future-vision,forced-choice,4,否,4,ideation/relator/significance/harmony,enneagram.type2 enneagram.type3 enneagram.type4 enneagram.type6 enneagram.type8 enneagram.type9 gallup.influencing gallup.relationship_building gallup.strategic_thinking holland.A holland.E holland.S mbti.E mbti.F mbti.J mbti.N mbti.S,life-transition/self-exploration
Q0810,比起稳赢我更想要不确定的精彩,future-vision,likert-4,3,是,4,adaptability/discipline,enneagram.type4 enneagram.type6 enneagram.type7 enneagram.type9 gallup.executing gallup.relationship_building mbti.J mbti.N mbti.P mbti.S,life-transition/career-choice
Q0811,你更希望自己的人生,future-vision,forced-choice,4,否,4,significance/harmony/adaptability/focus,enneagram.type1 enneagram.type3 enneagram.type5 enneagram.type7 enneagram.type8 enneagram.type9 gallup.executing gallup.influencing gallup.relationship_building holland.A holland.C holland.E holland.I mbti.J mbti.N mbti.P mbti.S,life-transition/self-exploration
Q0812,比起未来我更愿专注当下,future-vision,likert-4,3,是,4,harmony/futuristic,enneagram.type3 enneagram.type5 enneagram.type7 enneagram.type9 gallup.relationship_building gallup.strategic_thinking mbti.N mbti.P mbti.S,self-exploration/life-transition
Q0813,你更愿意的人生状态是,future-vision,forced-choice,4,否,4,adaptability/learner/harmony/relator,enneagram.type1 enneagram.type2 enneagram.type5 enneagram.type6 enneagram.type7 enneagram.type9 gallup.relationship_building gallup.strategic_thinking holland.A holland.I holland.S mbti.F mbti.J mbti.N mbti.P mbti.S,life-transition/self-exploration
Q0814,比起留下作品我更想留下影响,future-vision,likert-4,3,是,4,significance/intellection,enneagram.type3 enneagram.type4 enneagram.type5 enneagram.type8 gallup.influencing gallup.strategic_thinking mbti.E mbti.I mbti.N,life-transition/self-exploration
Q0815,面对无意中的冒犯你,conflict-choice,forced-choice,3,否,4,command/harmony/deliberative/intellection,enneagram.type1 enneagram.type2 enneagram.type4 enneagram.type5 enneagram.type8 enneagram.type9 gallup.executing gallup.influencing gallup.relationship_building gallup.strategic_thinking holland.C mbti.E mbti.F mbti.I mbti.J mbti.T,relationship-conflict/life-transition
Q0816,比起讲原则我更想讲感情,conflict-choice,likert-4,3,是,4,relator/responsibility,enneagram.type1 enneagram.type2 enneagram.type8 enneagram.type9 gallup.executing gallup.relationship_building mbti.F mbti.T,relationship-conflict/mid-career
Q0817,面对不同声音你,conflict-choice,forced-choice,3,否,4,empathy/command/harmony/arranger,enneagram.type2 enneagram.type3 enneagram.type5 enneagram.type8 enneagram.type9 gallup.executing gallup.influencing gallup.relationship_building holland.C holland.S mbti.E mbti.F mbti.I mbti.T,mid-career/leadership-growth
Q0818,比起针锋相对我更愿迂回,conflict-choice,likert-4,3,是,4,harmony/command,enneagram.type3 enneagram.type5 enneagram.type8 enneagram.type9 gallup.influencing gallup.relationship_building mbti.F mbti.I mbti.T,mid-career/leadership-growth
Q0819,面对被攻击你,conflict-choice,forced-choice,3,否,4,command/harmony/analytical/relator,enneagram.type1 enneagram.type2 enneagram.type3 enneagram.type5 enneagram.type6 enneagram.type8 enneagram.type9 gallup.influencing gallup.relationship_building gallup.strategic_thinking holland.C holland.S mbti.E mbti.F mbti.I mbti.T,relationship-conflict/mid-career
Q0820,比起争执我更愿冷处理,conflict-choice,likert-4,3,是,4,harmony/command,enneagram.type3 enneagram.type5 enneagram.type8 enneagram.type9 gallup.influencing gallup.relationship_building mbti.F mbti.I mbti.T,self-exploration/relationship-conflict
Q0821,面对公开批评你,conflict-choice,forced-choice,3,否,4,command/harmony/adaptability/relator/intellection,enneagram.type3 enneagram.type4 enneagram.type5 enneagram.type6 enneagram.type8 enneagram.type9 gallup.influencing gallup.relationship_building gallup.strategic_thinking holland.S mbti.E mbti.F mbti.I mbti.T,mid-career/leadership-growth
Q0822,比起维护自己我更愿让对方舒服,conflict-choice,likert-4,3,是,4,harmony/command,enneagram.type2 enneagram.type3 enneagram.type8 enneagram.type9 gallup.influencing gallup.relationship_building mbti.F mbti.T,self-exploration/relationship-conflict
Q0823,面对价值观碰撞你,conflict-choice,forced-choice,3,否,4,harmony/command/individualization/adaptability,enneagram.type1 enneagram.type2 enneagram.type3 enneagram.type4 enneagram.type5 enneagram.type7 enneagram.type8 enneagram.type9 gallup.influencing gallup.relationship_building holland.A holland.I holland.S mbti.F mbti.I mbti.P mbti.T,self-exploration/relationship-conflict
Q0824,比起说赢我更想被听见,conflict-choice,likert-4,3,是,4,individualization/command,enneagram.type3 enneagram.type4 enneagram.type5 enneagram.type8 gallup.influencing gallup.relationship_building mbti.F mbti.I mbti.T,self-exploration/relationship-conflict
Q0825,比起当发起人我更愿当响应者,interpersonal-relationship,likert-4,3,是,4,adaptability/activator,enneagram.type3 enneagram.type5 enneagram.type7 enneagram.type9 gallup.influencing gallup.relationship_building mbti.E mbti.F mbti.I,self-exploration/fresh-grad
Q0826,和亲近的人发生分歧你,interpersonal-relationship,forced-choice,3,否,4,command/intellection/harmony/adaptability,enneagram.type2 enneagram.type3 enneagram.type4 enneagram.type5 enneagram.type8 enneagram.type9 gallup.influencing gallup.relationship_building gallup.strategic_thinking holland.A mbti.F mbti.I mbti.N mbti.T,relationship-conflict/life-transition
Q0827,比起给建议我更愿倾听,interpersonal-relationship,likert-4,3,是,4,empathy/analytical,enneagram.type2 enneagram.type3 enneagram.type5 gallup.relationship_building gallup.strategic_thinking mbti.F mbti.T,self-exploration/leadership-growth
Q0828,面对亲密关系冲突你,interpersonal-relationship,forced-choice,3,否,4,relator/harmony/intellection/adaptability,enneagram.type2 enneagram.type4 enneagram.type5 enneagram.type6 enneagram.type7 enneagram.type9 gallup.relationship_building gallup.strategic_thinking holland.A holland.S mbti.F mbti.I mbti.N mbti.P,relationship-conflict/life-transition
Q0829,比起被动回应我更愿主动表达,interpersonal-relationship,likert-4,3,是,4,communication/intellection,enneagram.type3 enneagram.type5 enneagram.type8 enneagram.type9 gallup.influencing gallup.strategic_thinking mbti.E mbti.I mbti.T,self-exploration/life-transition
Q0830,你更愿建立的关系类型,interpersonal-relationship,forced-choice,3,否,4,woo/relator/developer,enneagram.type2 enneagram.type3 enneagram.type4 enneagram.type5 enneagram.type7 gallup.influencing gallup.relationship_building holland.E holland.I holland.S mbti.E mbti.F mbti.I mbti.T,career-transition/fresh-grad
Q0831,比起群聊我更喜欢一对一,interpersonal-relationship,likert-4,3,是,4,individualization/woo,enneagram.type2 enneagram.type4 enneagram.type5 enneagram.type7 gallup.influencing gallup.relationship_building mbti.E mbti.F mbti.I,self-exploration/life-transition
Q0832,面对他人分享你,interpersonal-relationship,forced-choice,3,否,4,positivity/empathy/relator/analytical,enneagram.type1 enneagram.type2 enneagram.type5 enneagram.type7 gallup.relationship_building gallup.strategic_thinking holland.C holland.S mbti.E mbti.F mbti.T,self-exploration/life-transition
Q0833,比起对方面子我更愿对方开心,interpersonal-relationship,likert-4,3,是,4,relator/responsibility,enneagram.type1 enneagram.type2 enneagram.type7 enneagram.type8 gallup.executing gallup.relationship_building mbti.F mbti.T,self-exploration/relationship-conflict
Q0834,面对别人情绪爆发你,interpersonal-relationship,forced-choice,3,否,4,harmony/analytical/adaptability/relator,enneagram.type2 enneagram.type5 enneagram.type6 enneagram.type9 gallup.relationship_building gallup.strategic_thinking holland.I holland.S mbti.F mbti.I mbti.T,self-exploration/mid-career
Q0835,比起做决定我更怕做错,decision-making,likert-4,3,是,4,deliberative/self_assurance/self_assurance,enneagram.type1 enneagram.type3 enneagram.type6 enneagram.type8 gallup.executing gallup.influencing mbti.F mbti.J mbti.T,career-choice/mid-career
Q0836,面对不确定的结果你,decision-making,forced-choice,4,否,4,achiever/deliberative/adaptability/harmony,enneagram.type1 enneagram.type3 enneagram.type4 enneagram.type5 enneagram.type6 enneagram.type8 enneagram.type9 gallup.executing gallup.relationship_building holland.C holland.E mbti.J mbti.P,career-choice/entrepreneur-stage
Q0837,比起稳定我更愿赌一把,decision-making,likert-4,3,是,4,activator/discipline,enneagram.type6 enneagram.type7 enneagram.type8 enneagram.type9 gallup.executing gallup.influencing mbti.J mbti.N mbti.P mbti.S,career-choice/life-transition
Q0838,你做重要决定时,decision-making,forced-choice,3,否,4,focus/analytical/harmony/relator,enneagram.type1 enneagram.type2 enneagram.type3 enneagram.type5 enneagram.type6 enneagram.type7 enneagram.type9 gallup.executing gallup.relationship_building gallup.strategic_thinking holland.C holland.S mbti.F mbti.J mbti.P mbti.T,career-choice/life-transition
Q0839,比起自己决定我更愿意被推荐,decision-making,likert-4,3,是,4,compliance/command,enneagram.type3 enneagram.type6 enneagram.type8 enneagram.type9 gallup.executing gallup.influencing mbti.F mbti.J mbti.T,self-exploration/career-choice
Q0840,面对他人请求你,decision-making,forced-choice,3,否,4,relator/responsibility/context/command,enneagram.type1 enneagram.type2 enneagram.type6 enneagram.type7 enneagram.type8 gallup.executing gallup.influencing gallup.relationship_building gallup.strategic_thinking holland.C holland.S mbti.F mbti.J mbti.T,mid-career/life-transition
Q0841,比起自主决定我更愿有人指引,decision-making,likert-4,3,是,4,compliance/individualization,enneagram.type4 enneagram.type5 enneagram.type6 enneagram.type9 gallup.executing gallup.relationship_building mbti.F mbti.I mbti.J mbti.T,self-exploration/career-choice
Q0842,面对新机会窗口,decision-making,forced-choice,4,否,4,activator/analytical/relator/deliberative,enneagram.type2 enneagram.type3 enneagram.type5 enneagram.type6 enneagram.type7 gallup.executing gallup.influencing gallup.relationship_building gallup.strategic_thinking holland.I holland.R holland.S mbti.F mbti.J mbti.P mbti.S mbti.T,career-choice/entrepreneur-stage/study-abroad
Q0843,比起权衡我更相信第一感觉,decision-making,likert-4,3,是,4,ideation/analytical,enneagram.type4 enneagram.type5 enneagram.type7 gallup.strategic_thinking mbti.F mbti.N mbti.T,career-choice/life-transition
Q0844,你的决策风格更倾向,decision-making,forced-choice,3,否,4,deliberative/activator/relator/adaptability,enneagram.type1 enneagram.type2 enneagram.type3 enneagram.type5 enneagram.type6 enneagram.type7 gallup.executing gallup.influencing gallup.relationship_building holland.A holland.C holland.E holland.S mbti.F mbti.J mbti.N mbti.P mbti.T,career-choice/mid-career
Q0845,比起表达，我更愿憋在心里,stress-response,likert-4,3,是,4,intellection/communication,enneagram.type2 enneagram.type4 enneagram.type5 enneagram.type9 gallup.influencing gallup.strategic_thinking mbti.E mbti.F mbti.I,self-exploration/mid-career
Q0846,压力下你愿意做,stress-response,forced-choice,3,否,4,intellection/relator/activator,enneagram.type2 enneagram.type3 enneagram.type4 enneagram.type5 enneagram.type8 gallup.influencing gallup.relationship_building gallup.strategic_thinking holland.A holland.R holland.S mbti.E mbti.F mbti.I mbti.N mbti.P,mid-career/self-exploration
Q0847,我经常因为小事迁怒他人,stress-response,likert-4,3,是,4,command/harmony,enneagram.type1 enneagram.type2 enneagram.type8 enneagram.type9 gallup.relationship_building mbti.E mbti.F mbti.T,relationship-conflict/mid-career
Q0848,压力下你的饮食变化,stress-response,forced-choice,3,否,4,restorative/discipline/adaptability/achiever,enneagram.type1 enneagram.type3 enneagram.type4 enneagram.type5 enneagram.type6 enneagram.type7 enneagram.type9 gallup.executing gallup.relationship_building holland.C holland.R mbti.F mbti.J mbti.S mbti.T,mid-career/academic-stress
Q0849,比起倾诉我更习惯忍着,stress-response,likert-4,3,是,4,intellection/communication,enneagram.type2 enneagram.type4 enneagram.type5 enneagram.type9 gallup.influencing gallup.strategic_thinking mbti.E mbti.F mbti.I,self-exploration/mid-career
Q0850,面对持续压力你倾向,stress-response,forced-choice,3,否,4,analytical/relator/activator/adaptability,enneagram.type1 enneagram.type2 enneagram.type4 enneagram.type5 enneagram.type7 enneagram.type8 enneagram.type9 gallup.influencing gallup.relationship_building gallup.strategic_thinking holland.I holland.R holland.S mbti.E mbti.F mbti.P mbti.T,mid-career/academic-stress
Q0851,比起面对压力我更怕停滞,stress-response,likert-4,3,是,4,activator/harmony,enneagram.type3 enneagram.type5 enneagram.type7 enneagram.type9 gallup.influencing gallup.relationship_building mbti.J mbti.P mbti.S,self-exploration/career-transition
Q0852,面对压力时你更想,stress-response,forced-choice,3,否,4,intellection/relator/woo/restorative,enneagram.type2 enneagram.type4 enneagram.type5 enneagram.type7 enneagram.type9 gallup.executing gallup.influencing gallup.relationship_building gallup.strategic_thinking holland.I holland.S mbti.E mbti.F mbti.I mbti.S,mid-career/life-transition
Q0853,比起承认压力我更愿装作没事,stress-response,likert-4,3,是,4,discipline/empathy,enneagram.type3 enneagram.type4 enneagram.type6 enneagram.type9 gallup.executing gallup.relationship_building mbti.F mbti.T,mid-career/self-exploration
Q0854,压力时你会,stress-response,forced-choice,3,否,4,maximizer/empathy/adaptability/achiever,enneagram.type1 enneagram.type3 enneagram.type4 enneagram.type6 enneagram.type8 enneagram.type9 gallup.executing gallup.influencing gallup.relationship_building holland.A holland.C holland.R mbti.F mbti.P mbti.T,mid-career/relationship-conflict
Q0855,你真正想要的职业回报,motivation-value,forced-choice,4,否,4,achiever/adaptability/discipline/relator,enneagram.type1 enneagram.type2 enneagram.type3 enneagram.type5 enneagram.type6 enneagram.type7 enneagram.type9 gallup.executing gallup.relationship_building holland.A holland.C holland.E holland.S mbti.F mbti.J mbti.P mbti.S,career-choice/mid-career
Q0856,比起被理解我更想被尊重,motivation-value,likert-4,3,是,4,command/relator,enneagram.type1 enneagram.type2 enneagram.type8 gallup.influencing gallup.relationship_building mbti.F mbti.T,self-exploration/leadership-growth
Q0857,你更看重的人生维度,motivation-value,forced-choice,4,否,4,achiever/relator/adaptability/belief,enneagram.type1 enneagram.type2 enneagram.type3 enneagram.type7 enneagram.type8 enneagram.type9 gallup.executing gallup.relationship_building holland.A holland.E holland.S mbti.F mbti.P mbti.T,life-transition/self-exploration
Q0858,比起表达我更愿行动证明,motivation-value,likert-4,3,是,4,achiever/communication,enneagram.type2 enneagram.type3 enneagram.type7 enneagram.type8 gallup.executing gallup.influencing mbti.E mbti.F mbti.P,self-exploration/leadership-growth
Q0859,你更想拥有的能力,motivation-value,forced-choice,4,否,4,empathy/significance/ideation/analytical,enneagram.type1 enneagram.type2 enneagram.type3 enneagram.type4 enneagram.type5 enneagram.type7 enneagram.type8 gallup.influencing gallup.relationship_building gallup.strategic_thinking holland.A holland.E holland.I holland.S mbti.E mbti.N mbti.T,career-choice/self-exploration
Q0860,比起显赫我更愿安静做事,motivation-value,likert-4,3,是,4,intellection/significance,enneagram.type3 enneagram.type5 enneagram.type8 enneagram.type9 gallup.influencing gallup.strategic_thinking mbti.E mbti.I,self-exploration/leadership-growth
Q0861,什么让你觉得自己有价值,motivation-value,forced-choice,4,否,4,developer/significance/discipline/relator,enneagram.type1 enneagram.type2 enneagram.type3 enneagram.type5 enneagram.type8 gallup.executing gallup.influencing gallup.relationship_building holland.C holland.E holland.S mbti.F mbti.J mbti.T,self-exploration/life-transition
Q0862,比起舒适我更想要挑战,motivation-value,likert-4,3,是,4,achiever/harmony,enneagram.type1 enneagram.type3 enneagram.type7 enneagram.type9 gallup.executing gallup.relationship_building mbti.J mbti.P mbti.S,career-choice/life-transition
Q0863,你更倾向的人生主线,motivation-value,forced-choice,4,否,4,achiever/relator/intellection/responsibility,enneagram.type1 enneagram.type2 enneagram.type3 enneagram.type4 enneagram.type5 enneagram.type6 enneagram.type8 gallup.executing gallup.relationship_building gallup.strategic_thinking holland.C holland.E holland.I holland.S mbti.F mbti.J mbti.N mbti.T,life-transition/self-exploration
Q0864,比起成为领袖我更想做幕后,motivation-value,likert-4,3,是,4,intellection/command,enneagram.type3 enneagram.type5 enneagram.type8 enneagram.type9 gallup.influencing gallup.strategic_thinking mbti.E mbti.I mbti.T,career-choice/leadership-growth
Q0865,面对新知识你倾向,learning-cognition,forced-choice,3,否,4,discipline/developer/adaptability/activator,enneagram.type1 enneagram.type2 enneagram.type3 enneagram.type5 enneagram.type7 gallup.executing gallup.influencing gallup.relationship_building holland.A holland.C holland.R holland.S mbti.E mbti.F mbti.J mbti.P,career-transition/fresh-grad
Q0866,比起深度我更愿广度,learning-cognition,likert-4,3,是,4,ideation/focus,enneagram.type1 enneagram.type5 enneagram.type7 gallup.executing gallup.strategic_thinking mbti.J mbti.N mbti.P,career-choice/graduate-school
Q0867,学完一门课你倾向,learning-cognition,forced-choice,3,否,4,activator/learner/discipline/developer,enneagram.type1 enneagram.type2 enneagram.type3 enneagram.type5 enneagram.type7 gallup.executing gallup.influencing gallup.relationship_building gallup.strategic_thinking holland.C holland.I holland.R holland.S mbti.E mbti.F mbti.J mbti.N mbti.S,career-transition/graduate-school
Q0868,比起书我更喜欢实操,learning-cognition,likert-4,3,是,4,activator/intellection,enneagram.type3 enneagram.type5 enneagram.type7 gallup.influencing gallup.strategic_thinking mbti.N mbti.P mbti.S mbti.T,career-choice/study-direction
Q0869,学新领域你更倾向,learning-cognition,forced-choice,3,否,4,strategic/developer/discipline/activator,enneagram.type1 enneagram.type2 enneagram.type3 enneagram.type5 enneagram.type6 enneagram.type7 gallup.executing gallup.influencing gallup.relationship_building gallup.strategic_thinking holland.C holland.I holland.R holland.S mbti.F mbti.N mbti.P mbti.S mbti.T,career-transition/fresh-grad
Q0870,比起上课我更愿自学,learning-cognition,likert-4,3,是,4,intellection/developer,enneagram.type2 enneagram.type4 enneagram.type5 gallup.relationship_building gallup.strategic_thinking mbti.E mbti.F mbti.I,career-transition/graduate-school
Q0871,你更希望学完一门课,learning-cognition,forced-choice,3,否,4,activator/developer/learner/discipline,enneagram.type1 enneagram.type2 enneagram.type3 enneagram.type5 gallup.executing gallup.influencing gallup.relationship_building gallup.strategic_thinking holland.C holland.I holland.R holland.S mbti.E mbti.F mbti.J mbti.N mbti.S,career-transition/graduate-school
Q0872,比起实战我更愿学原理,learning-cognition,likert-4,3,是,4,intellection/activator,enneagram.type1 enneagram.type5 enneagram.type7 gallup.influencing gallup.strategic_thinking mbti.N mbti.P mbti.T,study-direction/career-choice
Q0873,你更倾向哪种学习节奏,learning-cognition,forced-choice,3,否,4,discipline/activator/harmony/adaptability,enneagram.type1 enneagram.type3 enneagram.type5 enneagram.type7 enneagram.type9 gallup.executing gallup.influencing gallup.relationship_building holland.E holland.I mbti.J mbti.P,career-transition/fresh-grad
Q0874,比起自己做我更愿带人学,learning-cognition,likert-4,3,是,4,developer/intellection,enneagram.type2 enneagram.type3 enneagram.type4 enneagram.type5 gallup.relationship_building gallup.strategic_thinking mbti.E mbti.F mbti.I,career-transition/leadership-growth
Q0875,面对不同意见的同事,work-career,forced-choice,3,否,4,harmony/empathy/command/individualization,enneagram.type2 enneagram.type3 enneagram.type4 enneagram.type5 enneagram.type8 enneagram.type9 gallup.influencing gallup.relationship_building holland.I holland.S mbti.E mbti.F mbti.I mbti.T,mid-career/leadership-growth
Q0876,比起主动汇报我更愿做完再讲,work-career,likert-4,3,是,4,deliberative/communication,enneagram.type1 enneagram.type3 enneagram.type5 enneagram.type7 gallup.executing gallup.influencing mbti.E mbti.I mbti.T,fresh-grad/leadership-growth
Q0877,面对不同分工你,work-career,forced-choice,3,否,4,achiever/discipline/harmony/analytical,enneagram.type1 enneagram.type2 enneagram.type3 enneagram.type5 enneagram.type8 enneagram.type9 gallup.executing gallup.relationship_building gallup.strategic_thinking holland.C holland.I holland.R holland.S mbti.F mbti.J mbti.S mbti.T,fresh-grad/leadership-growth
Q0878,工作中的成就感来源,work-career,forced-choice,3,否,4,analytical/achiever/developer/significance,enneagram.type1 enneagram.type2 enneagram.type3 enneagram.type5 enneagram.type8 gallup.executing gallup.influencing gallup.relationship_building gallup.strategic_thinking holland.E holland.I holland.S mbti.F mbti.T,mid-career/leadership-growth
Q0879,比起做熟手我更愿做生手,work-career,likert-4,3,是,4,adaptability/discipline,enneagram.type1 enneagram.type3 enneagram.type6 enneagram.type7 gallup.executing gallup.relationship_building mbti.J mbti.N mbti.P mbti.S,career-transition/life-transition
Q0880,你理想的工作关系,work-career,forced-choice,3,否,4,relator/achiever/analytical,enneagram.type1 enneagram.type2 enneagram.type3 enneagram.type5 enneagram.type7 enneagram.type8 enneagram.type9 gallup.executing gallup.relationship_building gallup.strategic_thinking holland.E holland.I holland.R holland.S mbti.E mbti.F mbti.T,mid-career/leadership-growth
Q0881,比起被指挥我更愿主动,work-career,likert-4,3,是,4,activator/compliance,enneagram.type3 enneagram.type6 enneagram.type7 enneagram.type9 gallup.executing gallup.influencing mbti.J mbti.P,leadership-growth/career-choice
Q0882,面对加班你,work-career,forced-choice,2,否,4,achiever/harmony/context/adaptability,enneagram.type1 enneagram.type3 enneagram.type5 enneagram.type7 enneagram.type9 gallup.executing gallup.relationship_building gallup.strategic_thinking holland.C mbti.J mbti.P mbti.T,mid-career/fresh-grad
Q0883,比起稳定工作我更愿多变,work-career,likert-4,3,是,4,adaptability/discipline,enneagram.type6 enneagram.type7 enneagram.type9 gallup.executing gallup.relationship_building mbti.J mbti.N mbti.P mbti.S,career-choice/life-transition
Q0884,工作中你更怕,work-career,forced-choice,3,否,4,adaptability/deliberative/harmony/achiever,enneagram.type2 enneagram.type3 enneagram.type4 enneagram.type6 enneagram.type7 enneagram.type9 gallup.executing gallup.relationship_building holland.A holland.C holland.E holland.S mbti.F mbti.P mbti.T,self-exploration/career-choice
Q0885,比起压抑情绪我更愿表达,emotion-self,likert-4,3,是,4,communication/intellection,enneagram.type2 enneagram.type4 enneagram.type5 enneagram.type9 gallup.influencing gallup.strategic_thinking mbti.E mbti.F mbti.I,self-exploration/life-transition
Q0886,你更擅长的自我调节,emotion-self,forced-choice,3,否,4,intellection/relator/achiever/restorative,enneagram.type1 enneagram.type2 enneagram.type3 enneagram.type4 enneagram.type5 enneagram.type9 gallup.executing gallup.relationship_building gallup.strategic_thinking holland.E holland.I holland.S mbti.E mbti.F mbti.I mbti.S mbti.T,self-exploration/life-transition
Q0887,比起分析我更愿感受,emotion-self,likert-4,3,是,4,empathy/analytical,enneagram.type2 enneagram.type4 enneagram.type5 gallup.relationship_building gallup.strategic_thinking mbti.F mbti.T,self-exploration/life-transition
Q0888,独处时你更倾向,emotion-self,forced-choice,3,否,4,learner/harmony/adaptability/achiever,enneagram.type1 enneagram.type3 enneagram.type4 enneagram.type5 enneagram.type7 enneagram.type9 gallup.executing gallup.relationship_building gallup.strategic_thinking holland.A holland.E holland.I mbti.J mbti.P mbti.T,self-exploration/life-transition
Q0889,比起讨好他人我更想忠于自己,emotion-self,likert-4,3,是,4,individualization/relator,enneagram.type2 enneagram.type4 enneagram.type5 gallup.relationship_building mbti.E mbti.F mbti.I mbti.T,self-exploration/life-transition
Q0890,你更享受的状态,emotion-self,forced-choice,3,否,4,intellection/woo/achiever/adaptability,enneagram.type1 enneagram.type2 enneagram.type3 enneagram.type4 enneagram.type5 enneagram.type7 enneagram.type9 gallup.executing gallup.influencing gallup.relationship_building gallup.strategic_thinking holland.E holland.I holland.R holland.S mbti.E mbti.I mbti.J mbti.P,self-exploration/life-transition
Q0891,比起他人认可我更想要自我接纳,emotion-self,likert-4,3,是,4,individualization/significance,enneagram.type2 enneagram.type3 enneagram.type4 enneagram.type5 gallup.influencing gallup.relationship_building mbti.F mbti.T,self-exploration/life-transition
Q0892,你更常做的自我对话,emotion-self,forced-choice,3,否,4,responsibility/positivity/harmony/analytical,enneagram.type1 enneagram.type2 enneagram.type3 enneagram.type5 enneagram.type7 enneagram.type9 gallup.executing gallup.relationship_building gallup.strategic_thinking holland.C holland.E holland.I mbti.F mbti.T,self-exploration/life-transition
Q0893,比起关注他人我更关注自己,emotion-self,likert-4,3,是,4,individualization/relator,enneagram.type2 enneagram.type4 enneagram.type5 gallup.relationship_building mbti.E mbti.F mbti.I,self-exploration/life-transition
Q0894,你情绪低谷时更愿,emotion-self,forced-choice,3,否,4,intellection/relator/achiever/restorative,enneagram.type1 enneagram.type2 enneagram.type3 enneagram.type4 enneagram.type5 enneagram.type9 gallup.executing gallup.relationship_building gallup.strategic_thinking holland.E holland.I holland.S mbti.E mbti.F mbti.I mbti.S mbti.T,self-exploration/life-transition
Q0895,做事你更倾向,action-habit,forced-choice,3,否,4,deliberative/activator/context/adaptability,enneagram.type1 enneagram.type3 enneagram.type4 enneagram.type5 enneagram.type7 enneagram.type9 gallup.executing gallup.influencing gallup.relationship_building gallup.strategic_thinking holland.C holland.E holland.I mbti.J mbti.P mbti.T,fresh-grad/mid-career
Q0896,比起开始新事我更愿完成旧事,action-habit,likert-4,3,是,4,responsibility/activator,enneagram.type1 enneagram.type6 enneagram.type7 gallup.executing gallup.influencing mbti.J mbti.P mbti.S,mid-career/career-transition
Q0897,做事途中需要暂停你,action-habit,forced-choice,3,否,4,discipline/adaptability/harmony,enneagram.type1 enneagram.type3 enneagram.type4 enneagram.type7 enneagram.type9 gallup.executing gallup.relationship_building holland.A holland.C mbti.J mbti.P mbti.T,fresh-grad/mid-career
Q0898,比起尝试新方法我更愿用旧方法,action-habit,likert-4,3,是,4,discipline/adaptability,enneagram.type1 enneagram.type6 enneagram.type7 gallup.executing gallup.relationship_building mbti.J mbti.P mbti.S,career-transition/mid-career
Q0899,做事时你更喜欢的状态,action-habit,forced-choice,3,否,4,focus/achiever/positivity/relator,enneagram.type1 enneagram.type2 enneagram.type3 enneagram.type5 enneagram.type7 gallup.executing gallup.relationship_building holland.A holland.E holland.I holland.S mbti.E mbti.J mbti.P,mid-career/fresh-grad
Q0900,比起立刻做我更想有把握,action-habit,likert-4,3,是,4,deliberative/activator,enneagram.type1 enneagram.type3 enneagram.type6 enneagram.type7 gallup.executing gallup.influencing mbti.J mbti.P mbti.T,career-choice/mid-career
Q0901,做事过程中你更需要的,action-habit,forced-choice,3,否,4,intellection/relator/achiever/harmony,enneagram.type1 enneagram.type2 enneagram.type3 enneagram.type4 enneagram.type5 enneagram.type6 enneagram.type7 enneagram.type9 gallup.executing gallup.relationship_building gallup.strategic_thinking holland.C holland.I holland.S mbti.F mbti.I mbti.J mbti.P,mid-career/leadership-growth
Q0902,比起快节奏我更喜欢慢节奏,action-habit,likert-4,3,是,4,harmony/achiever,enneagram.type3 enneagram.type5 enneagram.type7 enneagram.type9 gallup.executing gallup.relationship_building mbti.J mbti.P,life-transition/self-exploration
Q0903,做事时你更倾向,action-habit,forced-choice,3,否,4,discipline/ideation/responsibility/analytical,enneagram.type1 enneagram.type4 enneagram.type5 enneagram.type6 enneagram.type7 enneagram.type9 gallup.executing gallup.strategic_thinking holland.A holland.C holland.I mbti.J mbti.P mbti.S mbti.T,fresh-grad/mid-career
Q0904,比起先完成度我更在意完成,action-habit,likert-4,3,是,4,achiever/maximizer,enneagram.type1 enneagram.type3 enneagram.type7 gallup.executing gallup.influencing mbti.J mbti.P mbti.S,mid-career/leadership-growth
Q0905,你理想的人生轨迹,future-vision,forced-choice,4,否,4,focus/achiever/adaptability/learner,enneagram.type1 enneagram.type3 enneagram.type5 enneagram.type7 enneagram.type8 gallup.executing gallup.relationship_building gallup.strategic_thinking holland.A holland.C holland.E holland.I mbti.J mbti.N mbti.P mbti.T,life-transition/career-choice
Q0906,比起长期愿景我更愿一步步走,future-vision,likert-4,3,是,4,discipline/futuristic,enneagram.type1 enneagram.type3 enneagram.type7 enneagram.type9 gallup.executing gallup.strategic_thinking mbti.J mbti.N mbti.P mbti.S,self-exploration/life-transition
Q0907,你更想成为的人,future-vision,forced-choice,4,否,4,learner/relator/significance/ideation,enneagram.type1 enneagram.type2 enneagram.type3 enneagram.type4 enneagram.type5 enneagram.type7 gallup.influencing gallup.relationship_building gallup.strategic_thinking holland.A holland.I holland.S mbti.E mbti.F mbti.N mbti.T,career-choice/leadership-growth
Q0908,比起稳定路线我更愿冒险,future-vision,likert-4,3,是,4,activator/discipline,enneagram.type6 enneagram.type7 enneagram.type8 enneagram.type9 gallup.executing gallup.influencing mbti.J mbti.N mbti.P mbti.S,career-choice/life-transition
Q0909,你更想要的人生状态,future-vision,forced-choice,4,否,4,significance/harmony/adaptability/belief,enneagram.type1 enneagram.type2 enneagram.type3 enneagram.type5 enneagram.type7 enneagram.type9 gallup.executing gallup.influencing gallup.relationship_building holland.A holland.E holland.S mbti.F mbti.J mbti.P mbti.S,life-transition/self-exploration
Q0910,比起个人成就我更想推动社会,future-vision,likert-4,3,是,4,belief/individualization,enneagram.type1 enneagram.type2 enneagram.type4 enneagram.type5 gallup.executing gallup.relationship_building mbti.F mbti.T,life-transition/leadership-growth
Q0911,你更想创造的人生,future-vision,forced-choice,4,否,4,achiever/relator/learner/harmony,enneagram.type2 enneagram.type3 enneagram.type4 enneagram.type5 enneagram.type7 enneagram.type8 enneagram.type9 gallup.executing gallup.relationship_building gallup.strategic_thinking holland.A holland.E holland.I holland.S mbti.F mbti.N mbti.S mbti.T,life-transition/leadership-growth
Q0912,比起不停规划我更愿边走边看,future-vision,likert-4,3,是,4,adaptability/discipline,enneagram.type1 enneagram.type6 enneagram.type7 enneagram.type9 gallup.executing gallup.relationship_building mbti.J mbti.P,life-transition/career-choice
Q0913,你更想要的生活节奏,future-vision,forced-choice,3,否,4,achiever/harmony/adaptability,enneagram.type3 enneagram.type4 enneagram.type5 enneagram.type7 enneagram.type9 gallup.executing gallup.relationship_building holland.A holland.E mbti.P,life-transition/self-exploration
Q0914,比起被记住我更想要当下活好,future-vision,likert-4,3,是,4,adaptability/significance,enneagram.type3 enneagram.type7 enneagram.type9 gallup.influencing gallup.relationship_building mbti.J mbti.P mbti.S mbti.T,self-exploration/life-transition
Q0915,面对价值观冲突,conflict-choice,forced-choice,3,否,4,responsibility/harmony/empathy/individualization,enneagram.type1 enneagram.type2 enneagram.type4 enneagram.type5 enneagram.type8 enneagram.type9 gallup.executing gallup.relationship_building holland.C holland.I holland.S mbti.F mbti.I mbti.T,self-exploration/relationship-conflict
Q0916,比起被误会我更想直接说开,conflict-choice,likert-4,3,是,4,command/harmony/adaptability,enneagram.type3 enneagram.type5 enneagram.type8 enneagram.type9 gallup.influencing gallup.relationship_building mbti.E mbti.F mbti.I mbti.T,self-exploration/relationship-conflict
Q0917,面对不同意见你倾向,conflict-choice,forced-choice,3,否,4,command/empathy/analytical/harmony,enneagram.type2 enneagram.type3 enneagram.type5 enneagram.type8 enneagram.type9 gallup.influencing gallup.relationship_building gallup.strategic_thinking holland.C holland.S mbti.E mbti.F mbti.J mbti.P mbti.T,mid-career/leadership-growth
Q0918,比起争对错我更愿找共识,conflict-choice,likert-4,3,是,4,harmony/command,enneagram.type2 enneagram.type3 enneagram.type8 enneagram.type9 gallup.influencing gallup.relationship_building mbti.F mbti.T,leadership-growth/mid-career
Q0919,面对不得不做的取舍,conflict-choice,forced-choice,4,否,4,analytical/harmony/responsibility/maximizer,enneagram.type1 enneagram.type2 enneagram.type3 enneagram.type5 enneagram.type9 gallup.executing gallup.influencing gallup.relationship_building gallup.strategic_thinking holland.C holland.E holland.S mbti.F mbti.J mbti.T,mid-career/leadership-growth
Q0920,比起让对方不舒服我更愿自己扛,conflict-choice,likert-4,3,是,4,harmony/command,enneagram.type2 enneagram.type3 enneagram.type8 enneagram.type9 gallup.influencing gallup.relationship_building mbti.F mbti.T,relationship-conflict/self-exploration
Q0921,面对群体压力你,conflict-choice,forced-choice,3,否,4,compliance/command/adaptability,enneagram.type1 enneagram.type4 enneagram.type5 enneagram.type6 enneagram.type8 enneagram.type9 gallup.executing gallup.influencing gallup.relationship_building holland.C mbti.F mbti.I mbti.J mbti.P mbti.T,self-exploration/mid-career
Q0922,比起委屈求全我更愿坦白,conflict-choice,likert-4,3,是,4,command/harmony,enneagram.type1 enneagram.type2 enneagram.type8 enneagram.type9 gallup.influencing gallup.relationship_building mbti.F mbti.T,relationship-conflict/leadership-growth
Q0923,面对原则被破坏,conflict-choice,forced-choice,3,否,4,command/harmony/relator/context,enneagram.type1 enneagram.type2 enneagram.type5 enneagram.type6 enneagram.type8 enneagram.type9 gallup.influencing gallup.relationship_building gallup.strategic_thinking holland.I holland.S mbti.E mbti.F mbti.T,leadership-growth/relationship-conflict
Q0924,比起沉默我更愿被听见,conflict-choice,likert-4,3,是,4,communication/intellection,enneagram.type3 enneagram.type5 enneagram.type8 enneagram.type9 gallup.influencing gallup.strategic_thinking mbti.E mbti.I mbti.T,self-exploration/leadership-growth
Q0925,比起照顾别人情绪我更愿做自己,interpersonal-relationship,likert-4,3,是,4,individualization/developer,enneagram.type2 enneagram.type5 enneagram.type8 gallup.relationship_building mbti.F mbti.I mbti.T,self-exploration/relationship-conflict
Q0926,你更愿的人际关系状态,interpersonal-relationship,forced-choice,3,否,4,relator/harmony/individualization/adaptability,enneagram.type2 enneagram.type4 enneagram.type5 enneagram.type7 enneagram.type9 gallup.relationship_building holland.I holland.S mbti.E mbti.F mbti.I mbti.P mbti.S,self-exploration/life-transition
Q0927,比起麻烦别人我更愿自己扛,interpersonal-relationship,likert-4,3,是,4,intellection/relator,enneagram.type2 enneagram.type3 enneagram.type5 gallup.relationship_building gallup.strategic_thinking mbti.E mbti.F mbti.I mbti.T,self-exploration/mid-career
Q0928,面对和你不同的人你,interpersonal-relationship,forced-choice,3,否,4,relator/analytical/individualization/woo,enneagram.type2 enneagram.type3 enneagram.type4 enneagram.type5 enneagram.type6 enneagram.type7 gallup.influencing gallup.relationship_building gallup.strategic_thinking holland.I holland.S mbti.E mbti.F mbti.I mbti.T,fresh-grad/career-transition
Q0929,比起保持距离我更愿主动,interpersonal-relationship,likert-4,3,是,4,woo/adaptability,enneagram.type2 enneagram.type4 enneagram.type5 enneagram.type7 gallup.influencing gallup.relationship_building mbti.E mbti.F mbti.I,self-exploration/fresh-grad
Q0930,被朋友误解时你倾向,interpersonal-relationship,forced-choice,3,否,4,command/harmony/relator/adaptability,enneagram.type2 enneagram.type3 enneagram.type4 enneagram.type5 enneagram.type6 enneagram.type8 enneagram.type9 gallup.influencing gallup.relationship_building holland.S mbti.E mbti.F mbti.I mbti.T,relationship-conflict/life-transition
Q0931,比起说漂亮话我更愿说实话,interpersonal-relationship,likert-4,3,是,4,command/relator,enneagram.type1 enneagram.type2 enneagram.type8 gallup.influencing gallup.relationship_building mbti.E mbti.F mbti.T,self-exploration/leadership-growth
Q0932,你更享受的关系是,interpersonal-relationship,forced-choice,3,否,4,relator/individualization/learner/harmony,enneagram.type1 enneagram.type2 enneagram.type3 enneagram.type4 enneagram.type5 enneagram.type6 enneagram.type7 enneagram.type9 gallup.relationship_building gallup.strategic_thinking holland.I holland.S mbti.F mbti.I mbti.N mbti.P,life-transition/relationship-conflict
Q0933,比起群聊我更喜欢深聊,interpersonal-relationship,likert-4,3,是,4,intellection/woo,enneagram.type4 enneagram.type5 enneagram.type7 gallup.influencing gallup.strategic_thinking mbti.E mbti.F mbti.I,self-exploration/life-transition
Q0934,面对朋友炫耀你,interpersonal-relationship,forced-choice,3,否,4,relator/individualization/harmony/achiever,enneagram.type2 enneagram.type3 enneagram.type4 enneagram.type7 enneagram.type9 gallup.executing gallup.relationship_building holland.E holland.S mbti.F mbti.T,self-exploration/mid-career
Q0935,比起快速试错我更想一次做对,decision-making,likert-4,3,是,4,discipline/adaptability,enneagram.type1 enneagram.type6 enneagram.type7 gallup.executing gallup.relationship_building mbti.J mbti.P mbti.T,career-choice/entrepreneur-stage
Q0936,面对家人意见你,decision-making,forced-choice,3,否,4,harmony/individualization/relator/adaptability,enneagram.type2 enneagram.type3 enneagram.type5 enneagram.type6 enneagram.type8 enneagram.type9 gallup.relationship_building holland.I holland.S mbti.F mbti.I mbti.J mbti.T,career-choice/life-transition
Q0937,比起被建议我更愿自己想清楚,decision-making,likert-4,3,是,4,individualization/compliance,enneagram.type5 enneagram.type6 enneagram.type8 enneagram.type9 gallup.executing gallup.relationship_building mbti.F mbti.I mbti.J mbti.T,self-exploration/career-choice
Q0938,做选择时你更看重,decision-making,forced-choice,3,否,4,significance/responsibility/maximizer/relator,enneagram.type1 enneagram.type2 enneagram.type3 enneagram.type4 enneagram.type5 enneagram.type7 gallup.executing gallup.influencing gallup.relationship_building holland.A holland.C holland.E mbti.F mbti.J mbti.P mbti.S mbti.T,career-choice/life-transition
Q0939,比起灵活我更愿按既定规则,decision-making,likert-4,3,是,4,discipline/adaptability,enneagram.type1 enneagram.type6 enneagram.type7 gallup.executing gallup.relationship_building mbti.J mbti.P mbti.S,career-choice/mid-career
Q0940,面对不确定你倾向,decision-making,forced-choice,3,否,4,discipline/adaptability/analytical/responsibility,enneagram.type1 enneagram.type5 enneagram.type6 enneagram.type7 enneagram.type9 gallup.executing gallup.relationship_building gallup.strategic_thinking holland.C holland.I holland.R mbti.J mbti.P mbti.S mbti.T,career-choice/life-transition
Q0941,比起权衡所有我更愿快速定,decision-making,likert-4,3,是,4,activator/deliberative,enneagram.type1 enneagram.type3 enneagram.type6 enneagram.type7 gallup.executing gallup.influencing mbti.J mbti.P,career-choice/entrepreneur-stage
Q0942,选择面前你更看,decision-making,forced-choice,3,否,4,analytical/ideation/relator/futuristic,enneagram.type1 enneagram.type2 enneagram.type3 enneagram.type4 enneagram.type5 enneagram.type6 enneagram.type7 gallup.relationship_building gallup.strategic_thinking holland.A holland.C holland.S mbti.F mbti.J mbti.N mbti.T,career-choice/study-direction/study-abroad
Q0943,比起独自决定我更愿团队定,decision-making,likert-4,3,是,4,relator/command,enneagram.type2 enneagram.type3 enneagram.type8 enneagram.type9 gallup.influencing gallup.relationship_building mbti.F mbti.T,leadership-growth/mid-career
Q0944,面对一致的选择你倾向,decision-making,forced-choice,3,否,4,activator/deliberative/harmony,enneagram.type1 enneagram.type3 enneagram.type4 enneagram.type6 enneagram.type7 enneagram.type9 gallup.executing gallup.influencing gallup.relationship_building holland.C holland.E mbti.J mbti.P,career-choice/life-transition
Q0945,比起承认脆弱我更愿装作没事,stress-response,likert-4,3,是,4,discipline/empathy,enneagram.type2 enneagram.type3 enneagram.type4 enneagram.type8 gallup.executing gallup.relationship_building mbti.F mbti.T,self-exploration/mid-career
Q0946,面对压力时你倾向,stress-response,forced-choice,3,否,4,analytical/relator/activator/harmony,enneagram.type1 enneagram.type2 enneagram.type3 enneagram.type5 enneagram.type7 enneagram.type8 enneagram.type9 gallup.influencing gallup.relationship_building gallup.strategic_thinking holland.C holland.R holland.S mbti.E mbti.F mbti.P mbti.T,mid-career/self-exploration
Q0947,比起倾诉我更愿自我消化,stress-response,likert-4,3,是,4,intellection/relator,enneagram.type2 enneagram.type4 enneagram.type5 gallup.relationship_building gallup.strategic_thinking mbti.E mbti.F mbti.I,self-exploration/mid-career
Q0948,面对压力时你最有效的应对,stress-response,forced-choice,3,否,4,discipline/relator/activator/restorative,enneagram.type1 enneagram.type2 enneagram.type5 enneagram.type7 enneagram.type9 gallup.executing gallup.influencing gallup.relationship_building holland.C holland.R holland.S mbti.F mbti.J mbti.P mbti.S,mid-career/academic-stress
Q0949,比起担心未来我更愿专注当下,stress-response,likert-4,3,是,4,adaptability/deliberative,enneagram.type3 enneagram.type6 enneagram.type7 enneagram.type9 gallup.executing gallup.relationship_building mbti.J mbti.P mbti.S,self-exploration/life-transition
Q0950,面对长期压力你,stress-response,forced-choice,3,否,4,achiever/adaptability/harmony/relator,enneagram.type1 enneagram.type2 enneagram.type3 enneagram.type4 enneagram.type9 gallup.executing gallup.relationship_building holland.R holland.S mbti.E mbti.F mbti.P mbti.T,mid-career/academic-stress/parenting-teen
Q0951,比起承认压力我更愿硬扛,stress-response,likert-4,3,是,4,discipline/empathy,enneagram.type2 enneagram.type3 enneagram.type4 enneagram.type8 gallup.executing gallup.relationship_building mbti.F mbti.T,self-exploration/mid-career
Q0952,压力下你更想做的事,stress-response,forced-choice,3,否,4,activator/restorative/harmony,enneagram.type3 enneagram.type4 enneagram.type5 enneagram.type6 enneagram.type7 enneagram.type8 enneagram.type9 gallup.executing gallup.influencing gallup.relationship_building holland.A holland.R mbti.F mbti.P mbti.S,mid-career/academic-stress
Q0953,比起不稳定的情绪我更想稳定,stress-response,likert-4,3,是,4,harmony/adaptability,enneagram.type1 enneagram.type4 enneagram.type7 enneagram.type9 gallup.relationship_building mbti.J mbti.P mbti.S,self-exploration/mid-career
Q0954,面对压力你第一时间,stress-response,forced-choice,3,否,4,restorative/analytical/deliberative/discipline,enneagram.type1 enneagram.type3 enneagram.type5 enneagram.type6 enneagram.type8 enneagram.type9 gallup.executing gallup.strategic_thinking holland.C holland.I mbti.F mbti.S mbti.T,mid-career/academic-stress
Q0955,你更想过的生活是,motivation-value,forced-choice,3,否,4,achiever/harmony/learner/developer,enneagram.type1 enneagram.type2 enneagram.type3 enneagram.type5 enneagram.type7 enneagram.type8 enneagram.type9 gallup.executing gallup.relationship_building gallup.strategic_thinking holland.A holland.E holland.S mbti.F mbti.J mbti.N mbti.P mbti.S mbti.T,life-transition/self-exploration
Q0956,比起被需要我更想自己舒服,motivation-value,likert-4,3,是,4,harmony/developer,enneagram.type2 enneagram.type5 enneagram.type9 gallup.relationship_building mbti.E mbti.F mbti.P mbti.S,self-exploration/career-choice
Q0957,你更深层的内在驱动力,motivation-value,forced-choice,4,否,4,significance/relator/discipline/learner,enneagram.type1 enneagram.type2 enneagram.type3 enneagram.type5 enneagram.type6 enneagram.type8 enneagram.type9 gallup.executing gallup.influencing gallup.relationship_building gallup.strategic_thinking holland.C holland.E holland.I holland.S mbti.F mbti.J mbti.N mbti.S mbti.T,self-exploration/life-transition
Q0958,比起被需要我更想被理解,motivation-value,likert-4,3,是,4,individualization/relator,enneagram.type2 enneagram.type4 enneagram.type5 gallup.relationship_building mbti.E mbti.F mbti.I,self-exploration/relationship-conflict
Q0959,什么让你觉得人生有意义,motivation-value,forced-choice,5,否,4,relator/achiever/intellection/belief,enneagram.type1 enneagram.type2 enneagram.type3 enneagram.type4 enneagram.type5 enneagram.type9 gallup.executing gallup.relationship_building gallup.strategic_thinking holland.E holland.I holland.S mbti.F mbti.J mbti.N,life-transition/self-exploration
Q0960,比起被利用我更愿被真心对待,motivation-value,likert-4,3,是,4,relator/individualization,enneagram.type2 enneagram.type4 enneagram.type5 enneagram.type8 gallup.relationship_building mbti.F mbti.T,self-exploration/life-transition
Q0961,更让你满足的人生是,motivation-value,forced-choice,4,否,4,significance/harmony/achiever/learner,enneagram.type1 enneagram.type2 enneagram.type3 enneagram.type5 enneagram.type7 enneagram.type8 enneagram.type9 gallup.executing gallup.influencing gallup.relationship_building gallup.strategic_thinking holland.A holland.E holland.S mbti.E mbti.P mbti.S mbti.T,life-transition/self-exploration
Q0962,比起被人看见我更想要内在安宁,motivation-value,likert-4,3,是,4,harmony/significance,enneagram.type3 enneagram.type5 enneagram.type9 gallup.influencing gallup.relationship_building mbti.E mbti.I mbti.S,self-exploration/life-transition
Q0963,更让你觉得值得的事,motivation-value,forced-choice,3,否,4,developer/analytical/ideation/command,enneagram.type1 enneagram.type2 enneagram.type3 enneagram.type4 enneagram.type5 enneagram.type7 enneagram.type8 gallup.influencing gallup.relationship_building gallup.strategic_thinking holland.A holland.E holland.I holland.S mbti.F mbti.N mbti.T,career-choice/leadership-growth
Q0964,比起名利我更想留下精神,motivation-value,likert-4,3,是,4,belief/achiever,enneagram.type1 enneagram.type2 enneagram.type3 enneagram.type8 gallup.executing mbti.F mbti.T,life-transition/self-exploration
Q0965,学新东西你倾向,learning-cognition,forced-choice,3,否,4,intellection/developer/discipline/activator,enneagram.type1 enneagram.type2 enneagram.type3 enneagram.type4 enneagram.type5 enneagram.type6 enneagram.type7 gallup.executing gallup.influencing gallup.relationship_building gallup.strategic_thinking holland.C holland.I holland.R holland.S mbti.F mbti.I mbti.J mbti.P,career-transition/fresh-grad
Q0966,比起系统课我更愿自由探索,learning-cognition,likert-4,3,是,4,adaptability/discipline,enneagram.type1 enneagram.type5 enneagram.type6 enneagram.type7 gallup.executing gallup.relationship_building mbti.J mbti.P,career-transition/graduate-school
Q0967,面对难懂的东西你,learning-cognition,forced-choice,3,否,4,discipline/developer/adaptability,enneagram.type1 enneagram.type2 enneagram.type4 enneagram.type5 enneagram.type6 enneagram.type7 enneagram.type9 gallup.executing gallup.relationship_building holland.A holland.C holland.S mbti.F mbti.J mbti.P,academic-stress/study-direction
Q0968,比起多学我更愿学精,learning-cognition,likert-4,3,是,4,focus/ideation,enneagram.type1 enneagram.type5 enneagram.type7 gallup.executing gallup.strategic_thinking mbti.J mbti.P,career-choice/graduate-school
Q0969,学完新东西你会,learning-cognition,forced-choice,3,否,4,developer/discipline/activator/learner,enneagram.type1 enneagram.type2 enneagram.type3 enneagram.type5 enneagram.type7 gallup.executing gallup.influencing gallup.relationship_building gallup.strategic_thinking holland.C holland.I holland.R holland.S mbti.E mbti.F mbti.J mbti.N mbti.P mbti.S,career-transition/graduate-school
Q0970,比起重复我更愿学新的,learning-cognition,likert-4,3,是,4,adaptability/discipline,enneagram.type1 enneagram.type3 enneagram.type6 enneagram.type7 gallup.executing gallup.relationship_building mbti.J mbti.N mbti.P mbti.S,career-choice/life-transition
Q0971,你更擅长的学习方式,learning-cognition,forced-choice,3,否,4,input/developer/activator/discipline,enneagram.type1 enneagram.type2 enneagram.type3 enneagram.type4 enneagram.type5 enneagram.type7 gallup.executing gallup.influencing gallup.relationship_building gallup.strategic_thinking holland.A holland.C holland.R holland.S mbti.E mbti.F mbti.J mbti.N mbti.P mbti.S,career-transition/fresh-grad/graduate-school
Q0972,比起马上能用的我更愿学有深度的,learning-cognition,likert-4,3,是,4,intellection/activator,enneagram.type1 enneagram.type5 enneagram.type7 gallup.influencing gallup.strategic_thinking mbti.J mbti.N mbti.P,study-direction/career-choice
Q0973,面对陌生知识你,learning-cognition,forced-choice,3,否,4,intellection/activator/discipline/developer,enneagram.type1 enneagram.type2 enneagram.type3 enneagram.type5 enneagram.type6 enneagram.type7 gallup.executing gallup.influencing gallup.relationship_building gallup.strategic_thinking holland.C holland.I holland.R holland.S mbti.F mbti.J mbti.P mbti.S mbti.T,career-transition/fresh-grad
Q0974,比起广学我更愿学一样到深处,learning-cognition,likert-4,3,是,4,focus/ideation,enneagram.type1 enneagram.type5 enneagram.type7 gallup.executing gallup.strategic_thinking mbti.J mbti.P,career-choice/graduate-school
Q0975,我经常觉得朋友不够了解我（人际）,interpersonal-relationship,likert-4,4,是,4,empathy,enneagram.type2 enneagram.type4 gallup.relationship_building mbti.E mbti.F mbti.I,career-transition/career-choice/mid-career
Q0976,聚会时我更愿,interpersonal-relationship,forced-choice,2,否,4,achiever/command/analytical,enneagram.type5 enneagram.type6 enneagram.type7 gallup.executing gallup.influencing gallup.strategic_thinking holland.S mbti.E mbti.I mbti.J mbti.P mbti.T,study-abroad/life-transition
Q0977,面对多年没联系的老朋友,interpersonal-relationship,forced-choice,4,否,4,achiever/empathy/analytical,enneagram.type3 enneagram.type4 enneagram.type5 enneagram.type9 gallup.executing gallup.relationship_building gallup.strategic_thinking mbti.F mbti.I mbti.J mbti.N mbti.T,mid-career
Q0978,被朋友冷落我会,interpersonal-relationship,forced-choice,3,否,4,achiever/command/empathy,enneagram.type2 enneagram.type5 enneagram.type6 enneagram.type7 gallup.executing gallup.influencing gallup.relationship_building gallup.strategic_thinking holland.S mbti.E mbti.F mbti.I mbti.J mbti.T,fresh-grad
Q0979,面对朋友的负能量,interpersonal-relationship,forced-choice,2,否,4,command/empathy,enneagram.type2 enneagram.type4 enneagram.type8 enneagram.type9 gallup.influencing gallup.relationship_building holland.S mbti.F mbti.I mbti.N mbti.T,leadership-growth/career-transition/entrepreneur-stage
Q0980,我经常主动缓和紧张气氛（人际）,interpersonal-relationship,likert-4,5,是,4,command/empathy,enneagram.type8 enneagram.type9 gallup.influencing gallup.relationship_building mbti.F mbti.T,career-choice/life-transition
Q0981,被误解时我的反应,interpersonal-relationship,forced-choice,2,否,4,command/empathy,enneagram.type2 enneagram.type4 enneagram.type7 enneagram.type8 gallup.influencing gallup.relationship_building holland.S mbti.E mbti.F mbti.I mbti.N mbti.T,study-abroad
Q0982,被夸时我的反应,interpersonal-relationship,forced-choice,3,否,4,achiever/command/analytical,enneagram.type5 enneagram.type6 enneagram.type7 gallup.executing gallup.influencing gallup.strategic_thinking holland.S mbti.E mbti.I mbti.J mbti.P mbti.T,leadership-growth
Q0983,聚会中遇到特别能聊的人,interpersonal-relationship,forced-choice,3,否,4,achiever/empathy/analytical,enneagram.type3 enneagram.type4 enneagram.type5 enneagram.type9 gallup.executing gallup.relationship_building gallup.strategic_thinking mbti.F mbti.I mbti.J mbti.N mbti.T,career-choice/leadership-growth/study-abroad
Q0984,聚会散场后我,interpersonal-relationship,forced-choice,3,否,4,achiever/command/empathy,enneagram.type2 enneagram.type5 enneagram.type6 enneagram.type7 gallup.executing gallup.influencing gallup.relationship_building gallup.strategic_thinking holland.S mbti.E mbti.F mbti.I mbti.J mbti.T,fresh-grad/mid-career/leadership-growth
Q0985,我经常照顾别人而忽略自己,interpersonal-relationship,likert-4,4,是,4,empathy/analytical,enneagram.type2 enneagram.type5 gallup.relationship_building gallup.strategic_thinking mbti.F mbti.T,study-abroad/relationship-conflict
Q0986,和家人相处时我,interpersonal-relationship,forced-choice,2,否,4,achiever/command/empathy,enneagram.type3 enneagram.type5 enneagram.type7 enneagram.type9 gallup.executing gallup.influencing gallup.relationship_building gallup.strategic_thinking mbti.F mbti.I mbti.J mbti.P mbti.T,graduate-school/parenting-teen/career-choice
Q0987,被调侃时我,interpersonal-relationship,forced-choice,4,否,4,command/empathy,enneagram.type2 enneagram.type4 enneagram.type7 enneagram.type8 gallup.influencing gallup.relationship_building holland.S mbti.E mbti.F mbti.I mbti.N mbti.T,mid-career
Q0988,别人分享秘密给我,interpersonal-relationship,forced-choice,3,否,4,achiever/command/analytical,enneagram.type5 enneagram.type6 enneagram.type7 gallup.executing gallup.influencing gallup.strategic_thinking holland.S mbti.E mbti.I mbti.J mbti.P mbti.T,academic-stress/graduate-school
Q0989,面对爱抱怨的人,interpersonal-relationship,forced-choice,2,否,4,achiever/empathy/analytical,enneagram.type3 enneagram.type4 enneagram.type5 enneagram.type9 gallup.executing gallup.relationship_building gallup.strategic_thinking mbti.F mbti.I mbti.J mbti.N mbti.T,study-abroad
Q0990,我经常羡慕别人有人依靠（人际）,interpersonal-relationship,likert-4,5,是,4,empathy/analytical,enneagram.type2 enneagram.type5 gallup.relationship_building gallup.strategic_thinking mbti.F mbti.T,career-transition/life-transition
Q0991,面对不熟的人求助,interpersonal-relationship,forced-choice,2,否,4,command/empathy,enneagram.type2 enneagram.type4 enneagram.type8 enneagram.type9 gallup.influencing gallup.relationship_building holland.S mbti.F mbti.I mbti.N mbti.T,career-transition/academic-stress
Q0992,我倾向于主动联系,interpersonal-relationship,forced-choice,3,否,4,achiever/command/empathy,enneagram.type3 enneagram.type5 enneagram.type7 enneagram.type9 gallup.executing gallup.influencing gallup.relationship_building gallup.strategic_thinking mbti.F mbti.I mbti.J mbti.P mbti.T,entrepreneur-stage/graduate-school
Q0993,面对朋友的求助,interpersonal-relationship,forced-choice,3,否,4,command/empathy,enneagram.type2 enneagram.type4 enneagram.type7 enneagram.type8 gallup.influencing gallup.relationship_building holland.S mbti.E mbti.F mbti.I mbti.N mbti.T,mid-career
Q0994,朋友结婚/生子我会,interpersonal-relationship,forced-choice,3,否,4,achiever/command/analytical,enneagram.type5 enneagram.type6 enneagram.type7 gallup.executing gallup.influencing gallup.strategic_thinking holland.S mbti.E mbti.I mbti.J mbti.P mbti.T,leadership-growth/career-transition
Q0996,面对朋友的嫉妒,interpersonal-relationship,forced-choice,2,否,4,achiever/command/empathy,enneagram.type2 enneagram.type5 enneagram.type6 enneagram.type7 gallup.executing gallup.influencing gallup.relationship_building gallup.strategic_thinking holland.S mbti.E mbti.F mbti.I mbti.J mbti.T,life-transition/fresh-grad
Q0997,和领导单独相处时,interpersonal-relationship,forced-choice,4,否,4,command/empathy,enneagram.type2 enneagram.type4 enneagram.type8 enneagram.type9 gallup.influencing gallup.relationship_building holland.S mbti.F mbti.I mbti.N mbti.T,life-transition/academic-stress/entrepreneur-stage
Q0998,面对不同性格的朋友,interpersonal-relationship,forced-choice,3,否,4,achiever/command/empathy,enneagram.type3 enneagram.type5 enneagram.type7 enneagram.type9 gallup.executing gallup.influencing gallup.relationship_building gallup.strategic_thinking mbti.F mbti.I mbti.J mbti.P mbti.T,mid-career
Q0999,面对朋友的批评,interpersonal-relationship,forced-choice,2,否,4,command/empathy,enneagram.type2 enneagram.type4 enneagram.type7 enneagram.type8 gallup.influencing gallup.relationship_building holland.S mbti.E mbti.F mbti.I mbti.N mbti.T,career-choice
Q1001,面对朋友的愤怒,interpersonal-relationship,forced-choice,2,否,4,achiever/empathy/analytical,enneagram.type3 enneagram.type4 enneagram.type5 enneagram.type9 gallup.executing gallup.relationship_building gallup.strategic_thinking mbti.F mbti.I mbti.J mbti.N mbti.T,life-transition
Q1002,面对自己的愤怒,interpersonal-relationship,forced-choice,3,否,4,achiever/command/empathy,enneagram.type2 enneagram.type5 enneagram.type6 enneagram.type7 gallup.executing gallup.influencing gallup.relationship_building gallup.strategic_thinking holland.S mbti.E mbti.F mbti.I mbti.J mbti.T,life-transition
Q1003,别人做错事我,interpersonal-relationship,forced-choice,3,否,4,command/empathy,enneagram.type2 enneagram.type4 enneagram.type8 enneagram.type9 gallup.influencing gallup.relationship_building holland.S mbti.F mbti.I mbti.N mbti.T,self-exploration
Q1004,我经常因别人情绪,interpersonal-relationship,forced-choice,3,否,4,achiever/command/empathy,enneagram.type3 enneagram.type5 enneagram.type7 enneagram.type9 gallup.executing gallup.influencing gallup.relationship_building gallup.strategic_thinking mbti.F mbti.I mbti.J mbti.P mbti.T,relationship-conflict/fresh-grad
Q1005,我经常照顾别人而忽略自己（人际）,interpersonal-relationship,likert-4,4,是,4,empathy/analytical,enneagram.type2 enneagram.type5 gallup.relationship_building gallup.strategic_thinking mbti.F mbti.T,study-direction/academic-stress
Q1006,聚会时我更愿（人际）,interpersonal-relationship,forced-choice,2,否,4,achiever/command/analytical,enneagram.type5 enneagram.type6 enneagram.type7 gallup.executing gallup.influencing gallup.strategic_thinking holland.S mbti.E mbti.I mbti.J mbti.P mbti.T,study-abroad/fresh-grad
Q1007,面对多年没联系的老朋友（人际）,interpersonal-relationship,forced-choice,4,否,4,achiever/empathy/analytical,enneagram.type3 enneagram.type4 enneagram.type5 enneagram.type9 gallup.executing gallup.relationship_building gallup.strategic_thinking mbti.F mbti.I mbti.J mbti.N mbti.T,mid-career/fresh-grad
Q1008,被朋友冷落我会（人际）,interpersonal-relationship,forced-choice,3,否,4,achiever/command/empathy,enneagram.type2 enneagram.type5 enneagram.type6 enneagram.type7 gallup.executing gallup.influencing gallup.relationship_building gallup.strategic_thinking holland.S mbti.E mbti.F mbti.I mbti.J mbti.T,career-transition/entrepreneur-stage/fresh-grad
Q1009,面对朋友的负能量（人际）,interpersonal-relationship,forced-choice,2,否,4,command/empathy,enneagram.type2 enneagram.type4 enneagram.type8 enneagram.type9 gallup.influencing gallup.relationship_building holland.S mbti.F mbti.I mbti.N mbti.T,leadership-growth
Q1011,被误解时我的反应（人际）,interpersonal-relationship,forced-choice,2,否,4,command/empathy,enneagram.type2 enneagram.type4 enneagram.type7 enneagram.type8 gallup.influencing gallup.relationship_building holland.S mbti.E mbti.F mbti.I mbti.N mbti.T,graduate-school/fresh-grad
Q1012,被夸时我的反应（人际）,interpersonal-relationship,forced-choice,3,否,4,achiever/command/analytical,enneagram.type5 enneagram.type6 enneagram.type7 gallup.executing gallup.influencing gallup.strategic_thinking holland.S mbti.E mbti.I mbti.J mbti.P mbti.T,leadership-growth/study-abroad/fresh-grad
Q1013,聚会中遇到特别能聊的人（人际）,interpersonal-relationship,forced-choice,3,否,4,achiever/empathy/analytical,enneagram.type3 enneagram.type4 enneagram.type5 enneagram.type9 gallup.executing gallup.relationship_building gallup.strategic_thinking mbti.F mbti.I mbti.J mbti.N mbti.T,life-transition/parenting-teen
Q1014,聚会散场后我（人际）,interpersonal-relationship,forced-choice,3,否,4,achiever/command/empathy,enneagram.type2 enneagram.type5 enneagram.type6 enneagram.type7 gallup.executing gallup.influencing gallup.relationship_building gallup.strategic_thinking holland.S mbti.E mbti.F mbti.I mbti.J mbti.T,study-abroad
Q1015,我经常觉得朋友不够了解我（人际）③,interpersonal-relationship,likert-4,4,是,4,empathy,enneagram.type2 enneagram.type4 gallup.relationship_building mbti.E mbti.F mbti.I,parenting-teen
Q1016,和家人相处时我（人际）,interpersonal-relationship,forced-choice,2,否,4,achiever/command/empathy,enneagram.type3 enneagram.type5 enneagram.type7 enneagram.type9 gallup.executing gallup.influencing gallup.relationship_building gallup.strategic_thinking mbti.F mbti.I mbti.J mbti.P mbti.T,self-exploration/graduate-school
Q1017,被调侃时我（人际）,interpersonal-relationship,forced-choice,4,否,4,command/empathy,enneagram.type2 enneagram.type4 enneagram.type7 enneagram.type8 gallup.influencing gallup.relationship_building holland.S mbti.E mbti.F mbti.I mbti.N mbti.T,study-abroad
Q1018,别人分享秘密给我（人际）,interpersonal-relationship,forced-choice,3,否,4,achiever/command/analytical,enneagram.type5 enneagram.type6 enneagram.type7 gallup.executing gallup.influencing gallup.strategic_thinking holland.S mbti.E mbti.I mbti.J mbti.P mbti.T,mid-career/academic-stress/study-abroad
Q1019,面对爱抱怨的人（人际）,interpersonal-relationship,forced-choice,2,否,4,achiever/empathy/analytical,enneagram.type3 enneagram.type4 enneagram.type5 enneagram.type9 gallup.executing gallup.relationship_building gallup.strategic_thinking mbti.F mbti.I mbti.J mbti.N mbti.T,relationship-conflict/self-exploration/fresh-grad
Q1020,我经常主动缓和紧张气氛（人际）③,interpersonal-relationship,likert-4,5,是,4,command/empathy,enneagram.type8 enneagram.type9 gallup.influencing gallup.relationship_building mbti.F mbti.T,study-direction/graduate-school
Q1021,面对不熟的人求助（人际）,interpersonal-relationship,forced-choice,2,否,4,command/empathy,enneagram.type2 enneagram.type4 enneagram.type8 enneagram.type9 gallup.influencing gallup.relationship_building holland.S mbti.F mbti.I mbti.N mbti.T,study-abroad
Q1022,我倾向于主动联系（人际）,interpersonal-relationship,forced-choice,3,否,4,achiever/command/empathy,enneagram.type3 enneagram.type5 enneagram.type7 enneagram.type9 gallup.executing gallup.influencing gallup.relationship_building gallup.strategic_thinking mbti.F mbti.I mbti.J mbti.P mbti.T,leadership-growth/life-transition/graduate-school
Q1023,面对朋友的求助（人际）,interpersonal-relationship,forced-choice,3,否,4,command/empathy,enneagram.type2 enneagram.type4 enneagram.type7 enneagram.type8 gallup.influencing gallup.relationship_building holland.S mbti.E mbti.F mbti.I mbti.N mbti.T,entrepreneur-stage/self-exploration/life-transition
Q1024,朋友结婚/生子我会（人际）,interpersonal-relationship,forced-choice,3,否,4,achiever/command/analytical,enneagram.type5 enneagram.type6 enneagram.type7 gallup.executing gallup.influencing gallup.strategic_thinking holland.S mbti.E mbti.I mbti.J mbti.P mbti.T,academic-stress/study-abroad
Q1026,面对朋友的嫉妒（人际）,interpersonal-relationship,forced-choice,2,否,4,achiever/command/empathy,enneagram.type2 enneagram.type5 enneagram.type6 enneagram.type7 gallup.executing gallup.influencing gallup.relationship_building gallup.strategic_thinking holland.S mbti.E mbti.F mbti.I mbti.J mbti.T,career-transition/parenting-teen
Q1027,和领导单独相处时（人际）,interpersonal-relationship,forced-choice,4,否,4,command/empathy,enneagram.type2 enneagram.type4 enneagram.type8 enneagram.type9 gallup.influencing gallup.relationship_building holland.S mbti.F mbti.I mbti.N mbti.T,life-transition
Q1028,我经常为自己做的决定感到后悔（决策）,decision-making,likert-4,3,是,4,achiever/command,enneagram.type6 enneagram.type7 gallup.executing gallup.influencing mbti.J mbti.P,study-direction
Q1029,选专业/选工作时,decision-making,forced-choice,2,否,4,achiever/command/empathy,enneagram.type1 enneagram.type2 enneagram.type4 enneagram.type7 gallup.executing gallup.influencing gallup.relationship_building mbti.F mbti.I mbti.J mbti.N mbti.P,study-direction/parenting-teen/fresh-grad
Q1030,面对不可逆决定,decision-making,forced-choice,5,否,4,achiever/command/empathy,enneagram.type6 enneagram.type7 enneagram.type8 enneagram.type9 gallup.executing gallup.influencing gallup.relationship_building holland.C mbti.F mbti.J mbti.P mbti.T,entrepreneur-stage/career-transition
Q1031,面对太多选项时,decision-making,forced-choice,2,否,4,achiever/command/analytical,enneagram.type3 enneagram.type5 enneagram.type6 enneagram.type7 gallup.executing gallup.influencing gallup.strategic_thinking holland.C mbti.I mbti.J mbti.P mbti.T,self-exploration/entrepreneur-stage
Q1032,面对必须取舍时,decision-making,forced-choice,3,否,4,achiever/empathy/analytical,enneagram.type2 enneagram.type3 enneagram.type4 enneagram.type5 gallup.executing gallup.relationship_building gallup.strategic_thinking mbti.F mbti.I mbti.J mbti.N mbti.T,leadership-growth/graduate-school
Q1033,我经常把决定权交给别人（决策）,decision-making,likert-4,3,是,4,achiever/command,enneagram.type6 enneagram.type7 gallup.executing gallup.influencing mbti.J mbti.P,life-transition/career-choice/fresh-grad
Q1034,需要快速决定时,decision-making,forced-choice,3,否,4,achiever/command/analytical,enneagram.type3 enneagram.type5 enneagram.type6 enneagram.type8 gallup.executing gallup.influencing gallup.strategic_thinking holland.C mbti.I mbti.J mbti.T,career-transition/fresh-grad/leadership-growth
Q1035,面对家人反对,decision-making,forced-choice,4,否,4,achiever/command/empathy,enneagram.type1 enneagram.type2 enneagram.type4 enneagram.type7 gallup.executing gallup.influencing gallup.relationship_building mbti.F mbti.I mbti.J mbti.N mbti.P,parenting-teen/fresh-grad
Q1036,面对伴侣反对,decision-making,forced-choice,2,否,4,achiever/command/empathy,enneagram.type6 enneagram.type7 enneagram.type8 enneagram.type9 gallup.executing gallup.influencing gallup.relationship_building holland.C mbti.F mbti.J mbti.P mbti.T,career-transition/graduate-school
Q1037,面对朋友反对,decision-making,forced-choice,4,否,4,achiever/command/analytical,enneagram.type3 enneagram.type5 enneagram.type6 enneagram.type7 gallup.executing gallup.influencing gallup.strategic_thinking holland.C mbti.I mbti.J mbti.P mbti.T,study-direction/relationship-conflict
Q1038,我经常因太多选项无法决定,decision-making,likert-4,3,是,4,achiever/command,enneagram.type6 enneagram.type7 gallup.executing gallup.influencing mbti.J mbti.P,mid-career
Q1039,面对外部意见分歧,decision-making,forced-choice,2,否,4,achiever/command/empathy,enneagram.type4 enneagram.type5 enneagram.type6 enneagram.type8 gallup.executing gallup.influencing gallup.relationship_building gallup.strategic_thinking holland.C mbti.I mbti.J mbti.N mbti.T,graduate-school/leadership-growth/study-direction
Q1040,面对风险决定,decision-making,forced-choice,5,否,4,achiever/command/analytical,enneagram.type3 enneagram.type5 enneagram.type6 enneagram.type8 gallup.executing gallup.influencing gallup.strategic_thinking holland.C mbti.I mbti.J mbti.T,career-transition/fresh-grad/graduate-school
Q1041,面对不确定收益,decision-making,forced-choice,2,否,4,achiever/command/empathy,enneagram.type1 enneagram.type2 enneagram.type4 enneagram.type7 gallup.executing gallup.influencing gallup.relationship_building mbti.F mbti.I mbti.J mbti.N mbti.P,leadership-growth/entrepreneur-stage/study-abroad
Q1042,面对确定性收益,decision-making,forced-choice,3,否,4,achiever/command/empathy,enneagram.type6 enneagram.type7 enneagram.type8 enneagram.type9 gallup.executing gallup.influencing gallup.relationship_building holland.C mbti.F mbti.J mbti.P mbti.T,academic-stress
Q1043,我经常拖延到截止日期,decision-making,likert-4,3,是,4,achiever/command,enneagram.type6 enneagram.type7 gallup.executing gallup.influencing mbti.J mbti.P,leadership-growth
Q1044,面对长远大利,decision-making,forced-choice,3,否,4,achiever/empathy/analytical,enneagram.type2 enneagram.type3 enneagram.type4 enneagram.type5 gallup.executing gallup.relationship_building gallup.strategic_thinking mbti.F mbti.I mbti.J mbti.N mbti.T,career-choice/entrepreneur-stage/academic-stress
Q1045,面对权威建议,decision-making,forced-choice,4,否,4,achiever/command/empathy,enneagram.type4 enneagram.type5 enneagram.type6 enneagram.type8 gallup.executing gallup.influencing gallup.relationship_building gallup.strategic_thinking holland.C mbti.I mbti.J mbti.N mbti.T,career-choice/career-transition
Q1046,面对流行趋势,decision-making,forced-choice,2,否,4,achiever/command/analytical,enneagram.type3 enneagram.type5 enneagram.type6 enneagram.type8 gallup.executing gallup.influencing gallup.strategic_thinking holland.C mbti.I mbti.J mbti.T,life-transition/parenting-teen
Q1047,面对失败后的选择,decision-making,forced-choice,4,否,4,achiever/command/empathy,enneagram.type1 enneagram.type2 enneagram.type4 enneagram.type7 gallup.executing gallup.influencing gallup.relationship_building mbti.F mbti.I mbti.J mbti.N mbti.P,study-abroad/career-choice
Q1049,面对新机会,decision-making,forced-choice,2,否,4,achiever/command/analytical,enneagram.type3 enneagram.type5 enneagram.type6 enneagram.type7 gallup.executing gallup.influencing gallup.strategic_thinking holland.C mbti.I mbti.J mbti.P mbti.T,career-transition
Q1050,面对已有路径,decision-making,forced-choice,5,否,4,achiever/empathy/analytical,enneagram.type2 enneagram.type3 enneagram.type4 enneagram.type5 gallup.executing gallup.relationship_building gallup.strategic_thinking mbti.F mbti.I mbti.J mbti.N mbti.T,relationship-conflict/career-transition/leadership-growth
Q1051,面对未知领域,decision-making,forced-choice,2,否,4,achiever/command/empathy,enneagram.type4 enneagram.type5 enneagram.type6 enneagram.type8 gallup.executing gallup.influencing gallup.relationship_building gallup.strategic_thinking holland.C mbti.I mbti.J mbti.N mbti.T,study-direction
Q1052,面对一致好评,decision-making,forced-choice,3,否,4,achiever/command/analytical,enneagram.type3 enneagram.type5 enneagram.type6 enneagram.type8 gallup.executing gallup.influencing gallup.strategic_thinking holland.C mbti.I mbti.J mbti.T,relationship-conflict/leadership-growth/study-direction
Q1054,面对成本高选项,decision-making,forced-choice,3,否,4,achiever/command/empathy,enneagram.type6 enneagram.type7 enneagram.type8 enneagram.type9 gallup.executing gallup.influencing gallup.relationship_building holland.C mbti.F mbti.J mbti.P mbti.T,study-abroad/leadership-growth
Q1055,面对收益慢选项,decision-making,forced-choice,4,否,4,achiever/command/analytical,enneagram.type3 enneagram.type5 enneagram.type6 enneagram.type7 gallup.executing gallup.influencing gallup.strategic_thinking holland.C mbti.I mbti.J mbti.P mbti.T,mid-career/study-abroad/life-transition
Q1056,面对大额消费,decision-making,forced-choice,2,否,4,achiever/empathy/analytical,enneagram.type2 enneagram.type3 enneagram.type4 enneagram.type5 gallup.executing gallup.relationship_building gallup.strategic_thinking mbti.F mbti.I mbti.J mbti.N mbti.T,self-exploration/fresh-grad
Q1057,选专业/选工作时（决策）,decision-making,forced-choice,4,否,4,achiever/command/empathy,enneagram.type4 enneagram.type5 enneagram.type6 enneagram.type8 gallup.executing gallup.influencing gallup.relationship_building gallup.strategic_thinking holland.C mbti.I mbti.J mbti.N mbti.T,academic-stress/relationship-conflict/leadership-growth
Q1058,我经常因太多选项无法决定（决策）,decision-making,likert-4,3,是,4,achiever/command,enneagram.type6 enneagram.type7 gallup.executing gallup.influencing mbti.J mbti.P,career-transition/study-abroad
Q1059,面对太多选项时（决策）,decision-making,forced-choice,2,否,4,achiever/command/empathy,enneagram.type1 enneagram.type2 enneagram.type4 enneagram.type7 gallup.executing gallup.influencing gallup.relationship_building mbti.F mbti.I mbti.J mbti.N mbti.P,career-transition
Q1060,面对必须取舍时（决策）,decision-making,forced-choice,5,否,4,achiever/command/empathy,enneagram.type6 enneagram.type7 enneagram.type8 enneagram.type9 gallup.executing gallup.influencing gallup.relationship_building holland.C mbti.F mbti.J mbti.P mbti.T,career-choice/entrepreneur-stage
Q1061,面对模糊信息,decision-making,forced-choice,2,否,4,achiever/command/analytical,enneagram.type3 enneagram.type5 enneagram.type6 enneagram.type7 gallup.executing gallup.influencing gallup.strategic_thinking holland.C mbti.I mbti.J mbti.P mbti.T,study-abroad/entrepreneur-stage/life-transition
Q1062,需要快速决定时（决策）,decision-making,forced-choice,3,否,4,achiever/empathy/analytical,enneagram.type2 enneagram.type3 enneagram.type4 enneagram.type5 gallup.executing gallup.relationship_building gallup.strategic_thinking mbti.F mbti.I mbti.J mbti.N mbti.T,career-transition
Q1063,我经常拖延到截止日期（决策）,decision-making,likert-4,3,是,4,achiever/command,enneagram.type6 enneagram.type7 gallup.executing gallup.influencing mbti.J mbti.P,fresh-grad/career-choice/study-abroad
Q1064,面对伴侣反对（决策）,decision-making,forced-choice,3,否,4,achiever/command/analytical,enneagram.type3 enneagram.type5 enneagram.type6 enneagram.type8 gallup.executing gallup.influencing gallup.strategic_thinking holland.C mbti.I mbti.J mbti.T,career-choice
Q1065,面对朋友反对（决策）,decision-making,forced-choice,4,否,4,achiever/command/empathy,enneagram.type1 enneagram.type2 enneagram.type4 enneagram.type7 gallup.executing gallup.influencing gallup.relationship_building mbti.F mbti.I mbti.J mbti.N mbti.P,career-transition/leadership-growth
Q1066,面对内部意见分歧,decision-making,forced-choice,2,否,4,achiever/command/empathy,enneagram.type6 enneagram.type7 enneagram.type8 enneagram.type9 gallup.executing gallup.influencing gallup.relationship_building holland.C mbti.F mbti.J mbti.P mbti.T,graduate-school
Q1067,面对外部意见分歧（决策）,decision-making,forced-choice,4,否,4,achiever/command/analytical,enneagram.type3 enneagram.type5 enneagram.type6 enneagram.type7 gallup.executing gallup.influencing gallup.strategic_thinking holland.C mbti.I mbti.J mbti.P mbti.T,relationship-conflict/study-abroad/leadership-growth
Q1068,我经常为自己做的决定感到后悔（决策）③,decision-making,likert-4,3,是,4,achiever/command,enneagram.type6 enneagram.type7 gallup.executing gallup.influencing mbti.J mbti.P,mid-career
Q1069,面对不确定收益（决策）,decision-making,forced-choice,2,否,4,achiever/command/empathy,enneagram.type4 enneagram.type5 enneagram.type6 enneagram.type8 gallup.executing gallup.influencing gallup.relationship_building gallup.strategic_thinking holland.C mbti.I mbti.J mbti.N mbti.T,entrepreneur-stage/relationship-conflict/study-abroad
Q1070,面对确定性收益（决策）,decision-making,forced-choice,5,否,4,achiever/command/analytical,enneagram.type3 enneagram.type5 enneagram.type6 enneagram.type8 gallup.executing gallup.influencing gallup.strategic_thinking holland.C mbti.I mbti.J mbti.T,parenting-teen/self-exploration
Q1071,面对眼前小利,decision-making,forced-choice,2,否,4,achiever/command/empathy,enneagram.type1 enneagram.type2 enneagram.type4 enneagram.type7 gallup.executing gallup.influencing gallup.relationship_building mbti.F mbti.I mbti.J mbti.N mbti.P,career-transition
Q1072,面对长远大利（决策）,decision-making,forced-choice,3,否,4,achiever/command/empathy,enneagram.type6 enneagram.type7 enneagram.type8 enneagram.type9 gallup.executing gallup.influencing gallup.relationship_building holland.C mbti.F mbti.J mbti.P mbti.T,fresh-grad
Q1073,我经常把决定权交给别人（决策）③,decision-making,likert-4,3,是,4,achiever/command,enneagram.type6 enneagram.type7 gallup.executing gallup.influencing mbti.J mbti.P,academic-stress/self-exploration
Q1074,面对流行趋势（决策）,decision-making,forced-choice,3,否,4,achiever/empathy/analytical,enneagram.type2 enneagram.type3 enneagram.type4 enneagram.type5 gallup.executing gallup.relationship_building gallup.strategic_thinking mbti.F mbti.I mbti.J mbti.N mbti.T,relationship-conflict/mid-career
Q1075,面对失败后的选择（决策）,decision-making,forced-choice,4,否,4,achiever/command/empathy,enneagram.type4 enneagram.type5 enneagram.type6 enneagram.type8 gallup.executing gallup.influencing gallup.relationship_building gallup.strategic_thinking holland.C mbti.I mbti.J mbti.N mbti.T,fresh-grad
Q1076,面对成功后的选择,decision-making,forced-choice,2,否,4,achiever/command/analytical,enneagram.type3 enneagram.type5 enneagram.type6 enneagram.type8 gallup.executing gallup.influencing gallup.strategic_thinking holland.C mbti.I mbti.J mbti.T,fresh-grad/career-transition/career-choice
Q1077,面对新机会（决策）,decision-making,forced-choice,4,否,4,achiever/command/empathy,enneagram.type1 enneagram.type2 enneagram.type4 enneagram.type7 gallup.executing gallup.influencing gallup.relationship_building mbti.F mbti.I mbti.J mbti.N mbti.P,mid-career/academic-stress
Q1079,面对未知领域（决策）,decision-making,forced-choice,2,否,4,achiever/command/analytical,enneagram.type3 enneagram.type5 enneagram.type6 enneagram.type7 gallup.executing gallup.influencing gallup.strategic_thinking holland.C mbti.I mbti.J mbti.P mbti.T,study-abroad
Q1080,面对一致好评（决策）,decision-making,forced-choice,5,否,4,achiever/empathy/analytical,enneagram.type2 enneagram.type3 enneagram.type4 enneagram.type5 gallup.executing gallup.relationship_building gallup.strategic_thinking mbti.F mbti.I mbti.J mbti.N mbti.T,relationship-conflict/study-direction/self-exploration
Q1081,我经常因压力暴饮暴食（压力）,stress-response,likert-4,2,是,4,command/empathy,enneagram.type8 enneagram.type9 gallup.influencing gallup.relationship_building mbti.F mbti.T,graduate-school
Q1082,压力时身体反应,stress-response,forced-choice,3,否,4,achiever/command/empathy,enneagram.type1 enneagram.type4 enneagram.type6 enneagram.type7 gallup.executing gallup.influencing gallup.relationship_building mbti.E mbti.I mbti.J mbti.N,study-abroad/career-transition
Q1083,压力时饮食变化,stress-response,forced-choice,3,否,4,achiever/command/empathy,enneagram.type2 enneagram.type3 enneagram.type4 enneagram.type7 gallup.executing gallup.influencing gallup.relationship_building mbti.F mbti.I mbti.J mbti.N mbti.P,parenting-teen/leadership-growth
Q1084,压力时睡眠变化,stress-response,forced-choice,3,否,4,achiever/command/empathy,enneagram.type5 enneagram.type6 enneagram.type8 enneagram.type9 gallup.executing gallup.influencing gallup.relationship_building gallup.strategic_thinking holland.S mbti.F mbti.I mbti.J mbti.T,career-choice
Q1085,压力时情绪变化,stress-response,forced-choice,4,否,4,achiever/command/empathy,enneagram.type1 enneagram.type4 enneagram.type7 gallup.executing gallup.influencing gallup.relationship_building mbti.E mbti.I mbti.J mbti.N mbti.P,leadership-growth/career-choice/career-transition
Q1086,我经常因压力影响睡眠,stress-response,likert-4,2,是,4,achiever/command,enneagram.type6 enneagram.type7 gallup.executing gallup.influencing mbti.J mbti.P,study-direction
Q1087,压力时工作状态,stress-response,forced-choice,4,否,4,achiever/command/empathy,enneagram.type4 enneagram.type6 enneagram.type8 enneagram.type9 gallup.executing gallup.influencing gallup.relationship_building holland.S mbti.F mbti.I mbti.J mbti.N mbti.T,relationship-conflict/life-transition
Q1088,压力下我更想,stress-response,forced-choice,3,否,4,achiever/command/empathy,enneagram.type1 enneagram.type4 enneagram.type6 enneagram.type7 gallup.executing gallup.influencing gallup.relationship_building mbti.E mbti.I mbti.J mbti.N,life-transition
Q1089,压力下我会拒绝,stress-response,forced-choice,2,否,4,achiever/command/empathy,enneagram.type2 enneagram.type3 enneagram.type4 enneagram.type7 gallup.executing gallup.influencing gallup.relationship_building mbti.F mbti.I mbti.J mbti.N mbti.P,career-choice/study-direction
Q1090,压力下我会答应,stress-response,forced-choice,5,否,4,achiever/command/empathy,enneagram.type5 enneagram.type6 enneagram.type8 enneagram.type9 gallup.executing gallup.influencing gallup.relationship_building gallup.strategic_thinking holland.S mbti.F mbti.I mbti.J mbti.T,career-choice/self-exploration
Q1091,我经常在压力下焦虑,stress-response,likert-4,2,是,4,achiever/command,enneagram.type6 enneagram.type7 gallup.executing gallup.influencing mbti.J mbti.P,parenting-teen/life-transition
Q1092,压力下我会逃避,stress-response,forced-choice,3,否,4,achiever/command/empathy,enneagram.type2 enneagram.type3 enneagram.type5 enneagram.type7 gallup.executing gallup.influencing gallup.relationship_building gallup.strategic_thinking mbti.F mbti.I mbti.J mbti.P mbti.T,graduate-school/self-exploration
Q1093,压力下我会行动,stress-response,forced-choice,3,否,4,achiever/command/empathy,enneagram.type4 enneagram.type6 enneagram.type8 enneagram.type9 gallup.executing gallup.influencing gallup.relationship_building holland.S mbti.F mbti.I mbti.J mbti.N mbti.T,mid-career/parenting-teen/leadership-growth
Q1094,压力下我会思考,stress-response,forced-choice,3,否,4,achiever/command/empathy,enneagram.type1 enneagram.type4 enneagram.type6 enneagram.type7 gallup.executing gallup.influencing gallup.relationship_building mbti.E mbti.I mbti.J mbti.N,mid-career/relationship-conflict/study-direction
Q1095,面对紧急任务,stress-response,forced-choice,4,否,4,achiever/command/empathy,enneagram.type2 enneagram.type3 enneagram.type4 enneagram.type7 gallup.executing gallup.influencing gallup.relationship_building mbti.F mbti.I mbti.J mbti.N mbti.P,graduate-school
Q1096,我经常觉得压力大得喘不过气,stress-response,likert-4,2,是,4,empathy,enneagram.type2 enneagram.type4 gallup.relationship_building mbti.E mbti.F mbti.I,career-choice
Q1097,面对持续压力,stress-response,forced-choice,4,否,4,achiever/command/empathy,enneagram.type1 enneagram.type4 enneagram.type7 gallup.executing gallup.influencing gallup.relationship_building mbti.E mbti.I mbti.J mbti.N mbti.P,mid-career/leadership-growth/career-choice
Q1098,面对突发压力,stress-response,forced-choice,3,否,4,achiever/command/empathy,enneagram.type2 enneagram.type3 enneagram.type5 enneagram.type7 gallup.executing gallup.influencing gallup.relationship_building gallup.strategic_thinking mbti.F mbti.I mbti.J mbti.P mbti.T,academic-stress/career-choice/parenting-teen
Q1099,面对隐性压力,stress-response,forced-choice,2,否,4,achiever/command/empathy,enneagram.type4 enneagram.type6 enneagram.type8 enneagram.type9 gallup.executing gallup.influencing gallup.relationship_building holland.S mbti.F mbti.I mbti.J mbti.N mbti.T,relationship-conflict/leadership-growth/parenting-teen
Q1100,面对显性压力,stress-response,forced-choice,5,否,4,achiever/command/empathy,enneagram.type1 enneagram.type4 enneagram.type6 enneagram.type7 gallup.executing gallup.influencing gallup.relationship_building mbti.E mbti.I mbti.J mbti.N,career-choice
Q1102,面对家庭压力,stress-response,forced-choice,3,否,4,achiever/command/empathy,enneagram.type5 enneagram.type6 enneagram.type8 enneagram.type9 gallup.executing gallup.influencing gallup.relationship_building gallup.strategic_thinking holland.S mbti.F mbti.I mbti.J mbti.T,career-transition/fresh-grad/study-abroad
Q1103,面对健康压力,stress-response,forced-choice,3,否,4,achiever/command/empathy,enneagram.type1 enneagram.type4 enneagram.type7 gallup.executing gallup.influencing gallup.relationship_building mbti.E mbti.I mbti.J mbti.N mbti.P,career-transition/entrepreneur-stage
Q1104,面对经济压力,stress-response,forced-choice,3,否,4,achiever/command/empathy,enneagram.type2 enneagram.type3 enneagram.type5 enneagram.type7 gallup.executing gallup.influencing gallup.relationship_building gallup.strategic_thinking mbti.F mbti.I mbti.J mbti.P mbti.T,entrepreneur-stage
Q1105,面对关系压力,stress-response,forced-choice,4,否,4,achiever/command/empathy,enneagram.type4 enneagram.type6 enneagram.type8 enneagram.type9 gallup.executing gallup.influencing gallup.relationship_building holland.S mbti.F mbti.I mbti.J mbti.N mbti.T,career-choice/entrepreneur-stage/career-transition
Q1106,我经常因压力影响睡眠（压力）,stress-response,likert-4,2,是,4,achiever/command,enneagram.type6 enneagram.type7 gallup.executing gallup.influencing mbti.J mbti.P,fresh-grad/entrepreneur-stage
Q1107,面对外界压力,stress-response,forced-choice,4,否,4,achiever/command/empathy,enneagram.type2 enneagram.type3 enneagram.type4 enneagram.type7 gallup.executing gallup.influencing gallup.relationship_building mbti.F mbti.I mbti.J mbti.N mbti.P,leadership-growth/academic-stress/graduate-school
Q1108,面对内在压力,stress-response,forced-choice,3,否,4,achiever/command/empathy,enneagram.type5 enneagram.type6 enneagram.type8 enneagram.type9 gallup.executing gallup.influencing gallup.relationship_building gallup.strategic_thinking holland.S mbti.F mbti.I mbti.J mbti.T,fresh-grad
Q1109,压力下我会,stress-response,forced-choice,2,否,4,achiever/command/empathy,enneagram.type1 enneagram.type4 enneagram.type7 gallup.executing gallup.influencing gallup.relationship_building mbti.E mbti.I mbti.J mbti.N mbti.P,academic-stress/study-abroad/graduate-school
Q1110,压力时身体反应（压力）,stress-response,forced-choice,5,否,4,achiever/command/empathy,enneagram.type2 enneagram.type3 enneagram.type5 enneagram.type7 gallup.executing gallup.influencing gallup.relationship_building gallup.strategic_thinking mbti.F mbti.I mbti.J mbti.P mbti.T,study-direction/fresh-grad
Q1111,我经常在压力下焦虑（压力）,stress-response,likert-4,2,是,4,achiever/command,enneagram.type6 enneagram.type7 gallup.executing gallup.influencing mbti.J mbti.P,graduate-school/relationship-conflict/academic-stress
Q1112,压力时睡眠变化（压力）,stress-response,forced-choice,3,否,4,achiever/command/empathy,enneagram.type1 enneagram.type4 enneagram.type6 enneagram.type7 gallup.executing gallup.influencing gallup.relationship_building mbti.E mbti.I mbti.J mbti.N,career-choice
Q1113,压力时情绪变化（压力）,stress-response,forced-choice,3,否,4,achiever/command/empathy,enneagram.type2 enneagram.type3 enneagram.type4 enneagram.type7 gallup.executing gallup.influencing gallup.relationship_building mbti.F mbti.I mbti.J mbti.N mbti.P,entrepreneur-stage/life-transition
Q1114,压力时社交变化,stress-response,forced-choice,3,否,4,achiever/command/empathy,enneagram.type5 enneagram.type6 enneagram.type8 enneagram.type9 gallup.executing gallup.influencing gallup.relationship_building gallup.strategic_thinking holland.S mbti.F mbti.I mbti.J mbti.T,career-transition
Q1115,压力时工作状态（压力）,stress-response,forced-choice,4,否,4,achiever/command/empathy,enneagram.type1 enneagram.type4 enneagram.type7 gallup.executing gallup.influencing gallup.relationship_building mbti.E mbti.I mbti.J mbti.N mbti.P,study-abroad/leadership-growth/graduate-school
Q1116,我经常觉得压力大得喘不过气（压力）,stress-response,likert-4,2,是,4,empathy,enneagram.type2 enneagram.type4 gallup.relationship_building mbti.E mbti.F mbti.I,academic-stress
Q1117,压力下我会拒绝（压力）,stress-response,forced-choice,4,否,4,achiever/command/empathy,enneagram.type4 enneagram.type6 enneagram.type8 enneagram.type9 gallup.executing gallup.influencing gallup.relationship_building holland.S mbti.F mbti.I mbti.J mbti.N mbti.T,study-abroad
Q1118,压力下我会答应（压力）,stress-response,forced-choice,3,否,4,achiever/command/empathy,enneagram.type1 enneagram.type4 enneagram.type6 enneagram.type7 gallup.executing gallup.influencing gallup.relationship_building mbti.E mbti.I mbti.J mbti.N,graduate-school/study-direction
Q1119,压力下我更敏感,stress-response,forced-choice,2,否,4,achiever/command/empathy,enneagram.type2 enneagram.type3 enneagram.type4 enneagram.type7 gallup.executing gallup.influencing gallup.relationship_building mbti.F mbti.I mbti.J mbti.N mbti.P,life-transition/leadership-growth
Q1120,压力下我会逃避（压力）,stress-response,forced-choice,5,否,4,achiever/command/empathy,enneagram.type5 enneagram.type6 enneagram.type8 enneagram.type9 gallup.executing gallup.influencing gallup.relationship_building gallup.strategic_thinking holland.S mbti.F mbti.I mbti.J mbti.T,graduate-school/entrepreneur-stage/fresh-grad
Q1121,我经常因压力暴饮暴食（压力）③,stress-response,likert-4,2,是,4,command/empathy,enneagram.type8 enneagram.type9 gallup.influencing gallup.relationship_building mbti.F mbti.T,career-choice/fresh-grad/leadership-growth
Q1122,压力下我会思考（压力）,stress-response,forced-choice,3,否,4,achiever/command/empathy,enneagram.type2 enneagram.type3 enneagram.type5 enneagram.type7 gallup.executing gallup.influencing gallup.relationship_building gallup.strategic_thinking mbti.F mbti.I mbti.J mbti.P mbti.T,fresh-grad/career-transition
Q1123,面对紧急任务（压力）,stress-response,forced-choice,3,否,4,achiever/command/empathy,enneagram.type4 enneagram.type6 enneagram.type8 enneagram.type9 gallup.executing gallup.influencing gallup.relationship_building holland.S mbti.F mbti.I mbti.J mbti.N mbti.T,graduate-school
Q1124,面对多重压力,stress-response,forced-choice,3,否,4,achiever/command/empathy,enneagram.type1 enneagram.type4 enneagram.type6 enneagram.type7 gallup.executing gallup.influencing gallup.relationship_building mbti.E mbti.I mbti.J mbti.N,career-transition
Q1125,面对持续压力（压力）,stress-response,forced-choice,4,否,4,achiever/command/empathy,enneagram.type2 enneagram.type3 enneagram.type4 enneagram.type7 gallup.executing gallup.influencing gallup.relationship_building mbti.F mbti.I mbti.J mbti.N mbti.P,leadership-growth/study-direction/graduate-school
Q1127,面对隐性压力（压力）,stress-response,forced-choice,4,否,4,achiever/command/empathy,enneagram.type1 enneagram.type4 enneagram.type7 gallup.executing gallup.influencing gallup.relationship_building mbti.E mbti.I mbti.J mbti.N mbti.P,academic-stress/study-abroad/fresh-grad
Q1128,面对显性压力（压力）,stress-response,forced-choice,3,否,4,achiever/command/empathy,enneagram.type2 enneagram.type3 enneagram.type5 enneagram.type7 gallup.executing gallup.influencing gallup.relationship_building gallup.strategic_thinking mbti.F mbti.I mbti.J mbti.P mbti.T,life-transition/graduate-school/leadership-growth
Q1129,面对职场压力,stress-response,forced-choice,2,否,4,achiever/command/empathy,enneagram.type4 enneagram.type6 enneagram.type8 enneagram.type9 gallup.executing gallup.influencing gallup.relationship_building holland.S mbti.F mbti.I mbti.J mbti.N mbti.T,graduate-school/career-choice
Q1130,面对家庭压力（压力）,stress-response,forced-choice,5,否,4,achiever/command/empathy,enneagram.type1 enneagram.type4 enneagram.type6 enneagram.type7 gallup.executing gallup.influencing gallup.relationship_building mbti.E mbti.I mbti.J mbti.N,fresh-grad
Q1132,面对经济压力（压力）,stress-response,forced-choice,3,否,4,achiever/command/empathy,enneagram.type5 enneagram.type6 enneagram.type8 enneagram.type9 gallup.executing gallup.influencing gallup.relationship_building gallup.strategic_thinking holland.S mbti.F mbti.I mbti.J mbti.T,career-choice
Q1133,面对关系压力（压力）,stress-response,forced-choice,3,否,4,achiever/command/empathy,enneagram.type1 enneagram.type4 enneagram.type7 gallup.executing gallup.influencing gallup.relationship_building mbti.E mbti.I mbti.J mbti.N mbti.P,parenting-teen/study-direction
Q1134,我经常觉得活着没什么意思,motivation-value,likert-4,3,是,4,empathy,enneagram.type2 enneagram.type4 gallup.relationship_building mbti.E mbti.F mbti.I,graduate-school/study-direction/mid-career
Q1135,工作让我最看重的是（动机）,motivation-value,forced-choice,4,否,4,command/empathy/analytical,enneagram.type4 enneagram.type5 enneagram.type8 enneagram.type9 gallup.influencing gallup.relationship_building gallup.strategic_thinking mbti.F mbti.I mbti.N mbti.T,leadership-growth/mid-career
Q1136,关系让我最看重的是,motivation-value,forced-choice,2,否,4,achiever/command/empathy,enneagram.type1 enneagram.type4 enneagram.type6 enneagram.type7 gallup.executing gallup.influencing gallup.relationship_building mbti.E mbti.I mbti.J mbti.N,leadership-growth/career-choice
Q1137,学习让我最看重的是,motivation-value,forced-choice,4,否,4,achiever/command/empathy,enneagram.type2 enneagram.type3 enneagram.type5 enneagram.type7 gallup.executing gallup.influencing gallup.relationship_building gallup.strategic_thinking mbti.F mbti.I mbti.J mbti.P mbti.T,career-transition
Q1138,什么让我愿意付出,motivation-value,forced-choice,3,否,4,achiever/command/empathy,enneagram.type1 enneagram.type7 enneagram.type8 enneagram.type9 gallup.executing gallup.influencing gallup.relationship_building mbti.E mbti.F mbti.J mbti.T,study-direction/leadership-growth/career-choice
Q1139,我常常不知道自己真正想要什么（动机）,motivation-value,likert-4,2,是,4,command/empathy,enneagram.type8 enneagram.type9 gallup.influencing gallup.relationship_building mbti.F mbti.T,entrepreneur-stage/leadership-growth
Q1140,什么让我愿意改变,motivation-value,forced-choice,5,否,4,achiever/command/empathy,enneagram.type2 enneagram.type3 enneagram.type6 enneagram.type7 gallup.executing gallup.influencing gallup.relationship_building mbti.F mbti.J mbti.P,self-exploration
Q1141,什么让我愿意承担,motivation-value,forced-choice,2,否,4,command/empathy/analytical,enneagram.type4 enneagram.type5 enneagram.type8 enneagram.type9 gallup.influencing gallup.relationship_building gallup.strategic_thinking mbti.F mbti.I mbti.N mbti.T,career-choice
Q1142,我更想追求什么,motivation-value,forced-choice,3,否,4,achiever/command/empathy,enneagram.type1 enneagram.type4 enneagram.type6 enneagram.type7 gallup.executing gallup.influencing gallup.relationship_building mbti.E mbti.I mbti.J mbti.N,academic-stress/parenting-teen
Q1143,我更想放弃什么,motivation-value,forced-choice,3,否,4,achiever/command/empathy,enneagram.type2 enneagram.type3 enneagram.type5 enneagram.type7 gallup.executing gallup.influencing gallup.relationship_building gallup.strategic_thinking mbti.F mbti.I mbti.J mbti.P mbti.T,academic-stress
Q1144,比起被需要我更想要自由,motivation-value,likert-4,3,是,4,achiever/command,enneagram.type6 enneagram.type7 gallup.executing gallup.influencing mbti.J mbti.P,fresh-grad
Q1145,我更想成为什么,motivation-value,forced-choice,4,否,4,achiever/command/empathy,enneagram.type3 enneagram.type4 enneagram.type6 enneagram.type7 gallup.executing gallup.influencing gallup.relationship_building mbti.I mbti.J mbti.N mbti.P,fresh-grad
Q1146,什么让我满足,motivation-value,forced-choice,2,否,4,achiever/command/empathy,enneagram.type2 enneagram.type3 enneagram.type6 enneagram.type7 gallup.executing gallup.influencing gallup.relationship_building mbti.F mbti.J mbti.P,academic-stress
Q1147,什么让我充实,motivation-value,forced-choice,4,否,4,command/empathy/analytical,enneagram.type4 enneagram.type5 enneagram.type8 enneagram.type9 gallup.influencing gallup.relationship_building gallup.strategic_thinking mbti.F mbti.I mbti.N mbti.T,life-transition/self-exploration/entrepreneur-stage
Q1148,什么让我空虚,motivation-value,forced-choice,3,否,4,achiever/command/empathy,enneagram.type1 enneagram.type4 enneagram.type6 enneagram.type7 gallup.executing gallup.influencing gallup.relationship_building mbti.E mbti.I mbti.J mbti.N,study-direction/study-abroad/life-transition
Q1149,比起钱我更想有意义,motivation-value,likert-4,2,是,4,achiever/command,enneagram.type1 enneagram.type7 gallup.executing gallup.influencing mbti.J mbti.P,self-exploration
Q1150,什么让我没动力,motivation-value,forced-choice,5,否,4,achiever/command/empathy,enneagram.type1 enneagram.type7 enneagram.type8 enneagram.type9 gallup.executing gallup.influencing gallup.relationship_building mbti.E mbti.F mbti.J mbti.T,study-direction
Q1151,什么让我开心,motivation-value,forced-choice,2,否,4,achiever/command/empathy,enneagram.type3 enneagram.type4 enneagram.type6 enneagram.type7 gallup.executing gallup.influencing gallup.relationship_building mbti.I mbti.J mbti.N mbti.P,academic-stress/parenting-teen/self-exploration
Q1152,什么让我沮丧,motivation-value,forced-choice,3,否,4,achiever/command/empathy,enneagram.type2 enneagram.type3 enneagram.type6 enneagram.type7 gallup.executing gallup.influencing gallup.relationship_building mbti.F mbti.J mbti.P,life-transition/mid-career/study-abroad
Q1153,什么让我骄傲,motivation-value,forced-choice,3,否,4,command/empathy/analytical,enneagram.type4 enneagram.type5 enneagram.type8 enneagram.type9 gallup.influencing gallup.relationship_building gallup.strategic_thinking mbti.F mbti.I mbti.N mbti.T,study-direction/parenting-teen
Q1154,我经常觉得活着没什么意思（动机）,motivation-value,likert-4,3,是,4,empathy,enneagram.type2 enneagram.type4 gallup.relationship_building mbti.E mbti.F mbti.I,career-transition/self-exploration/career-choice
Q1155,什么让我遗憾,motivation-value,forced-choice,4,否,4,achiever/command/empathy,enneagram.type2 enneagram.type3 enneagram.type5 enneagram.type7 gallup.executing gallup.influencing gallup.relationship_building gallup.strategic_thinking mbti.F mbti.I mbti.J mbti.P mbti.T,study-abroad/life-transition
Q1156,什么让我感恩,motivation-value,forced-choice,2,否,4,achiever/command/empathy,enneagram.type1 enneagram.type7 enneagram.type8 enneagram.type9 gallup.executing gallup.influencing gallup.relationship_building mbti.E mbti.F mbti.J mbti.T,academic-stress/graduate-school
Q1157,什么让我珍惜,motivation-value,forced-choice,4,否,4,achiever/command/empathy,enneagram.type3 enneagram.type4 enneagram.type6 enneagram.type7 gallup.executing gallup.influencing gallup.relationship_building mbti.I mbti.J mbti.N mbti.P,study-abroad
Q1158,什么让我释怀,motivation-value,forced-choice,3,否,4,achiever/command/empathy,enneagram.type2 enneagram.type3 enneagram.type6 enneagram.type7 gallup.executing gallup.influencing gallup.relationship_building mbti.F mbti.J mbti.P,fresh-grad
Q1160,什么让我畏惧,motivation-value,forced-choice,5,否,4,achiever/command/empathy,enneagram.type1 enneagram.type4 enneagram.type6 enneagram.type7 gallup.executing gallup.influencing gallup.relationship_building mbti.E mbti.I mbti.J mbti.N,graduate-school/career-transition
Q1161,什么让我勇敢,motivation-value,forced-choice,2,否,4,achiever/command/empathy,enneagram.type2 enneagram.type3 enneagram.type5 enneagram.type7 gallup.executing gallup.influencing gallup.relationship_building gallup.strategic_thinking mbti.F mbti.I mbti.J mbti.P mbti.T,academic-stress/fresh-grad
Q1162,人生让我最看重的是,motivation-value,forced-choice,3,否,4,achiever/command/empathy,enneagram.type1 enneagram.type7 enneagram.type8 enneagram.type9 gallup.executing gallup.influencing gallup.relationship_building mbti.E mbti.F mbti.J mbti.T,self-exploration/fresh-grad/leadership-growth
Q1164,比起被需要我更想要自由（动机）,motivation-value,likert-4,3,是,4,achiever/command,enneagram.type6 enneagram.type7 gallup.executing gallup.influencing mbti.J mbti.P,study-direction/entrepreneur-stage
Q1165,学习让我最看重的是（动机）,motivation-value,forced-choice,4,否,4,command/empathy/analytical,enneagram.type4 enneagram.type5 enneagram.type8 enneagram.type9 gallup.influencing gallup.relationship_building gallup.strategic_thinking mbti.F mbti.I mbti.N mbti.T,career-choice/career-transition
Q1166,什么让我愿意付出（动机）,motivation-value,forced-choice,2,否,4,achiever/command/empathy,enneagram.type1 enneagram.type4 enneagram.type6 enneagram.type7 gallup.executing gallup.influencing gallup.relationship_building mbti.E mbti.I mbti.J mbti.N,self-exploration/academic-stress/mid-career
Q1167,什么让我愿意坚持,motivation-value,forced-choice,4,否,4,achiever/command/empathy,enneagram.type2 enneagram.type3 enneagram.type5 enneagram.type7 gallup.executing gallup.influencing gallup.relationship_building gallup.strategic_thinking mbti.F mbti.I mbti.J mbti.P mbti.T,self-exploration/entrepreneur-stage
Q1168,什么让我愿意改变（动机）,motivation-value,forced-choice,3,否,4,achiever/command/empathy,enneagram.type1 enneagram.type7 enneagram.type8 enneagram.type9 gallup.executing gallup.influencing gallup.relationship_building mbti.E mbti.F mbti.J mbti.T,career-transition/self-exploration/entrepreneur-stage
Q1169,比起钱我更想有意义（动机）,motivation-value,likert-4,2,是,4,achiever/command,enneagram.type1 enneagram.type7 gallup.executing gallup.influencing mbti.J mbti.P,graduate-school
Q1170,我更想追求什么（动机）,motivation-value,forced-choice,5,否,4,achiever/command/empathy,enneagram.type2 enneagram.type3 enneagram.type6 enneagram.type7 gallup.executing gallup.influencing gallup.relationship_building mbti.F mbti.J mbti.P,mid-career
Q1171,我更想放弃什么（动机）,motivation-value,forced-choice,2,否,4,command/empathy/analytical,enneagram.type4 enneagram.type5 enneagram.type8 enneagram.type9 gallup.influencing gallup.relationship_building gallup.strategic_thinking mbti.F mbti.I mbti.N mbti.T,career-choice/leadership-growth
Q1172,我更想拥有什么,motivation-value,forced-choice,3,否,4,achiever/command/empathy,enneagram.type1 enneagram.type4 enneagram.type6 enneagram.type7 gallup.executing gallup.influencing gallup.relationship_building mbti.E mbti.I mbti.J mbti.N,fresh-grad/mid-career/parenting-teen
Q1173,我更想成为什么（动机）,motivation-value,forced-choice,3,否,4,achiever/command/empathy,enneagram.type2 enneagram.type3 enneagram.type5 enneagram.type7 gallup.executing gallup.influencing gallup.relationship_building gallup.strategic_thinking mbti.F mbti.I mbti.J mbti.P mbti.T,fresh-grad/study-abroad/academic-stress
Q1175,什么让我充实（动机）,motivation-value,forced-choice,4,否,4,achiever/command/empathy,enneagram.type3 enneagram.type4 enneagram.type6 enneagram.type7 gallup.executing gallup.influencing gallup.relationship_building mbti.I mbti.J mbti.N mbti.P,entrepreneur-stage/academic-stress
Q1176,什么让我空虚（动机）,motivation-value,forced-choice,2,否,4,achiever/command/empathy,enneagram.type2 enneagram.type3 enneagram.type6 enneagram.type7 gallup.executing gallup.influencing gallup.relationship_building mbti.F mbti.J mbti.P,life-transition/career-transition/mid-career
Q1177,什么让我有动力,motivation-value,forced-choice,4,否,4,command/empathy/analytical,enneagram.type4 enneagram.type5 enneagram.type8 enneagram.type9 gallup.influencing gallup.relationship_building gallup.strategic_thinking mbti.F mbti.I mbti.N mbti.T,leadership-growth/graduate-school
Q1178,什么让我没动力（动机）,motivation-value,forced-choice,3,否,4,achiever/command/empathy,enneagram.type1 enneagram.type4 enneagram.type6 enneagram.type7 gallup.executing gallup.influencing gallup.relationship_building mbti.E mbti.I mbti.J mbti.N,self-exploration/academic-stress/life-transition
Q1179,我常常不知道自己真正想要什么（动机）③,motivation-value,likert-4,2,是,4,command/empathy,enneagram.type8 enneagram.type9 gallup.influencing gallup.relationship_building mbti.F mbti.T,graduate-school/leadership-growth/study-direction
Q1180,什么让我沮丧（动机）,motivation-value,forced-choice,5,否,4,achiever/command/empathy,enneagram.type1 enneagram.type7 enneagram.type8 enneagram.type9 gallup.executing gallup.influencing gallup.relationship_building mbti.E mbti.F mbti.J mbti.T,self-exploration
Q1181,什么让我骄傲（动机）,motivation-value,forced-choice,2,否,4,achiever/command/empathy,enneagram.type3 enneagram.type4 enneagram.type6 enneagram.type7 gallup.executing gallup.influencing gallup.relationship_building mbti.I mbti.J mbti.N mbti.P,self-exploration/fresh-grad/mid-career
Q1182,什么让我愧疚,motivation-value,forced-choice,3,否,4,achiever/command/empathy,enneagram.type2 enneagram.type3 enneagram.type6 enneagram.type7 gallup.executing gallup.influencing gallup.relationship_building mbti.F mbti.J mbti.P,entrepreneur-stage
Q1183,什么让我遗憾（动机）,motivation-value,forced-choice,3,否,4,command/empathy/analytical,enneagram.type4 enneagram.type5 enneagram.type8 enneagram.type9 gallup.influencing gallup.relationship_building gallup.strategic_thinking mbti.F mbti.I mbti.N mbti.T,graduate-school/self-exploration/leadership-growth
Q1185,什么让我珍惜（动机）,motivation-value,forced-choice,4,否,4,achiever/command/empathy,enneagram.type2 enneagram.type3 enneagram.type5 enneagram.type7 gallup.executing gallup.influencing gallup.relationship_building gallup.strategic_thinking mbti.F mbti.I mbti.J mbti.P mbti.T,study-abroad/self-exploration
Q1186,什么让我释怀（动机）,motivation-value,forced-choice,2,否,4,achiever/command/empathy,enneagram.type1 enneagram.type7 enneagram.type8 enneagram.type9 gallup.executing gallup.influencing gallup.relationship_building mbti.E mbti.F mbti.J mbti.T,entrepreneur-stage/fresh-grad/academic-stress
Q1187,我经常因为怕学不会而不敢开始（学习）,learning-cognition,likert-4,4,是,4,achiever/command,enneagram.type6 enneagram.type7 gallup.executing gallup.influencing mbti.J mbti.P,relationship-conflict/life-transition
Q1188,面对听不懂的内容,learning-cognition,forced-choice,3,否,4,achiever/command/empathy,enneagram.type1 enneagram.type2 enneagram.type5 enneagram.type7 gallup.executing gallup.influencing gallup.relationship_building gallup.strategic_thinking holland.I mbti.F mbti.I mbti.J mbti.P mbti.T,study-abroad/leadership-growth/relationship-conflict
Q1189,面对看不下去的书,learning-cognition,forced-choice,2,否,4,achiever/command/analytical,enneagram.type3 enneagram.type5 enneagram.type6 enneagram.type7 gallup.executing gallup.influencing gallup.strategic_thinking holland.I mbti.E mbti.I mbti.J mbti.T,study-direction/fresh-grad/career-transition
Q1190,面对枯燥的内容,learning-cognition,forced-choice,5,否,4,achiever/command/empathy,enneagram.type1 enneagram.type2 enneagram.type4 enneagram.type7 gallup.executing gallup.influencing gallup.relationship_building mbti.F mbti.I mbti.J mbti.N mbti.P,leadership-growth/fresh-grad
Q1191,面对有趣的内容,learning-cognition,forced-choice,2,否,4,command/empathy/analytical,enneagram.type5 enneagram.type7 enneagram.type8 enneagram.type9 gallup.influencing gallup.relationship_building gallup.strategic_thinking holland.I mbti.F mbti.I mbti.P mbti.T,entrepreneur-stage/academic-stress/career-transition
Q1192,我经常因焦虑学不进去（学习）,learning-cognition,likert-4,3,是,4,achiever/command,enneagram.type6 enneagram.type7 gallup.executing gallup.influencing mbti.J mbti.P,fresh-grad
Q1193,学习遇到瓶颈,learning-cognition,forced-choice,3,否,4,achiever/command/empathy,enneagram.type3 enneagram.type4 enneagram.type5 enneagram.type7 gallup.executing gallup.influencing gallup.relationship_building gallup.strategic_thinking holland.I mbti.E mbti.I mbti.J mbti.N mbti.T,study-abroad/parenting-teen
Q1194,学习到新领域,learning-cognition,forced-choice,3,否,4,achiever/command/empathy,enneagram.type1 enneagram.type2 enneagram.type5 enneagram.type7 gallup.executing gallup.influencing gallup.relationship_building gallup.strategic_thinking holland.I mbti.F mbti.I mbti.J mbti.P mbti.T,study-direction
Q1195,跨领域学习,learning-cognition,forced-choice,4,否,4,achiever/command/analytical,enneagram.type3 enneagram.type5 enneagram.type6 enneagram.type7 gallup.executing gallup.influencing gallup.strategic_thinking holland.I mbti.E mbti.I mbti.J mbti.T,career-choice
Q1196,学以致用,learning-cognition,forced-choice,2,否,4,achiever/command/empathy,enneagram.type1 enneagram.type2 enneagram.type4 enneagram.type7 gallup.executing gallup.influencing gallup.relationship_building mbti.F mbti.I mbti.J mbti.N mbti.P,relationship-conflict
Q1197,比起理论我更喜欢案例（学习）,learning-cognition,likert-4,4,是,4,achiever/command,enneagram.type6 enneagram.type7 gallup.executing gallup.influencing mbti.J mbti.P,life-transition/parenting-teen/career-transition
Q1198,学完自己消化,learning-cognition,forced-choice,3,否,4,achiever/command/analytical,enneagram.type3 enneagram.type5 enneagram.type6 enneagram.type7 gallup.executing gallup.influencing gallup.strategic_thinking holland.I mbti.I mbti.J mbti.P mbti.T,self-exploration/fresh-grad
Q1199,学习时更依赖,learning-cognition,forced-choice,2,否,4,achiever/command/empathy,enneagram.type3 enneagram.type4 enneagram.type5 enneagram.type7 gallup.executing gallup.influencing gallup.relationship_building gallup.strategic_thinking holland.I mbti.E mbti.I mbti.J mbti.N mbti.T,study-abroad/mid-career/parenting-teen
Q1200,学习时间偏好,learning-cognition,forced-choice,5,否,4,achiever/command/empathy,enneagram.type1 enneagram.type2 enneagram.type5 enneagram.type7 gallup.executing gallup.influencing gallup.relationship_building gallup.strategic_thinking holland.I mbti.F mbti.I mbti.J mbti.P mbti.T,relationship-conflict/self-exploration
Q1201,学习环境偏好,learning-cognition,forced-choice,2,否,4,achiever/command/analytical,enneagram.type3 enneagram.type5 enneagram.type6 enneagram.type7 gallup.executing gallup.influencing gallup.strategic_thinking holland.I mbti.E mbti.I mbti.J mbti.T,study-direction
Q1203,面对新工具,learning-cognition,forced-choice,3,否,4,command/empathy/analytical,enneagram.type5 enneagram.type7 enneagram.type8 enneagram.type9 gallup.influencing gallup.relationship_building gallup.strategic_thinking holland.I mbti.F mbti.I mbti.P mbti.T,study-abroad/study-direction
Q1204,面对新方法,learning-cognition,forced-choice,3,否,4,achiever/command/analytical,enneagram.type3 enneagram.type5 enneagram.type6 enneagram.type7 gallup.executing gallup.influencing gallup.strategic_thinking holland.I mbti.I mbti.J mbti.P mbti.T,leadership-growth/relationship-conflict/career-choice
Q1205,面对新理论,learning-cognition,forced-choice,4,否,4,achiever/command/empathy,enneagram.type3 enneagram.type4 enneagram.type5 enneagram.type7 gallup.executing gallup.influencing gallup.relationship_building gallup.strategic_thinking holland.I mbti.E mbti.I mbti.J mbti.N mbti.T,study-abroad/career-transition/relationship-conflict
Q1206,面对新实践,learning-cognition,forced-choice,2,否,4,achiever/command/empathy,enneagram.type1 enneagram.type2 enneagram.type5 enneagram.type7 gallup.executing gallup.influencing gallup.relationship_building gallup.strategic_thinking holland.I mbti.F mbti.I mbti.J mbti.P mbti.T,parenting-teen
Q1208,学新东西的频率,learning-cognition,forced-choice,3,否,4,achiever/command/empathy,enneagram.type1 enneagram.type2 enneagram.type4 enneagram.type7 gallup.executing gallup.influencing gallup.relationship_building mbti.F mbti.I mbti.J mbti.N mbti.P,entrepreneur-stage/academic-stress/relationship-conflict
Q1209,学新东西的深度,learning-cognition,forced-choice,2,否,4,command/empathy/analytical,enneagram.type5 enneagram.type7 enneagram.type8 enneagram.type9 gallup.influencing gallup.relationship_building gallup.strategic_thinking holland.I mbti.F mbti.I mbti.P mbti.T,life-transition/mid-career/leadership-growth
Q1210,学新东西的速度,learning-cognition,forced-choice,5,否,4,achiever/command/analytical,enneagram.type3 enneagram.type5 enneagram.type6 enneagram.type7 gallup.executing gallup.influencing gallup.strategic_thinking holland.I mbti.I mbti.J mbti.P mbti.T,life-transition/leadership-growth
Q1211,面对学过的内容,learning-cognition,forced-choice,2,否,4,achiever/command/empathy,enneagram.type3 enneagram.type4 enneagram.type5 enneagram.type7 gallup.executing gallup.influencing gallup.relationship_building gallup.strategic_thinking holland.I mbti.E mbti.I mbti.J mbti.N mbti.T,study-direction/mid-career
Q1213,面对学得会的内容,learning-cognition,forced-choice,3,否,4,achiever/command/analytical,enneagram.type3 enneagram.type5 enneagram.type6 enneagram.type7 gallup.executing gallup.influencing gallup.strategic_thinking holland.I mbti.E mbti.I mbti.J mbti.T,life-transition
Q1214,面对不教的内容,learning-cognition,forced-choice,3,否,4,achiever/command/empathy,enneagram.type1 enneagram.type2 enneagram.type4 enneagram.type7 gallup.executing gallup.influencing gallup.relationship_building mbti.F mbti.I mbti.J mbti.N mbti.P,graduate-school/parenting-teen/leadership-growth
Q1215,学新东西我,learning-cognition,forced-choice,4,否,4,command/empathy/analytical,enneagram.type5 enneagram.type7 enneagram.type8 enneagram.type9 gallup.influencing gallup.relationship_building gallup.strategic_thinking holland.I mbti.F mbti.I mbti.P mbti.T,fresh-grad/study-abroad
Q1216,面对听不懂的内容（学习）,learning-cognition,forced-choice,2,否,4,achiever/command/analytical,enneagram.type3 enneagram.type5 enneagram.type6 enneagram.type7 gallup.executing gallup.influencing gallup.strategic_thinking holland.I mbti.I mbti.J mbti.P mbti.T,relationship-conflict/career-transition
Q1218,面对枯燥的内容（学习）,learning-cognition,forced-choice,3,否,4,achiever/command/empathy,enneagram.type1 enneagram.type2 enneagram.type5 enneagram.type7 gallup.executing gallup.influencing gallup.relationship_building gallup.strategic_thinking holland.I mbti.F mbti.I mbti.J mbti.P mbti.T,academic-stress/leadership-growth
Q1219,面对有趣的内容（学习）,learning-cognition,forced-choice,2,否,4,achiever/command/analytical,enneagram.type3 enneagram.type5 enneagram.type6 enneagram.type7 gallup.executing gallup.influencing gallup.strategic_thinking holland.I mbti.E mbti.I mbti.J mbti.T,study-direction
Q1220,学完一门课,learning-cognition,forced-choice,5,否,4,achiever/command/empathy,enneagram.type1 enneagram.type2 enneagram.type4 enneagram.type7 gallup.executing gallup.influencing gallup.relationship_building mbti.F mbti.I mbti.J mbti.N mbti.P,study-abroad
Q1221,学习遇到瓶颈（学习）,learning-cognition,forced-choice,2,否,4,command/empathy/analytical,enneagram.type5 enneagram.type7 enneagram.type8 enneagram.type9 gallup.influencing gallup.relationship_building gallup.strategic_thinking holland.I mbti.F mbti.I mbti.P mbti.T,mid-career/study-direction
Q1223,跨领域学习（学习）,learning-cognition,forced-choice,3,否,4,achiever/command/empathy,enneagram.type3 enneagram.type4 enneagram.type5 enneagram.type7 gallup.executing gallup.influencing gallup.relationship_building gallup.strategic_thinking holland.I mbti.E mbti.I mbti.J mbti.N mbti.T,academic-stress/leadership-growth
Q1224,学以致用（学习）,learning-cognition,forced-choice,3,否,4,achiever/command/empathy,enneagram.type1 enneagram.type2 enneagram.type5 enneagram.type7 gallup.executing gallup.influencing gallup.relationship_building gallup.strategic_thinking holland.I mbti.F mbti.I mbti.J mbti.P mbti.T,self-exploration/career-choice
Q1225,学完分享给他人,learning-cognition,forced-choice,4,否,4,achiever/command/analytical,enneagram.type3 enneagram.type5 enneagram.type6 enneagram.type7 gallup.executing gallup.influencing gallup.strategic_thinking holland.I mbti.E mbti.I mbti.J mbti.T,life-transition
Q1226,学完自己消化（学习）,learning-cognition,forced-choice,2,否,4,achiever/command/empathy,enneagram.type1 enneagram.type2 enneagram.type4 enneagram.type7 gallup.executing gallup.influencing gallup.relationship_building mbti.F mbti.I mbti.J mbti.N mbti.P,self-exploration/parenting-teen
Q1227,我经常因为怕学不会而不敢开始（学习）③,learning-cognition,likert-4,4,是,4,achiever/command,enneagram.type6 enneagram.type7 gallup.executing gallup.influencing mbti.J mbti.P,mid-career/career-choice/entrepreneur-stage
Q1228,学习时间偏好（学习）,learning-cognition,forced-choice,3,否,4,achiever/command/analytical,enneagram.type3 enneagram.type5 enneagram.type6 enneagram.type7 gallup.executing gallup.influencing gallup.strategic_thinking holland.I mbti.I mbti.J mbti.P mbti.T,relationship-conflict/career-choice
Q1229,学习环境偏好（学习）,learning-cognition,forced-choice,2,否,4,achiever/command/empathy,enneagram.type3 enneagram.type4 enneagram.type5 enneagram.type7 gallup.executing gallup.influencing gallup.relationship_building gallup.strategic_thinking holland.I mbti.E mbti.I mbti.J mbti.N mbti.T,graduate-school/parenting-teen
Q1230,学习伙伴偏好,learning-cognition,forced-choice,5,否,4,achiever/command/empathy,enneagram.type1 enneagram.type2 enneagram.type5 enneagram.type7 gallup.executing gallup.influencing gallup.relationship_building gallup.strategic_thinking holland.I mbti.F mbti.I mbti.J mbti.P mbti.T,life-transition/self-exploration
Q1231,面对新工具（学习）,learning-cognition,forced-choice,2,否,4,achiever/command/analytical,enneagram.type3 enneagram.type5 enneagram.type6 enneagram.type7 gallup.executing gallup.influencing gallup.strategic_thinking holland.I mbti.E mbti.I mbti.J mbti.T,mid-career/life-transition/leadership-growth
Q1232,我经常因焦虑学不进去（学习）③,learning-cognition,likert-4,3,是,4,achiever/command,enneagram.type6 enneagram.type7 gallup.executing gallup.influencing mbti.J mbti.P,study-abroad/relationship-conflict/life-transition
Q1233,面对新理论（学习）,learning-cognition,forced-choice,3,否,4,command/empathy/analytical,enneagram.type5 enneagram.type7 enneagram.type8 enneagram.type9 gallup.influencing gallup.relationship_building gallup.strategic_thinking holland.I mbti.F mbti.I mbti.P mbti.T,self-exploration/relationship-conflict
Q1234,面对新实践（学习）,learning-cognition,forced-choice,3,否,4,achiever/command/analytical,enneagram.type3 enneagram.type5 enneagram.type6 enneagram.type7 gallup.executing gallup.influencing gallup.strategic_thinking holland.I mbti.I mbti.J mbti.P mbti.T,self-exploration
Q1235,学新东西的动机,learning-cognition,forced-choice,4,否,4,achiever/command/empathy,enneagram.type3 enneagram.type4 enneagram.type5 enneagram.type7 gallup.executing gallup.influencing gallup.relationship_building gallup.strategic_thinking holland.I mbti.E mbti.I mbti.J mbti.N mbti.T,fresh-grad/life-transition
Q1236,学新东西的频率（学习）,learning-cognition,forced-choice,2,否,4,achiever/command/empathy,enneagram.type1 enneagram.type2 enneagram.type5 enneagram.type7 gallup.executing gallup.influencing gallup.relationship_building gallup.strategic_thinking holland.I mbti.F mbti.I mbti.J mbti.P mbti.T,mid-career/study-direction
Q1237,比起理论我更喜欢案例（学习）③,learning-cognition,likert-4,4,是,4,achiever/command,enneagram.type6 enneagram.type7 gallup.executing gallup.influencing mbti.J mbti.P,study-direction/entrepreneur-stage
Q1238,学新东西的速度（学习）,learning-cognition,forced-choice,3,否,4,achiever/command/empathy,enneagram.type1 enneagram.type2 enneagram.type4 enneagram.type7 gallup.executing gallup.influencing gallup.relationship_building mbti.F mbti.I mbti.J mbti.N mbti.P,career-choice/self-exploration/entrepreneur-stage
Q1239,面对学过的内容（学习）,learning-cognition,forced-choice,2,否,4,command/empathy/analytical,enneagram.type5 enneagram.type7 enneagram.type8 enneagram.type9 gallup.influencing gallup.relationship_building gallup.strategic_thinking holland.I mbti.F mbti.I mbti.P mbti.T,fresh-grad/career-choice/career-transition
Q1240,比起升职我更想要好团队（工作）,work-career,likert-4,5,是,4,empathy/analytical,enneagram.type2 enneagram.type5 gallup.relationship_building gallup.strategic_thinking mbti.F mbti.T,self-exploration/study-direction/relationship-conflict
Q1241,面对不喜欢的工作,work-career,forced-choice,2,否,4,achiever/command/empathy,enneagram.type2 enneagram.type3 enneagram.type5 enneagram.type7 gallup.executing gallup.influencing gallup.relationship_building gallup.strategic_thinking holland.E mbti.E mbti.F mbti.I mbti.J mbti.T,career-choice
Q1242,面对喜欢的工作,work-career,forced-choice,3,否,4,achiever/command/empathy,enneagram.type3 enneagram.type5 enneagram.type7 enneagram.type9 gallup.executing gallup.influencing gallup.relationship_building gallup.strategic_thinking holland.E mbti.F mbti.I mbti.J mbti.P mbti.T,self-exploration/academic-stress
Q1243,面对无聊的工作,work-career,forced-choice,3,否,4,achiever/command/empathy,enneagram.type1 enneagram.type2 enneagram.type6 enneagram.type8 gallup.executing gallup.influencing gallup.relationship_building holland.C holland.E mbti.F mbti.J mbti.T,relationship-conflict
Q1244,面对加班（工作）,work-career,forced-choice,3,否,4,achiever/command/empathy,enneagram.type4 enneagram.type6 enneagram.type7 enneagram.type8 gallup.executing gallup.influencing gallup.relationship_building holland.E mbti.E mbti.I mbti.J mbti.N mbti.T,academic-stress/parenting-teen
Q1245,比起挣更多我更想要自由,work-career,likert-4,4,是,4,achiever/command,enneagram.type6 enneagram.type7 gallup.executing gallup.influencing mbti.J mbti.P,graduate-school/parenting-teen
Q1246,面对升职,work-career,forced-choice,2,否,4,achiever/command/empathy,enneagram.type1 enneagram.type4 enneagram.type8 enneagram.type9 gallup.executing gallup.influencing gallup.relationship_building holland.C holland.E mbti.F mbti.I mbti.J mbti.N mbti.T,graduate-school/career-transition
Q1247,面对工作调动,work-career,forced-choice,4,否,4,achiever/command/empathy,enneagram.type2 enneagram.type3 enneagram.type5 enneagram.type7 gallup.executing gallup.influencing gallup.relationship_building gallup.strategic_thinking holland.E mbti.E mbti.F mbti.I mbti.J mbti.T,career-choice/mid-career
Q1248,面对换岗,work-career,forced-choice,3,否,4,achiever/command/empathy,enneagram.type3 enneagram.type5 enneagram.type7 enneagram.type9 gallup.executing gallup.influencing gallup.relationship_building gallup.strategic_thinking holland.E mbti.F mbti.I mbti.J mbti.P mbti.T,career-choice/academic-stress/study-abroad
Q1249,面对换部门,work-career,forced-choice,2,否,4,achiever/command/empathy,enneagram.type1 enneagram.type2 enneagram.type6 enneagram.type8 gallup.executing gallup.influencing gallup.relationship_building holland.C holland.E mbti.F mbti.J mbti.T,career-transition/parenting-teen/fresh-grad
Q1250,我经常觉得怀才不遇,work-career,likert-4,5,是,4,empathy,enneagram.type2 enneagram.type4 gallup.relationship_building mbti.E mbti.F mbti.I,parenting-teen
Q1251,面对换行业,work-career,forced-choice,2,否,4,achiever/command/analytical,enneagram.type3 enneagram.type5 enneagram.type6 enneagram.type7 gallup.executing gallup.influencing gallup.strategic_thinking holland.E mbti.I mbti.J mbti.P mbti.T,study-abroad
Q1252,面对领导批评,work-career,forced-choice,3,否,4,achiever/command/empathy,enneagram.type1 enneagram.type4 enneagram.type8 enneagram.type9 gallup.executing gallup.influencing gallup.relationship_building holland.C holland.E mbti.F mbti.I mbti.J mbti.N mbti.T,life-transition
Q1253,面对同事议论,work-career,forced-choice,3,否,4,achiever/command/empathy,enneagram.type2 enneagram.type3 enneagram.type5 enneagram.type7 gallup.executing gallup.influencing gallup.relationship_building gallup.strategic_thinking holland.E mbti.E mbti.F mbti.I mbti.J mbti.T,entrepreneur-stage
Q1254,面对下属不服,work-career,forced-choice,3,否,4,achiever/command/empathy,enneagram.type3 enneagram.type5 enneagram.type7 enneagram.type9 gallup.executing gallup.influencing gallup.relationship_building gallup.strategic_thinking holland.E mbti.F mbti.I mbti.J mbti.P mbti.T,study-abroad
Q1255,比起被需要我更想自己舒服（工作）,work-career,likert-4,4,是,4,command/empathy,enneagram.type8 enneagram.type9 gallup.influencing gallup.relationship_building mbti.F mbti.T,relationship-conflict
Q1256,面对工作压力大,work-career,forced-choice,2,否,4,achiever/command/empathy,enneagram.type4 enneagram.type6 enneagram.type7 enneagram.type8 gallup.executing gallup.influencing gallup.relationship_building holland.E mbti.E mbti.I mbti.J mbti.N mbti.T,career-transition/entrepreneur-stage/study-abroad
Q1257,面对工作没挑战,work-career,forced-choice,4,否,4,achiever/command/analytical,enneagram.type3 enneagram.type5 enneagram.type6 enneagram.type7 gallup.executing gallup.influencing gallup.strategic_thinking holland.E mbti.I mbti.J mbti.P mbti.T,mid-career/graduate-school
Q1258,面对工作没意义,work-career,forced-choice,3,否,4,achiever/command/empathy,enneagram.type1 enneagram.type4 enneagram.type8 enneagram.type9 gallup.executing gallup.influencing gallup.relationship_building holland.C holland.E mbti.F mbti.I mbti.J mbti.N mbti.T,study-direction/entrepreneur-stage
Q1259,面对工作没认可,work-career,forced-choice,2,否,4,achiever/command/empathy,enneagram.type2 enneagram.type3 enneagram.type5 enneagram.type7 gallup.executing gallup.influencing gallup.relationship_building gallup.strategic_thinking holland.E mbti.E mbti.F mbti.I mbti.J mbti.T,mid-career/life-transition/career-transition
Q1261,面对工作展示,work-career,forced-choice,2,否,4,achiever/command/empathy,enneagram.type1 enneagram.type2 enneagram.type6 enneagram.type8 gallup.executing gallup.influencing gallup.relationship_building holland.C holland.E mbti.F mbti.J mbti.T,entrepreneur-stage
Q1262,面对工作谈判,work-career,forced-choice,3,否,4,achiever/command/empathy,enneagram.type4 enneagram.type6 enneagram.type7 enneagram.type8 gallup.executing gallup.influencing gallup.relationship_building holland.E mbti.E mbti.I mbti.J mbti.N mbti.T,graduate-school
Q1263,面对工作应酬,work-career,forced-choice,3,否,4,achiever/command/analytical,enneagram.type3 enneagram.type5 enneagram.type6 enneagram.type7 gallup.executing gallup.influencing gallup.strategic_thinking holland.E mbti.I mbti.J mbti.P mbti.T,fresh-grad/self-exploration/parenting-teen
Q1264,面对工作失误,work-career,forced-choice,3,否,4,achiever/command/empathy,enneagram.type1 enneagram.type4 enneagram.type8 enneagram.type9 gallup.executing gallup.influencing gallup.relationship_building holland.C holland.E mbti.F mbti.I mbti.J mbti.N mbti.T,study-abroad/career-transition/entrepreneur-stage
Q1265,比起挣更多我更想要自由（工作）,work-career,likert-4,4,是,4,achiever/command,enneagram.type6 enneagram.type7 gallup.executing gallup.influencing mbti.J mbti.P,life-transition/fresh-grad/study-abroad
Q1266,面对工作创新,work-career,forced-choice,2,否,4,achiever/command/empathy,enneagram.type3 enneagram.type5 enneagram.type7 enneagram.type9 gallup.executing gallup.influencing gallup.relationship_building gallup.strategic_thinking holland.E mbti.F mbti.I mbti.J mbti.P mbti.T,mid-career
Q1267,面对工作重复,work-career,forced-choice,4,否,4,achiever/command/empathy,enneagram.type1 enneagram.type2 enneagram.type6 enneagram.type8 gallup.executing gallup.influencing gallup.relationship_building holland.C holland.E mbti.F mbti.J mbti.T,life-transition/fresh-grad
Q1268,工作中遇到瓶颈,work-career,forced-choice,3,否,4,achiever/command/empathy,enneagram.type4 enneagram.type6 enneagram.type7 enneagram.type8 gallup.executing gallup.influencing gallup.relationship_building holland.E mbti.E mbti.I mbti.J mbti.N mbti.T,parenting-teen/career-transition/entrepreneur-stage
Q1269,面对不喜欢的工作（工作）,work-career,forced-choice,2,否,4,achiever/command/analytical,enneagram.type3 enneagram.type5 enneagram.type6 enneagram.type7 gallup.executing gallup.influencing gallup.strategic_thinking holland.E mbti.I mbti.J mbti.P mbti.T,academic-stress
Q1270,我经常觉得怀才不遇（工作）,work-career,likert-4,5,是,4,empathy,enneagram.type2 enneagram.type4 gallup.relationship_building mbti.E mbti.F mbti.I,self-exploration/fresh-grad/academic-stress
Q1271,面对无聊的工作（工作）,work-career,forced-choice,2,否,4,achiever/command/empathy,enneagram.type2 enneagram.type3 enneagram.type5 enneagram.type7 gallup.executing gallup.influencing gallup.relationship_building gallup.strategic_thinking holland.E mbti.E mbti.F mbti.I mbti.J mbti.T,leadership-growth
Q1273,面对降薪,work-career,forced-choice,3,否,4,achiever/command/empathy,enneagram.type1 enneagram.type2 enneagram.type6 enneagram.type8 gallup.executing gallup.influencing gallup.relationship_building holland.C holland.E mbti.F mbti.J mbti.T,career-transition/self-exploration
Q1274,面对升职（工作）,work-career,forced-choice,3,否,4,achiever/command/empathy,enneagram.type4 enneagram.type6 enneagram.type7 enneagram.type8 gallup.executing gallup.influencing gallup.relationship_building holland.E mbti.E mbti.I mbti.J mbti.N mbti.T,fresh-grad/relationship-conflict
Q1276,面对换岗（工作）,work-career,forced-choice,2,否,4,achiever/command/empathy,enneagram.type1 enneagram.type4 enneagram.type8 enneagram.type9 gallup.executing gallup.influencing gallup.relationship_building holland.C holland.E mbti.F mbti.I mbti.J mbti.N mbti.T,leadership-growth/fresh-grad/graduate-school
Q1277,面对换部门（工作）,work-career,forced-choice,4,否,4,achiever/command/empathy,enneagram.type2 enneagram.type3 enneagram.type5 enneagram.type7 gallup.executing gallup.influencing gallup.relationship_building gallup.strategic_thinking holland.E mbti.E mbti.F mbti.I mbti.J mbti.T,parenting-teen/leadership-growth/relationship-conflict
Q1278,面对换公司,work-career,forced-choice,3,否,4,achiever/command/empathy,enneagram.type3 enneagram.type5 enneagram.type7 enneagram.type9 gallup.executing gallup.influencing gallup.relationship_building gallup.strategic_thinking holland.E mbti.F mbti.I mbti.J mbti.P mbti.T,self-exploration/mid-career
Q1279,面对换行业（工作）,work-career,forced-choice,2,否,4,achiever/command/empathy,enneagram.type1 enneagram.type2 enneagram.type6 enneagram.type8 gallup.executing gallup.influencing gallup.relationship_building holland.C holland.E mbti.F mbti.J mbti.T,graduate-school/academic-stress/study-abroad
Q1280,比起升职我更想要好团队（工作）③,work-career,likert-4,5,是,4,empathy/analytical,enneagram.type2 enneagram.type5 gallup.relationship_building gallup.strategic_thinking mbti.F mbti.T,graduate-school
Q1281,面对同事议论（工作）,work-career,forced-choice,2,否,4,achiever/command/analytical,enneagram.type3 enneagram.type5 enneagram.type6 enneagram.type7 gallup.executing gallup.influencing gallup.strategic_thinking holland.E mbti.I mbti.J mbti.P mbti.T,study-abroad/parenting-teen
Q1282,面对下属不服（工作）,work-career,forced-choice,3,否,4,achiever/command/empathy,enneagram.type1 enneagram.type4 enneagram.type8 enneagram.type9 gallup.executing gallup.influencing gallup.relationship_building holland.C holland.E mbti.F mbti.I mbti.J mbti.N mbti.T,entrepreneur-stage/life-transition
Q1283,面对平级排挤,work-career,forced-choice,3,否,4,achiever/command/empathy,enneagram.type2 enneagram.type3 enneagram.type5 enneagram.type7 gallup.executing gallup.influencing gallup.relationship_building gallup.strategic_thinking holland.E mbti.E mbti.F mbti.I mbti.J mbti.T,self-exploration/academic-stress/career-choice
Q1284,面对工作压力大（工作）,work-career,forced-choice,3,否,4,achiever/command/empathy,enneagram.type3 enneagram.type5 enneagram.type7 enneagram.type9 gallup.executing gallup.influencing gallup.relationship_building gallup.strategic_thinking holland.E mbti.F mbti.I mbti.J mbti.P mbti.T,life-transition/academic-stress
Q1286,面对工作没意义（工作）,work-career,forced-choice,2,否,4,achiever/command/empathy,enneagram.type4 enneagram.type6 enneagram.type7 enneagram.type8 gallup.executing gallup.influencing gallup.relationship_building holland.E mbti.E mbti.I mbti.J mbti.N mbti.T,academic-stress
Q1287,面对工作没认可（工作）,work-career,forced-choice,4,否,4,achiever/command/analytical,enneagram.type3 enneagram.type5 enneagram.type6 enneagram.type7 gallup.executing gallup.influencing gallup.strategic_thinking holland.E mbti.I mbti.J mbti.P mbti.T,academic-stress/graduate-school
Q1288,面对工作汇报,work-career,forced-choice,3,否,4,achiever/command/empathy,enneagram.type1 enneagram.type4 enneagram.type8 enneagram.type9 gallup.executing gallup.influencing gallup.relationship_building holland.C holland.E mbti.F mbti.I mbti.J mbti.N mbti.T,mid-career/graduate-school/leadership-growth
Q1289,面对工作展示（工作）,work-career,forced-choice,2,否,4,achiever/command/empathy,enneagram.type2 enneagram.type3 enneagram.type5 enneagram.type7 gallup.executing gallup.influencing gallup.relationship_building gallup.strategic_thinking holland.E mbti.E mbti.F mbti.I mbti.J mbti.T,leadership-growth
Q1291,面对工作应酬（工作）,work-career,forced-choice,2,否,4,achiever/command/empathy,enneagram.type1 enneagram.type2 enneagram.type6 enneagram.type8 gallup.executing gallup.influencing gallup.relationship_building holland.C holland.E mbti.F mbti.J mbti.T,mid-career
Q1292,面对工作失误（工作）,work-career,forced-choice,3,否,4,achiever/command/empathy,enneagram.type4 enneagram.type6 enneagram.type7 enneagram.type8 gallup.executing gallup.influencing gallup.relationship_building holland.E mbti.E mbti.I mbti.J mbti.N mbti.T,relationship-conflict/leadership-growth
Q1293,比起分享我更愿自己消化（情绪）,emotion-self,likert-4,3,是,4,empathy/analytical,enneagram.type2 enneagram.type5 gallup.relationship_building gallup.strategic_thinking mbti.E mbti.I,mid-career
Q1294,心情不好时我,emotion-self,forced-choice,3,否,4,achiever/empathy/analytical,enneagram.type1 enneagram.type3 enneagram.type5 enneagram.type9 gallup.executing gallup.relationship_building gallup.strategic_thinking mbti.F mbti.I mbti.J mbti.T,fresh-grad/mid-career
Q1295,情绪低落时我,emotion-self,forced-choice,4,否,4,achiever/command/empathy,enneagram.type4 enneagram.type6 enneagram.type7 enneagram.type8 gallup.executing gallup.influencing gallup.relationship_building holland.A mbti.E mbti.I mbti.J mbti.N mbti.T,relationship-conflict/parenting-teen
Q1296,情绪高涨时我,emotion-self,forced-choice,2,否,4,command/empathy/analytical,enneagram.type4 enneagram.type5 enneagram.type7 gallup.influencing gallup.relationship_building gallup.strategic_thinking holland.A mbti.E mbti.I mbti.N mbti.P mbti.T,career-transition
Q1297,面对自己生气,emotion-self,forced-choice,4,否,4,achiever/command/empathy,enneagram.type1 enneagram.type2 enneagram.type8 enneagram.type9 gallup.executing gallup.influencing gallup.relationship_building mbti.F mbti.J mbti.T,study-abroad/self-exploration
Q1298,比起热闹我更喜欢安静,emotion-self,likert-4,3,是,4,empathy/analytical,enneagram.type2 enneagram.type5 gallup.relationship_building gallup.strategic_thinking mbti.E mbti.I,study-abroad/graduate-school/fresh-grad
Q1299,面对自己害怕,emotion-self,forced-choice,2,否,4,achiever/command/empathy,enneagram.type2 enneagram.type4 enneagram.type6 enneagram.type7 gallup.executing gallup.influencing gallup.relationship_building holland.A mbti.F mbti.I mbti.J mbti.N mbti.P,academic-stress/relationship-conflict/leadership-growth
Q1300,面对自己开心,emotion-self,forced-choice,5,否,4,achiever/empathy/analytical,enneagram.type1 enneagram.type3 enneagram.type5 enneagram.type9 gallup.executing gallup.relationship_building gallup.strategic_thinking mbti.F mbti.I mbti.J mbti.T,academic-stress/self-exploration/mid-career
Q1301,面对自己难过,emotion-self,forced-choice,2,否,4,achiever/command/empathy,enneagram.type4 enneagram.type6 enneagram.type7 enneagram.type8 gallup.executing gallup.influencing gallup.relationship_building holland.A mbti.E mbti.I mbti.J mbti.N mbti.T,academic-stress/life-transition/mid-career
Q1302,面对自己委屈,emotion-self,forced-choice,3,否,4,command/empathy/analytical,enneagram.type4 enneagram.type5 enneagram.type7 gallup.influencing gallup.relationship_building gallup.strategic_thinking holland.A mbti.E mbti.I mbti.N mbti.P mbti.T,graduate-school/life-transition
Q1303,比起被理解我更想被尊重（情绪）,emotion-self,likert-4,3,是,4,command/empathy,enneagram.type8 enneagram.type9 gallup.influencing gallup.relationship_building mbti.F mbti.T,study-abroad/career-transition
Q1304,面对自己无助,emotion-self,forced-choice,3,否,4,command/empathy/analytical,enneagram.type4 enneagram.type5 enneagram.type7 gallup.influencing gallup.relationship_building gallup.strategic_thinking holland.A mbti.E mbti.I mbti.N mbti.P mbti.T,study-abroad/academic-stress/career-transition
Q1305,面对自己迷茫,emotion-self,forced-choice,4,否,4,achiever/command/empathy,enneagram.type2 enneagram.type4 enneagram.type6 enneagram.type7 gallup.executing gallup.influencing gallup.relationship_building holland.A mbti.F mbti.I mbti.J mbti.N mbti.P,leadership-growth/parenting-teen/mid-career
Q1306,面对自己焦虑,emotion-self,forced-choice,2,否,4,achiever/empathy/analytical,enneagram.type1 enneagram.type3 enneagram.type5 enneagram.type9 gallup.executing gallup.relationship_building gallup.strategic_thinking mbti.F mbti.I mbti.J mbti.T,study-abroad
Q1307,面对自己兴奋,emotion-self,forced-choice,4,否,4,achiever/command/empathy,enneagram.type4 enneagram.type6 enneagram.type7 enneagram.type8 gallup.executing gallup.influencing gallup.relationship_building holland.A mbti.E mbti.I mbti.J mbti.N mbti.T,mid-career
Q1308,比起安静我更想要热闹,emotion-self,likert-4,3,是,4,command/analytical,enneagram.type5 enneagram.type7 gallup.influencing gallup.strategic_thinking mbti.E mbti.I,graduate-school/mid-career
Q1309,独处时我,emotion-self,forced-choice,2,否,4,achiever/command/empathy,enneagram.type1 enneagram.type2 enneagram.type8 enneagram.type9 gallup.executing gallup.influencing gallup.relationship_building mbti.F mbti.J mbti.T,parenting-teen/leadership-growth/entrepreneur-stage
Q1310,热闹时我,emotion-self,forced-choice,5,否,4,command/empathy/analytical,enneagram.type4 enneagram.type5 enneagram.type7 gallup.influencing gallup.relationship_building gallup.strategic_thinking holland.A mbti.E mbti.I mbti.N mbti.P mbti.T,career-transition/study-abroad
Q1311,睡前我,emotion-self,forced-choice,2,否,4,achiever/command/empathy,enneagram.type2 enneagram.type4 enneagram.type6 enneagram.type7 gallup.executing gallup.influencing gallup.relationship_building holland.A mbti.F mbti.I mbti.J mbti.N mbti.P,study-abroad/academic-stress
Q1312,醒来时我,emotion-self,forced-choice,3,否,4,achiever/empathy/analytical,enneagram.type1 enneagram.type3 enneagram.type5 enneagram.type9 gallup.executing gallup.relationship_building gallup.strategic_thinking mbti.F mbti.I mbti.J mbti.T,graduate-school
Q1314,面对内心矛盾,emotion-self,forced-choice,3,否,4,command/empathy/analytical,enneagram.type4 enneagram.type5 enneagram.type7 gallup.influencing gallup.relationship_building gallup.strategic_thinking holland.A mbti.E mbti.I mbti.N mbti.P mbti.T,study-direction/graduate-school/career-choice
Q1315,面对内心平静,emotion-self,forced-choice,4,否,4,achiever/command/empathy,enneagram.type1 enneagram.type2 enneagram.type8 enneagram.type9 gallup.executing gallup.influencing gallup.relationship_building mbti.F mbti.J mbti.T,leadership-growth
Q1316,面对内心不安,emotion-self,forced-choice,2,否,4,command/empathy/analytical,enneagram.type4 enneagram.type5 enneagram.type7 gallup.influencing gallup.relationship_building gallup.strategic_thinking holland.A mbti.E mbti.I mbti.N mbti.P mbti.T,mid-career/study-direction
Q1317,面对自己的优点,emotion-self,forced-choice,4,否,4,achiever/command/empathy,enneagram.type2 enneagram.type4 enneagram.type6 enneagram.type7 gallup.executing gallup.influencing gallup.relationship_building holland.A mbti.F mbti.I mbti.J mbti.N mbti.P,life-transition/parenting-teen/relationship-conflict
Q1318,比起热闹我更喜欢安静（情绪）,emotion-self,likert-4,3,是,4,empathy/analytical,enneagram.type2 enneagram.type5 gallup.relationship_building gallup.strategic_thinking mbti.E mbti.I,life-transition
Q1319,面对自己的过去,emotion-self,forced-choice,2,否,4,achiever/command/empathy,enneagram.type4 enneagram.type6 enneagram.type7 enneagram.type8 gallup.executing gallup.influencing gallup.relationship_building holland.A mbti.E mbti.I mbti.J mbti.N mbti.T,entrepreneur-stage
Q1320,面对自己的未来,emotion-self,forced-choice,5,否,4,command/empathy/analytical,enneagram.type4 enneagram.type5 enneagram.type7 gallup.influencing gallup.relationship_building gallup.strategic_thinking holland.A mbti.E mbti.I mbti.N mbti.P mbti.T,relationship-conflict/life-transition
Q1321,心情好时我,emotion-self,forced-choice,2,否,4,achiever/command/empathy,enneagram.type1 enneagram.type2 enneagram.type8 enneagram.type9 gallup.executing gallup.influencing gallup.relationship_building mbti.F mbti.J mbti.T,academic-stress/study-direction
Q1322,心情不好时我（情绪）,emotion-self,forced-choice,3,否,4,command/empathy/analytical,enneagram.type4 enneagram.type5 enneagram.type7 gallup.influencing gallup.relationship_building gallup.strategic_thinking holland.A mbti.E mbti.I mbti.N mbti.P mbti.T,graduate-school
Q1324,情绪高涨时我（情绪）,emotion-self,forced-choice,3,否,4,achiever/empathy/analytical,enneagram.type1 enneagram.type3 enneagram.type5 enneagram.type9 gallup.executing gallup.relationship_building gallup.strategic_thinking mbti.F mbti.I mbti.J mbti.T,relationship-conflict/career-transition
Q1325,面对自己生气（情绪）,emotion-self,forced-choice,4,否,4,achiever/command/empathy,enneagram.type4 enneagram.type6 enneagram.type7 enneagram.type8 gallup.executing gallup.influencing gallup.relationship_building holland.A mbti.E mbti.I mbti.J mbti.N mbti.T,fresh-grad/life-transition/career-choice
Q1326,面对自己悲伤,emotion-self,forced-choice,2,否,4,command/empathy/analytical,enneagram.type4 enneagram.type5 enneagram.type7 gallup.influencing gallup.relationship_building gallup.strategic_thinking holland.A mbti.E mbti.I mbti.N mbti.P mbti.T,study-direction
Q1327,面对自己害怕（情绪）,emotion-self,forced-choice,4,否,4,achiever/command/empathy,enneagram.type1 enneagram.type2 enneagram.type8 enneagram.type9 gallup.executing gallup.influencing gallup.relationship_building mbti.F mbti.J mbti.T,graduate-school/career-transition/study-abroad
Q1328,比起安静我更想要热闹（情绪）,emotion-self,likert-4,3,是,4,command/analytical,enneagram.type5 enneagram.type7 gallup.influencing gallup.strategic_thinking mbti.E mbti.I,leadership-growth
Q1329,面对自己难过（情绪）,emotion-self,forced-choice,2,否,4,achiever/command/empathy,enneagram.type2 enneagram.type4 enneagram.type6 enneagram.type7 gallup.executing gallup.influencing gallup.relationship_building holland.A mbti.F mbti.I mbti.J mbti.N mbti.P,entrepreneur-stage/life-transition
Q1330,面对自己委屈（情绪）,emotion-self,forced-choice,5,否,4,achiever/empathy/analytical,enneagram.type1 enneagram.type3 enneagram.type5 enneagram.type9 gallup.executing gallup.relationship_building gallup.strategic_thinking mbti.F mbti.I mbti.J mbti.T,study-abroad/parenting-teen/leadership-growth
Q1331,面对自己孤独,emotion-self,forced-choice,2,否,4,achiever/command/empathy,enneagram.type4 enneagram.type6 enneagram.type7 enneagram.type8 gallup.executing gallup.influencing gallup.relationship_building holland.A mbti.E mbti.I mbti.J mbti.N mbti.T,relationship-conflict/life-transition
Q1332,面对自己无助（情绪）,emotion-self,forced-choice,3,否,4,command/empathy/analytical,enneagram.type4 enneagram.type5 enneagram.type7 gallup.influencing gallup.relationship_building gallup.strategic_thinking holland.A mbti.E mbti.I mbti.N mbti.P mbti.T,life-transition/entrepreneur-stage
Q1333,比起分享我更愿自己消化（情绪）③,emotion-self,likert-4,3,是,4,empathy/analytical,enneagram.type2 enneagram.type5 gallup.relationship_building gallup.strategic_thinking mbti.E mbti.I,graduate-school/entrepreneur-stage
Q1334,面对自己焦虑（情绪）,emotion-self,forced-choice,3,否,4,command/empathy/analytical,enneagram.type4 enneagram.type5 enneagram.type7 gallup.influencing gallup.relationship_building gallup.strategic_thinking holland.A mbti.E mbti.I mbti.N mbti.P mbti.T,career-choice/entrepreneur-stage/mid-career
Q1335,面对自己兴奋（情绪）,emotion-self,forced-choice,4,否,4,achiever/command/empathy,enneagram.type2 enneagram.type4 enneagram.type6 enneagram.type7 gallup.executing gallup.influencing gallup.relationship_building holland.A mbti.F mbti.I mbti.J mbti.N mbti.P,parenting-teen
Q1336,面对自己感动,emotion-self,forced-choice,2,否,4,achiever/empathy/analytical,enneagram.type1 enneagram.type3 enneagram.type5 enneagram.type9 gallup.executing gallup.relationship_building gallup.strategic_thinking mbti.F mbti.I mbti.J mbti.T,fresh-grad
Q1337,独处时我（情绪）,emotion-self,forced-choice,4,否,4,achiever/command/empathy,enneagram.type4 enneagram.type6 enneagram.type7 enneagram.type8 gallup.executing gallup.influencing gallup.relationship_building holland.A mbti.E mbti.I mbti.J mbti.N mbti.T,graduate-school
Q1339,睡前我（情绪）,emotion-self,forced-choice,2,否,4,achiever/command/empathy,enneagram.type1 enneagram.type2 enneagram.type8 enneagram.type9 gallup.executing gallup.influencing gallup.relationship_building mbti.F mbti.J mbti.T,leadership-growth
Q1340,醒来时我（情绪）,emotion-self,forced-choice,5,否,4,command/empathy/analytical,enneagram.type4 enneagram.type5 enneagram.type7 gallup.influencing gallup.relationship_building gallup.strategic_thinking holland.A mbti.E mbti.I mbti.N mbti.P mbti.T,study-direction
Q1341,面对内心冲突,emotion-self,forced-choice,2,否,4,achiever/command/empathy,enneagram.type2 enneagram.type4 enneagram.type6 enneagram.type7 gallup.executing gallup.influencing gallup.relationship_building holland.A mbti.F mbti.I mbti.J mbti.N mbti.P,self-exploration
Q1342,面对内心矛盾（情绪）,emotion-self,forced-choice,3,否,4,achiever/empathy/analytical,enneagram.type1 enneagram.type3 enneagram.type5 enneagram.type9 gallup.executing gallup.relationship_building gallup.strategic_thinking mbti.F mbti.I mbti.J mbti.T,mid-career/entrepreneur-stage
Q1343,比起被理解我更想被尊重（情绪）③,emotion-self,likert-4,3,是,4,command/empathy,enneagram.type8 enneagram.type9 gallup.influencing gallup.relationship_building mbti.F mbti.T,graduate-school/career-choice
Q1344,面对内心不安（情绪）,emotion-self,forced-choice,3,否,4,command/empathy/analytical,enneagram.type4 enneagram.type5 enneagram.type7 gallup.influencing gallup.relationship_building gallup.strategic_thinking holland.A mbti.E mbti.I mbti.N mbti.P mbti.T,graduate-school
Q1345,面对自己的优点（情绪）,emotion-self,forced-choice,4,否,4,achiever/command/empathy,enneagram.type1 enneagram.type2 enneagram.type8 enneagram.type9 gallup.executing gallup.influencing gallup.relationship_building mbti.F mbti.J mbti.T,graduate-school/mid-career/relationship-conflict
Q1346,比起开始我更擅长坚持,action-habit,likert-4,2,是,4,achiever/command,enneagram.type1 enneagram.type7 gallup.executing gallup.influencing mbti.J mbti.P,fresh-grad
Q1347,做事过程中我,action-habit,forced-choice,4,否,4,command/empathy/analytical,enneagram.type2 enneagram.type4 enneagram.type5 enneagram.type8 gallup.influencing gallup.relationship_building gallup.strategic_thinking mbti.F mbti.I mbti.N mbti.T,graduate-school
Q1348,做事结束时我,action-habit,forced-choice,3,否,4,achiever/command,enneagram.type1 enneagram.type3 enneagram.type6 enneagram.type7 gallup.executing gallup.influencing holland.C mbti.J mbti.P,entrepreneur-stage/fresh-grad/study-abroad
Q1349,做事中间被打断,action-habit,forced-choice,2,否,4,achiever/command/empathy,enneagram.type4 enneagram.type6 enneagram.type7 enneagram.type8 gallup.executing gallup.influencing gallup.relationship_building mbti.E mbti.I mbti.J mbti.N mbti.T,career-transition/leadership-growth
Q1350,面对不想做的事,action-habit,forced-choice,5,否,4,achiever/command,enneagram.type1 enneagram.type3 enneagram.type6 enneagram.type7 gallup.executing gallup.influencing holland.C mbti.J mbti.P,fresh-grad
Q1351,比起快节奏我更喜欢慢节奏（行动）,action-habit,likert-4,2,是,4,command/empathy,enneagram.type8 enneagram.type9 gallup.influencing gallup.relationship_building mbti.F mbti.T,graduate-school
Q1352,面对简单的事,action-habit,forced-choice,3,否,4,achiever/command/empathy,enneagram.type1 enneagram.type6 enneagram.type7 enneagram.type9 gallup.executing gallup.influencing gallup.relationship_building holland.C mbti.F mbti.J mbti.P,career-transition
Q1353,面对复杂的事,action-habit,forced-choice,3,否,4,command/empathy/analytical,enneagram.type2 enneagram.type4 enneagram.type5 enneagram.type8 gallup.influencing gallup.relationship_building gallup.strategic_thinking mbti.F mbti.I mbti.N mbti.T,study-direction
Q1354,面对紧急的事,action-habit,forced-choice,3,否,4,achiever/command,enneagram.type1 enneagram.type3 enneagram.type6 enneagram.type7 gallup.executing gallup.influencing holland.C mbti.J mbti.P,entrepreneur-stage/mid-career
Q1355,面对重要的事,action-habit,forced-choice,4,否,4,achiever/command/empathy,enneagram.type4 enneagram.type6 enneagram.type7 enneagram.type8 gallup.executing gallup.influencing gallup.relationship_building mbti.E mbti.I mbti.J mbti.N mbti.T,graduate-school/relationship-conflict/career-transition
Q1356,比起做错我更怕错过（行动）,action-habit,likert-4,2,是,4,achiever/command,enneagram.type6 enneagram.type7 gallup.executing gallup.influencing mbti.J mbti.P,mid-career/graduate-school
Q1357,面对长期的事,action-habit,forced-choice,4,否,4,achiever/command/empathy,enneagram.type3 enneagram.type5 enneagram.type7 enneagram.type9 gallup.executing gallup.influencing gallup.relationship_building gallup.strategic_thinking mbti.E mbti.F mbti.I mbti.J mbti.T,self-exploration/graduate-school/leadership-growth
Q1358,面对短期的事,action-habit,forced-choice,3,否,4,achiever/command/empathy,enneagram.type1 enneagram.type6 enneagram.type7 enneagram.type9 gallup.executing gallup.influencing gallup.relationship_building holland.C mbti.F mbti.J mbti.P,relationship-conflict/life-transition/career-transition
Q1359,面对独自做,action-habit,forced-choice,2,否,4,command/empathy/analytical,enneagram.type2 enneagram.type4 enneagram.type5 enneagram.type8 gallup.influencing gallup.relationship_building gallup.strategic_thinking mbti.F mbti.I mbti.N mbti.T,career-choice/self-exploration/mid-career
Q1360,面对协作做,action-habit,forced-choice,5,否,4,achiever/command,enneagram.type1 enneagram.type3 enneagram.type6 enneagram.type7 gallup.executing gallup.influencing holland.C mbti.J mbti.P,entrepreneur-stage/graduate-school
Q1361,比起效率我更看重体验（行动）,action-habit,likert-4,2,是,4,achiever/command,enneagram.type6 enneagram.type7 gallup.executing gallup.influencing mbti.J mbti.P,career-transition
Q1362,面对无人监督,action-habit,forced-choice,3,否,4,achiever/command,enneagram.type1 enneagram.type3 enneagram.type6 enneagram.type7 gallup.executing gallup.influencing holland.C mbti.J mbti.P,fresh-grad
Q1363,面对有时间限制,action-habit,forced-choice,3,否,4,achiever/command/empathy,enneagram.type3 enneagram.type5 enneagram.type7 enneagram.type9 gallup.executing gallup.influencing gallup.relationship_building gallup.strategic_thinking mbti.E mbti.F mbti.I mbti.J mbti.T,entrepreneur-stage/career-choice/fresh-grad
Q1364,面对没时间限制,action-habit,forced-choice,3,否,4,achiever/command/empathy,enneagram.type1 enneagram.type6 enneagram.type7 enneagram.type9 gallup.executing gallup.influencing gallup.relationship_building holland.C mbti.F mbti.J mbti.P,entrepreneur-stage/career-choice
Q1365,面对资源充足,action-habit,forced-choice,4,否,4,command/empathy/analytical,enneagram.type2 enneagram.type4 enneagram.type5 enneagram.type8 gallup.influencing gallup.relationship_building gallup.strategic_thinking mbti.F mbti.I mbti.N mbti.T,relationship-conflict
Q1366,比起开始我更擅长坚持（行动）,action-habit,likert-4,2,是,4,achiever/command,enneagram.type1 enneagram.type7 gallup.executing gallup.influencing mbti.J mbti.P,fresh-grad/relationship-conflict/graduate-school
Q1367,面对设备齐全,action-habit,forced-choice,4,否,4,achiever/command/empathy,enneagram.type4 enneagram.type6 enneagram.type7 enneagram.type8 gallup.executing gallup.influencing gallup.relationship_building mbti.E mbti.I mbti.J mbti.N mbti.T,entrepreneur-stage
Q1368,面对工具陌生,action-habit,forced-choice,3,否,4,achiever/command,enneagram.type1 enneagram.type3 enneagram.type6 enneagram.type7 gallup.executing gallup.influencing holland.C mbti.J mbti.P,fresh-grad/relationship-conflict
Q1369,面对流程熟悉,action-habit,forced-choice,2,否,4,achiever/command/empathy,enneagram.type3 enneagram.type5 enneagram.type7 enneagram.type9 gallup.executing gallup.influencing gallup.relationship_building gallup.strategic_thinking mbti.E mbti.F mbti.I mbti.J mbti.T,relationship-conflict
Q1370,面对新流程,action-habit,forced-choice,5,否,4,achiever/command/empathy,enneagram.type1 enneagram.type6 enneagram.type7 enneagram.type9 gallup.executing gallup.influencing gallup.relationship_building holland.C mbti.F mbti.J mbti.P,self-exploration/academic-stress
Q1372,面对变化,action-habit,forced-choice,3,否,4,achiever/command,enneagram.type1 enneagram.type3 enneagram.type6 enneagram.type7 gallup.executing gallup.influencing holland.C mbti.J mbti.P,academic-stress
Q1373,面对不变,action-habit,forced-choice,3,否,4,achiever/command/empathy,enneagram.type4 enneagram.type6 enneagram.type7 enneagram.type8 gallup.executing gallup.influencing gallup.relationship_building mbti.E mbti.I mbti.J mbti.N mbti.T,mid-career/relationship-conflict
Q1374,做事开始前我,action-habit,forced-choice,3,否,4,achiever/command,enneagram.type1 enneagram.type3 enneagram.type6 enneagram.type7 gallup.executing gallup.influencing holland.C mbti.J mbti.P,fresh-grad/self-exploration
Q1375,做事过程中我（行动）,action-habit,forced-choice,4,否,4,achiever/command/empathy,enneagram.type3 enneagram.type5 enneagram.type7 enneagram.type9 gallup.executing gallup.influencing gallup.relationship_building gallup.strategic_thinking mbti.E mbti.F mbti.I mbti.J mbti.T,career-choice/relationship-conflict/career-transition
Q1377,做事中间被打断（行动）,action-habit,forced-choice,4,否,4,command/empathy/analytical,enneagram.type2 enneagram.type4 enneagram.type5 enneagram.type8 gallup.influencing gallup.relationship_building gallup.strategic_thinking mbti.F mbti.I mbti.N mbti.T,parenting-teen
Q1378,面对不想做的事（行动）,action-habit,forced-choice,3,否,4,achiever/command,enneagram.type1 enneagram.type3 enneagram.type6 enneagram.type7 gallup.executing gallup.influencing holland.C mbti.J mbti.P,life-transition/leadership-growth
Q1379,面对喜欢做的事,action-habit,forced-choice,2,否,4,achiever/command/empathy,enneagram.type4 enneagram.type6 enneagram.type7 enneagram.type8 gallup.executing gallup.influencing gallup.relationship_building mbti.E mbti.I mbti.J mbti.N mbti.T,fresh-grad
Q1380,面对简单的事（行动）,action-habit,forced-choice,5,否,4,achiever/command,enneagram.type1 enneagram.type3 enneagram.type6 enneagram.type7 gallup.executing gallup.influencing holland.C mbti.J mbti.P,relationship-conflict/self-exploration/career-choice
Q1382,面对紧急的事（行动）,action-habit,forced-choice,3,否,4,achiever/command/empathy,enneagram.type1 enneagram.type6 enneagram.type7 enneagram.type9 gallup.executing gallup.influencing gallup.relationship_building holland.C mbti.F mbti.J mbti.P,entrepreneur-stage/parenting-teen
Q1383,面对重要的事（行动）,action-habit,forced-choice,3,否,4,command/empathy/analytical,enneagram.type2 enneagram.type4 enneagram.type5 enneagram.type8 gallup.influencing gallup.relationship_building gallup.strategic_thinking mbti.F mbti.I mbti.N mbti.T,fresh-grad/relationship-conflict
Q1384,面对琐碎的事,action-habit,forced-choice,3,否,4,achiever/command,enneagram.type1 enneagram.type3 enneagram.type6 enneagram.type7 gallup.executing gallup.influencing holland.C mbti.J mbti.P,study-abroad
Q1385,面对长期的事（行动）,action-habit,forced-choice,4,否,4,achiever/command/empathy,enneagram.type4 enneagram.type6 enneagram.type7 enneagram.type8 gallup.executing gallup.influencing gallup.relationship_building mbti.E mbti.I mbti.J mbti.N mbti.T,leadership-growth/study-direction
Q1387,面对独自做（行动）,action-habit,forced-choice,4,否,4,achiever/command/empathy,enneagram.type3 enneagram.type5 enneagram.type7 enneagram.type9 gallup.executing gallup.influencing gallup.relationship_building gallup.strategic_thinking mbti.E mbti.F mbti.I mbti.J mbti.T,career-transition/career-choice
Q1388,面对协作做（行动）,action-habit,forced-choice,3,否,4,achiever/command/empathy,enneagram.type1 enneagram.type6 enneagram.type7 enneagram.type9 gallup.executing gallup.influencing gallup.relationship_building holland.C mbti.F mbti.J mbti.P,entrepreneur-stage/parenting-teen/study-abroad
Q1389,面对有人监督,action-habit,forced-choice,2,否,4,command/empathy/analytical,enneagram.type2 enneagram.type4 enneagram.type5 enneagram.type8 gallup.influencing gallup.relationship_building gallup.strategic_thinking mbti.F mbti.I mbti.N mbti.T,study-direction/graduate-school/leadership-growth
Q1390,面对无人监督（行动）,action-habit,forced-choice,5,否,4,achiever/command,enneagram.type1 enneagram.type3 enneagram.type6 enneagram.type7 gallup.executing gallup.influencing holland.C mbti.J mbti.P,leadership-growth
Q1391,比起快节奏我更喜欢慢节奏（行动）③,action-habit,likert-4,2,是,4,command/empathy,enneagram.type8 enneagram.type9 gallup.influencing gallup.relationship_building mbti.F mbti.T,career-transition/study-abroad
Q1392,面对没时间限制（行动）,action-habit,forced-choice,3,否,4,achiever/command,enneagram.type1 enneagram.type3 enneagram.type6 enneagram.type7 gallup.executing gallup.influencing holland.C mbti.J mbti.P,relationship-conflict
Q1393,面对资源充足（行动）,action-habit,forced-choice,3,否,4,achiever/command/empathy,enneagram.type3 enneagram.type5 enneagram.type7 enneagram.type9 gallup.executing gallup.influencing gallup.relationship_building gallup.strategic_thinking mbti.E mbti.F mbti.I mbti.J mbti.T,fresh-grad
Q1394,面对资源紧张,action-habit,forced-choice,3,否,4,achiever/command/empathy,enneagram.type1 enneagram.type6 enneagram.type7 enneagram.type9 gallup.executing gallup.influencing gallup.relationship_building holland.C mbti.F mbti.J mbti.P,relationship-conflict
Q1395,面对设备齐全（行动）,action-habit,forced-choice,4,否,4,command/empathy/analytical,enneagram.type2 enneagram.type4 enneagram.type5 enneagram.type8 gallup.influencing gallup.relationship_building gallup.strategic_thinking mbti.F mbti.I mbti.N mbti.T,graduate-school/leadership-growth/mid-career
Q1396,比起做错我更怕错过（行动）③,action-habit,likert-4,2,是,4,achiever/command,enneagram.type6 enneagram.type7 gallup.executing gallup.influencing mbti.J mbti.P,self-exploration/relationship-conflict
Q1397,面对流程熟悉（行动）,action-habit,forced-choice,4,否,4,achiever/command/empathy,enneagram.type4 enneagram.type6 enneagram.type7 enneagram.type8 gallup.executing gallup.influencing gallup.relationship_building mbti.E mbti.I mbti.J mbti.N mbti.T,study-abroad/relationship-conflict
Q1398,面对新流程（行动）,action-habit,forced-choice,3,否,4,achiever/command,enneagram.type1 enneagram.type3 enneagram.type6 enneagram.type7 gallup.executing gallup.influencing holland.C mbti.J mbti.P,study-direction/self-exploration/study-abroad
Q1399,比起长久我更在意此刻（未来）,future-vision,likert-4,2,是,4,achiever/command,enneagram.type6 enneagram.type7 gallup.executing gallup.influencing mbti.J mbti.P,leadership-growth/mid-career/study-direction
Q1400,我常想象5年后的自己,future-vision,forced-choice,5,否,4,achiever/command/analytical,enneagram.type1 enneagram.type5 enneagram.type7 gallup.executing gallup.influencing gallup.strategic_thinking holland.A mbti.E mbti.I mbti.J mbti.P mbti.T,graduate-school
Q1401,我常想象10年后的自己,future-vision,forced-choice,2,否,4,achiever/command/empathy,enneagram.type2 enneagram.type4 enneagram.type6 enneagram.type8 gallup.executing gallup.influencing gallup.relationship_building mbti.F mbti.I mbti.J mbti.N mbti.T,academic-stress/parenting-teen
Q1402,我常想象退休后的自己,future-vision,forced-choice,3,否,4,achiever/command/empathy,enneagram.type3 enneagram.type5 enneagram.type7 enneagram.type9 gallup.executing gallup.influencing gallup.relationship_building gallup.strategic_thinking holland.A mbti.F mbti.I mbti.J mbti.P mbti.T,graduate-school/career-choice/life-transition
Q1403,我常想象父母老后的我,future-vision,forced-choice,3,否,4,achiever/command/empathy,enneagram.type1 enneagram.type2 enneagram.type4 enneagram.type8 gallup.executing gallup.influencing gallup.relationship_building mbti.F mbti.I mbti.J mbti.N mbti.T,graduate-school/entrepreneur-stage/parenting-teen
Q1404,比起自己我更想为别人留下什么（未来）,future-vision,likert-4,3,是,4,empathy/analytical,enneagram.type2 enneagram.type5 gallup.relationship_building gallup.strategic_thinking mbti.F mbti.T,relationship-conflict/study-direction/life-transition
Q1405,我常想象理想的一天,future-vision,forced-choice,4,否,4,achiever/command/empathy,enneagram.type4 enneagram.type6 enneagram.type8 enneagram.type9 gallup.executing gallup.influencing gallup.relationship_building mbti.F mbti.I mbti.J mbti.N mbti.T,relationship-conflict/academic-stress/parenting-teen
Q1406,我常想象理想的周末,future-vision,forced-choice,2,否,4,achiever/command/analytical,enneagram.type1 enneagram.type5 enneagram.type7 gallup.executing gallup.influencing gallup.strategic_thinking holland.A mbti.E mbti.I mbti.J mbti.P mbti.T,parenting-teen/leadership-growth/self-exploration
Q1407,我常想象理想的假期,future-vision,forced-choice,4,否,4,achiever/command/empathy,enneagram.type2 enneagram.type4 enneagram.type6 enneagram.type8 gallup.executing gallup.influencing gallup.relationship_building mbti.F mbti.I mbti.J mbti.N mbti.T,academic-stress/study-abroad
Q1408,我常想象理想的家,future-vision,forced-choice,3,否,4,achiever/command/empathy,enneagram.type3 enneagram.type5 enneagram.type7 enneagram.type9 gallup.executing gallup.influencing gallup.relationship_building gallup.strategic_thinking holland.A mbti.F mbti.I mbti.J mbti.P mbti.T,study-abroad/entrepreneur-stage/self-exploration
Q1409,比起未来我更愿专注当下（未来）,future-vision,likert-4,2,是,4,command/empathy,enneagram.type8 enneagram.type9 gallup.influencing gallup.relationship_building mbti.F mbti.T,life-transition
Q1410,我常想象理想的父母,future-vision,forced-choice,5,否,4,achiever/command/empathy,enneagram.type2 enneagram.type3 enneagram.type5 enneagram.type7 gallup.executing gallup.influencing gallup.relationship_building gallup.strategic_thinking holland.A mbti.F mbti.I mbti.J mbti.P mbti.T,career-choice/academic-stress
Q1411,我常想象理想的自己,future-vision,forced-choice,2,否,4,achiever/command/empathy,enneagram.type4 enneagram.type6 enneagram.type8 enneagram.type9 gallup.executing gallup.influencing gallup.relationship_building mbti.F mbti.I mbti.J mbti.N mbti.T,relationship-conflict/mid-career/self-exploration
Q1412,我常想象理想的工作,future-vision,forced-choice,3,否,4,achiever/command/analytical,enneagram.type1 enneagram.type5 enneagram.type7 gallup.executing gallup.influencing gallup.strategic_thinking holland.A mbti.E mbti.I mbti.J mbti.P mbti.T,fresh-grad/parenting-teen
Q1413,我常想象理想的关系,future-vision,forced-choice,3,否,4,achiever/command/empathy,enneagram.type2 enneagram.type4 enneagram.type6 enneagram.type8 gallup.executing gallup.influencing gallup.relationship_building mbti.F mbti.I mbti.J mbti.N mbti.T,study-direction/relationship-conflict/career-choice
Q1414,比起安稳我更想要多样性（未来）,future-vision,likert-4,3,是,4,achiever/command,enneagram.type6 enneagram.type7 gallup.executing gallup.influencing mbti.J mbti.P,leadership-growth
Q1415,我常想象理想的财富,future-vision,forced-choice,4,否,4,achiever/command/empathy,enneagram.type1 enneagram.type2 enneagram.type4 enneagram.type8 gallup.executing gallup.influencing gallup.relationship_building mbti.F mbti.I mbti.J mbti.N mbti.T,academic-stress/career-transition/relationship-conflict
Q1416,我常想象理想的晚年,future-vision,forced-choice,2,否,4,achiever/command/empathy,enneagram.type2 enneagram.type3 enneagram.type5 enneagram.type7 gallup.executing gallup.influencing gallup.relationship_building gallup.strategic_thinking holland.A mbti.F mbti.I mbti.J mbti.P mbti.T,leadership-growth
Q1417,我常想象理想的人生,future-vision,forced-choice,4,否,4,achiever/command/empathy,enneagram.type4 enneagram.type6 enneagram.type8 enneagram.type9 gallup.executing gallup.influencing gallup.relationship_building mbti.F mbti.I mbti.J mbti.N mbti.T,career-choice/mid-career
Q1418,我常想象如果当初,future-vision,forced-choice,3,否,4,achiever/command/analytical,enneagram.type1 enneagram.type5 enneagram.type7 gallup.executing gallup.influencing gallup.strategic_thinking holland.A mbti.E mbti.I mbti.J mbti.P mbti.T,self-exploration
Q1420,我常想象如果成功,future-vision,forced-choice,5,否,4,achiever/command/empathy,enneagram.type3 enneagram.type5 enneagram.type7 enneagram.type9 gallup.executing gallup.influencing gallup.relationship_building gallup.strategic_thinking holland.A mbti.F mbti.I mbti.J mbti.P mbti.T,academic-stress/entrepreneur-stage
Q1421,我常想象生命的意义,future-vision,forced-choice,2,否,4,achiever/command/empathy,enneagram.type1 enneagram.type2 enneagram.type4 enneagram.type8 gallup.executing gallup.influencing gallup.relationship_building mbti.F mbti.I mbti.J mbti.N mbti.T,self-exploration/fresh-grad/career-transition
Q1422,我常想象死亡的终点,future-vision,forced-choice,3,否,4,achiever/command/empathy,enneagram.type2 enneagram.type3 enneagram.type5 enneagram.type7 gallup.executing gallup.influencing gallup.relationship_building gallup.strategic_thinking holland.A mbti.F mbti.I mbti.J mbti.P mbti.T,life-transition/fresh-grad
Q1423,我常想象最好的可能,future-vision,forced-choice,3,否,4,achiever/command/empathy,enneagram.type4 enneagram.type6 enneagram.type8 enneagram.type9 gallup.executing gallup.influencing gallup.relationship_building mbti.F mbti.I mbti.J mbti.N mbti.T,self-exploration/academic-stress/fresh-grad
Q1425,我常想象平均的路径,future-vision,forced-choice,4,否,4,achiever/command/empathy,enneagram.type2 enneagram.type4 enneagram.type6 enneagram.type8 gallup.executing gallup.influencing gallup.relationship_building mbti.F mbti.I mbti.J mbti.N mbti.T,entrepreneur-stage
Q1426,我常想象3年后的自己,future-vision,forced-choice,2,否,4,achiever/command/empathy,enneagram.type3 enneagram.type5 enneagram.type7 enneagram.type9 gallup.executing gallup.influencing gallup.relationship_building gallup.strategic_thinking holland.A mbti.F mbti.I mbti.J mbti.P mbti.T,study-abroad
Q1427,我常想象5年后的自己（未来）,future-vision,forced-choice,4,否,4,achiever/command/empathy,enneagram.type1 enneagram.type2 enneagram.type4 enneagram.type8 gallup.executing gallup.influencing gallup.relationship_building mbti.F mbti.I mbti.J mbti.N mbti.T,fresh-grad/graduate-school/study-abroad
Q1428,我常想象10年后的自己（未来）,future-vision,forced-choice,3,否,4,achiever/command/empathy,enneagram.type2 enneagram.type3 enneagram.type5 enneagram.type7 gallup.executing gallup.influencing gallup.relationship_building gallup.strategic_thinking holland.A mbti.F mbti.I mbti.J mbti.P mbti.T,career-transition/self-exploration/life-transition
Q1430,我常想象父母老后的我（未来）,future-vision,forced-choice,5,否,4,achiever/command/analytical,enneagram.type1 enneagram.type5 enneagram.type7 gallup.executing gallup.influencing gallup.strategic_thinking holland.A mbti.E mbti.I mbti.J mbti.P mbti.T,mid-career
Q1431,我常想象孩子长大后的我,future-vision,forced-choice,2,否,4,achiever/command/empathy,enneagram.type2 enneagram.type4 enneagram.type6 enneagram.type8 gallup.executing gallup.influencing gallup.relationship_building mbti.F mbti.I mbti.J mbti.N mbti.T,career-choice/life-transition
Q1432,我常想象理想的一天（未来）,future-vision,forced-choice,3,否,4,achiever/command/empathy,enneagram.type3 enneagram.type5 enneagram.type7 enneagram.type9 gallup.executing gallup.influencing gallup.relationship_building gallup.strategic_thinking holland.A mbti.F mbti.I mbti.J mbti.P mbti.T,parenting-teen/career-choice
Q1433,我常想象理想的周末（未来）,future-vision,forced-choice,3,否,4,achiever/command/empathy,enneagram.type1 enneagram.type2 enneagram.type4 enneagram.type8 gallup.executing gallup.influencing gallup.relationship_building mbti.F mbti.I mbti.J mbti.N mbti.T,academic-stress/life-transition
Q1435,我常想象理想的家（未来）,future-vision,forced-choice,4,否,4,achiever/command/empathy,enneagram.type4 enneagram.type6 enneagram.type8 enneagram.type9 gallup.executing gallup.influencing gallup.relationship_building mbti.F mbti.I mbti.J mbti.N mbti.T,self-exploration/entrepreneur-stage/fresh-grad
Q1436,我常想象理想的伴侣,future-vision,forced-choice,2,否,4,achiever/command/analytical,enneagram.type1 enneagram.type5 enneagram.type7 gallup.executing gallup.influencing gallup.strategic_thinking holland.A mbti.E mbti.I mbti.J mbti.P mbti.T,study-direction
Q1437,我常想象理想的父母（未来）,future-vision,forced-choice,4,否,4,achiever/command/empathy,enneagram.type2 enneagram.type4 enneagram.type6 enneagram.type8 gallup.executing gallup.influencing gallup.relationship_building mbti.F mbti.I mbti.J mbti.N mbti.T,career-transition
Q1438,我常想象理想的自己（未来）,future-vision,forced-choice,3,否,4,achiever/command/empathy,enneagram.type3 enneagram.type5 enneagram.type7 enneagram.type9 gallup.executing gallup.influencing gallup.relationship_building gallup.strategic_thinking holland.A mbti.F mbti.I mbti.J mbti.P mbti.T,life-transition/self-exploration/entrepreneur-stage
Q1439,比起长久我更在意此刻（未来）③,future-vision,likert-4,2,是,4,achiever/command,enneagram.type6 enneagram.type7 gallup.executing gallup.influencing mbti.J mbti.P,study-abroad/relationship-conflict/entrepreneur-stage
Q1440,我常想象理想的关系（未来）,future-vision,forced-choice,5,否,4,achiever/command/empathy,enneagram.type2 enneagram.type3 enneagram.type5 enneagram.type7 gallup.executing gallup.influencing gallup.relationship_building gallup.strategic_thinking holland.A mbti.F mbti.I mbti.J mbti.P mbti.T,study-abroad
Q1441,我常想象理想的健康,future-vision,forced-choice,2,否,4,achiever/command/empathy,enneagram.type4 enneagram.type6 enneagram.type8 enneagram.type9 gallup.executing gallup.influencing gallup.relationship_building mbti.F mbti.I mbti.J mbti.N mbti.T,fresh-grad/graduate-school
Q1442,我常想象理想的财富（未来）,future-vision,forced-choice,3,否,4,achiever/command/analytical,enneagram.type1 enneagram.type5 enneagram.type7 gallup.executing gallup.influencing gallup.strategic_thinking holland.A mbti.E mbti.I mbti.J mbti.P mbti.T,graduate-school/fresh-grad
Q1443,我常想象理想的晚年（未来）,future-vision,forced-choice,3,否,4,achiever/command/empathy,enneagram.type2 enneagram.type4 enneagram.type6 enneagram.type8 gallup.executing gallup.influencing gallup.relationship_building mbti.F mbti.I mbti.J mbti.N mbti.T,parenting-teen
Q1444,比起自己我更想为别人留下什么（未来）③,future-vision,likert-4,3,是,4,empathy/analytical,enneagram.type2 enneagram.type5 gallup.relationship_building gallup.strategic_thinking mbti.F mbti.T,graduate-school/fresh-grad
Q1445,我常想象如果当初（未来）,future-vision,forced-choice,4,否,4,achiever/command/empathy,enneagram.type1 enneagram.type2 enneagram.type4 enneagram.type8 gallup.executing gallup.influencing gallup.relationship_building mbti.F mbti.I mbti.J mbti.N mbti.T,study-direction/career-transition/relationship-conflict
Q1446,我常想象如果失败,future-vision,forced-choice,2,否,4,achiever/command/empathy,enneagram.type2 enneagram.type3 enneagram.type5 enneagram.type7 gallup.executing gallup.influencing gallup.relationship_building gallup.strategic_thinking holland.A mbti.F mbti.I mbti.J mbti.P mbti.T,entrepreneur-stage/graduate-school
Q1447,我常想象如果成功（未来）,future-vision,forced-choice,4,否,4,achiever/command/empathy,enneagram.type4 enneagram.type6 enneagram.type8 enneagram.type9 gallup.executing gallup.influencing gallup.relationship_building mbti.F mbti.I mbti.J mbti.N mbti.T,self-exploration/mid-career/graduate-school
Q1448,我常想象生命的意义（未来）,future-vision,forced-choice,3,否,4,achiever/command/analytical,enneagram.type1 enneagram.type5 enneagram.type7 gallup.executing gallup.influencing gallup.strategic_thinking holland.A mbti.E mbti.I mbti.J mbti.P mbti.T,life-transition/graduate-school
Q1449,比起未来我更愿专注当下（未来）③,future-vision,likert-4,2,是,4,command/empathy,enneagram.type8 enneagram.type9 gallup.influencing gallup.relationship_building mbti.F mbti.T,self-exploration
Q1450,我常想象最好的可能（未来）,future-vision,forced-choice,5,否,4,achiever/command/empathy,enneagram.type3 enneagram.type5 enneagram.type7 enneagram.type9 gallup.executing gallup.influencing gallup.relationship_building gallup.strategic_thinking holland.A mbti.F mbti.I mbti.J mbti.P mbti.T,career-transition/study-abroad
Q1451,我常想象最坏的打算,future-vision,forced-choice,2,否,4,achiever/command/empathy,enneagram.type1 enneagram.type2 enneagram.type4 enneagram.type8 gallup.executing gallup.influencing gallup.relationship_building mbti.F mbti.I mbti.J mbti.N mbti.T,entrepreneur-stage/academic-stress
Q1452,比起说赢我更想被听见（冲突）,conflict-choice,likert-4,3,是,4,empathy,enneagram.type2 enneagram.type4 gallup.relationship_building mbti.E mbti.F mbti.I,graduate-school/mid-career/life-transition
Q1453,面对不想帮的忙,conflict-choice,forced-choice,3,否,4,achiever/command/empathy,enneagram.type4 enneagram.type6 enneagram.type8 enneagram.type9 gallup.executing gallup.influencing gallup.relationship_building holland.E holland.S mbti.F mbti.I mbti.J mbti.N mbti.T,life-transition
Q1454,面对他人主动冲突,conflict-choice,forced-choice,3,否,4,achiever/command/empathy,enneagram.type1 enneagram.type2 enneagram.type3 enneagram.type7 gallup.executing gallup.influencing gallup.relationship_building mbti.F mbti.J mbti.P,self-exploration/graduate-school/career-choice
Q1455,面对被动的冲突,conflict-choice,forced-choice,4,否,4,achiever/command/empathy,enneagram.type4 enneagram.type6 enneagram.type8 enneagram.type9 gallup.executing gallup.influencing gallup.relationship_building holland.E holland.S mbti.F mbti.I mbti.J mbti.N mbti.T,life-transition/fresh-grad/mid-career
Q1456,面对公开场合冲突,conflict-choice,forced-choice,2,否,4,command/empathy/analytical,enneagram.type2 enneagram.type5 enneagram.type8 enneagram.type9 gallup.influencing gallup.relationship_building gallup.strategic_thinking holland.E holland.S mbti.F mbti.I mbti.T,entrepreneur-stage
Q1457,比起针锋相对我更愿迂回（冲突）,conflict-choice,likert-4,4,是,4,command/empathy,enneagram.type8 enneagram.type9 gallup.influencing gallup.relationship_building mbti.F mbti.T,relationship-conflict/graduate-school/study-abroad
Q1458,面对关系好的冲突,conflict-choice,forced-choice,3,否,4,command/empathy/analytical,enneagram.type2 enneagram.type5 enneagram.type8 enneagram.type9 gallup.influencing gallup.relationship_building gallup.strategic_thinking holland.E holland.S mbti.F mbti.I mbti.T,parenting-teen/academic-stress/study-abroad
Q1459,面对关系一般的冲突,conflict-choice,forced-choice,2,否,4,achiever/command/empathy,enneagram.type4 enneagram.type6 enneagram.type8 enneagram.type9 gallup.executing gallup.influencing gallup.relationship_building holland.E holland.S mbti.F mbti.I mbti.J mbti.N mbti.T,study-abroad/entrepreneur-stage/graduate-school
Q1460,面对价值观冲突（冲突）,conflict-choice,forced-choice,5,否,4,achiever/command/empathy,enneagram.type1 enneagram.type2 enneagram.type3 enneagram.type7 gallup.executing gallup.influencing gallup.relationship_building mbti.F mbti.J mbti.P,parenting-teen/mid-career/fresh-grad
Q1461,面对利益冲突,conflict-choice,forced-choice,2,否,4,achiever/command/empathy,enneagram.type4 enneagram.type6 enneagram.type8 enneagram.type9 gallup.executing gallup.influencing gallup.relationship_building holland.E holland.S mbti.F mbti.I mbti.J mbti.N mbti.T,life-transition/study-direction/fresh-grad
Q1462,比起对抗我更愿协商（冲突）,conflict-choice,likert-4,3,是,4,command/empathy,enneagram.type8 enneagram.type9 gallup.influencing gallup.relationship_building mbti.F mbti.T,fresh-grad
Q1463,面对责任冲突,conflict-choice,forced-choice,3,否,4,achiever/command/empathy,enneagram.type1 enneagram.type4 enneagram.type6 enneagram.type7 gallup.executing gallup.influencing gallup.relationship_building mbti.I mbti.J mbti.N mbti.P,career-choice/graduate-school/relationship-conflict
Q1464,面对上级冲突,conflict-choice,forced-choice,3,否,4,command/empathy/analytical,enneagram.type2 enneagram.type5 enneagram.type8 enneagram.type9 gallup.influencing gallup.relationship_building gallup.strategic_thinking holland.E holland.S mbti.F mbti.I mbti.T,entrepreneur-stage
Q1465,面对平级冲突,conflict-choice,forced-choice,4,否,4,achiever/command/empathy,enneagram.type4 enneagram.type6 enneagram.type8 enneagram.type9 gallup.executing gallup.influencing gallup.relationship_building holland.E holland.S mbti.F mbti.I mbti.J mbti.N mbti.T,mid-career/study-direction
Q1466,面对下级冲突,conflict-choice,forced-choice,2,否,4,achiever/command/empathy,enneagram.type1 enneagram.type2 enneagram.type3 enneagram.type7 gallup.executing gallup.influencing gallup.relationship_building mbti.F mbti.J mbti.P,graduate-school
Q1467,比起维护自己我更愿让对方舒服（冲突）,conflict-choice,likert-4,4,是,4,empathy/analytical,enneagram.type2 enneagram.type5 gallup.relationship_building gallup.strategic_thinking mbti.F mbti.T,mid-career/self-exploration
Q1468,面对伴侣冲突,conflict-choice,forced-choice,3,否,4,command/empathy/analytical,enneagram.type2 enneagram.type5 enneagram.type8 enneagram.type9 gallup.influencing gallup.relationship_building gallup.strategic_thinking holland.E holland.S mbti.F mbti.I mbti.T,study-abroad
Q1469,面对朋友冲突,conflict-choice,forced-choice,2,否,4,achiever/command/empathy,enneagram.type1 enneagram.type4 enneagram.type6 enneagram.type7 gallup.executing gallup.influencing gallup.relationship_building mbti.I mbti.J mbti.N mbti.P,parenting-teen
Q1470,面对陌生人冲突,conflict-choice,forced-choice,5,否,4,command/empathy/analytical,enneagram.type2 enneagram.type5 enneagram.type8 enneagram.type9 gallup.influencing gallup.relationship_building gallup.strategic_thinking holland.E holland.S mbti.F mbti.I mbti.T,academic-stress/leadership-growth/parenting-teen
Q1471,面对群内冲突,conflict-choice,forced-choice,2,否,4,achiever/command/empathy,enneagram.type4 enneagram.type6 enneagram.type8 enneagram.type9 gallup.executing gallup.influencing gallup.relationship_building holland.E holland.S mbti.F mbti.I mbti.J mbti.N mbti.T,life-transition/study-direction
Q1473,面对原则被破坏（冲突）,conflict-choice,forced-choice,3,否,4,achiever/command/empathy,enneagram.type4 enneagram.type6 enneagram.type8 enneagram.type9 gallup.executing gallup.influencing gallup.relationship_building holland.E holland.S mbti.F mbti.I mbti.J mbti.N mbti.T,mid-career/academic-stress
Q1474,面对信任被辜负,conflict-choice,forced-choice,3,否,4,command/empathy/analytical,enneagram.type2 enneagram.type5 enneagram.type8 enneagram.type9 gallup.influencing gallup.relationship_building gallup.strategic_thinking holland.E holland.S mbti.F mbti.I mbti.T,relationship-conflict
Q1475,面对付出被忽视,conflict-choice,forced-choice,4,否,4,achiever/command/empathy,enneagram.type1 enneagram.type4 enneagram.type6 enneagram.type7 gallup.executing gallup.influencing gallup.relationship_building mbti.I mbti.J mbti.N mbti.P,study-direction
Q1476,面对建议被拒绝,conflict-choice,forced-choice,2,否,4,command/empathy/analytical,enneagram.type2 enneagram.type5 enneagram.type8 enneagram.type9 gallup.influencing gallup.relationship_building gallup.strategic_thinking holland.E holland.S mbti.F mbti.I mbti.T,life-transition
Q1478,面对示好被无视,conflict-choice,forced-choice,3,否,4,achiever/command/empathy,enneagram.type1 enneagram.type2 enneagram.type3 enneagram.type7 gallup.executing gallup.influencing gallup.relationship_building mbti.F mbti.J mbti.P,academic-stress/career-transition/self-exploration
Q1479,面对道歉不接受,conflict-choice,forced-choice,2,否,4,achiever/command/empathy,enneagram.type4 enneagram.type6 enneagram.type8 enneagram.type9 gallup.executing gallup.influencing gallup.relationship_building holland.E holland.S mbti.F mbti.I mbti.J mbti.N mbti.T,graduate-school
Q1480,面对必须拒绝的人,conflict-choice,forced-choice,5,否,4,command/empathy/analytical,enneagram.type2 enneagram.type5 enneagram.type8 enneagram.type9 gallup.influencing gallup.relationship_building gallup.strategic_thinking holland.E holland.S mbti.F mbti.I mbti.T,career-transition/relationship-conflict/academic-stress
Q1481,面对不想帮的忙（冲突）,conflict-choice,forced-choice,2,否,4,achiever/command/empathy,enneagram.type1 enneagram.type4 enneagram.type6 enneagram.type7 gallup.executing gallup.influencing gallup.relationship_building mbti.I mbti.J mbti.N mbti.P,mid-career/fresh-grad/graduate-school
Q1483,面对被动的冲突（冲突）,conflict-choice,forced-choice,3,否,4,achiever/command/empathy,enneagram.type4 enneagram.type6 enneagram.type8 enneagram.type9 gallup.executing gallup.influencing gallup.relationship_building holland.E holland.S mbti.F mbti.I mbti.J mbti.N mbti.T,fresh-grad
Q1484,面对公开场合冲突（冲突）,conflict-choice,forced-choice,3,否,4,achiever/command/empathy,enneagram.type1 enneagram.type2 enneagram.type3 enneagram.type7 gallup.executing gallup.influencing gallup.relationship_building mbti.F mbti.J mbti.P,relationship-conflict
Q1485,面对私下场合冲突,conflict-choice,forced-choice,4,否,4,achiever/command/empathy,enneagram.type4 enneagram.type6 enneagram.type8 enneagram.type9 gallup.executing gallup.influencing gallup.relationship_building holland.E holland.S mbti.F mbti.I mbti.J mbti.N mbti.T,entrepreneur-stage
Q1486,面对关系好的冲突（冲突）,conflict-choice,forced-choice,2,否,4,command/empathy/analytical,enneagram.type2 enneagram.type5 enneagram.type8 enneagram.type9 gallup.influencing gallup.relationship_building gallup.strategic_thinking holland.E holland.S mbti.F mbti.I mbti.T,academic-stress/entrepreneur-stage/study-abroad
Q1489,面对利益冲突（冲突）,conflict-choice,forced-choice,2,否,4,achiever/command/empathy,enneagram.type4 enneagram.type6 enneagram.type8 enneagram.type9 gallup.executing gallup.influencing gallup.relationship_building holland.E holland.S mbti.F mbti.I mbti.J mbti.N mbti.T,study-direction
Q1490,面对情感冲突,conflict-choice,forced-choice,5,否,4,achiever/command/empathy,enneagram.type1 enneagram.type2 enneagram.type3 enneagram.type7 gallup.executing gallup.influencing gallup.relationship_building mbti.F mbti.J mbti.P,career-choice
Q1491,面对责任冲突（冲突）,conflict-choice,forced-choice,2,否,4,achiever/command/empathy,enneagram.type4 enneagram.type6 enneagram.type8 enneagram.type9 gallup.executing gallup.influencing gallup.relationship_building holland.E holland.S mbti.F mbti.I mbti.J mbti.N mbti.T,relationship-conflict/career-transition
Q1492,比起说赢我更想被听见（冲突）③,conflict-choice,likert-4,3,是,4,empathy,enneagram.type2 enneagram.type4 gallup.relationship_building mbti.E mbti.F mbti.I,study-abroad
Q1493,面对平级冲突（冲突）,conflict-choice,forced-choice,3,否,4,achiever/command/empathy,enneagram.type1 enneagram.type4 enneagram.type6 enneagram.type7 gallup.executing gallup.influencing gallup.relationship_building mbti.I mbti.J mbti.N mbti.P,study-direction/self-exploration/relationship-conflict
Q1494,面对下级冲突（冲突）,conflict-choice,forced-choice,3,否,4,command/empathy/analytical,enneagram.type2 enneagram.type5 enneagram.type8 enneagram.type9 gallup.influencing gallup.relationship_building gallup.strategic_thinking holland.E holland.S mbti.F mbti.I mbti.T,fresh-grad/mid-career
Q1495,面对家人冲突,conflict-choice,forced-choice,4,否,4,achiever/command/empathy,enneagram.type4 enneagram.type6 enneagram.type8 enneagram.type9 gallup.executing gallup.influencing gallup.relationship_building holland.E holland.S mbti.F mbti.I mbti.J mbti.N mbti.T,leadership-growth/self-exploration/entrepreneur-stage
Q1496,面对伴侣冲突（冲突）,conflict-choice,forced-choice,2,否,4,achiever/command/empathy,enneagram.type1 enneagram.type2 enneagram.type3 enneagram.type7 gallup.executing gallup.influencing gallup.relationship_building mbti.F mbti.J mbti.P,mid-career/study-direction/self-exploration
Q1497,比起针锋相对我更愿迂回（冲突）③,conflict-choice,likert-4,4,是,4,command/empathy,enneagram.type8 enneagram.type9 gallup.influencing gallup.relationship_building mbti.F mbti.T,career-transition/relationship-conflict/entrepreneur-stage
Q1498,面对陌生人冲突（冲突）,conflict-choice,forced-choice,3,否,4,command/empathy/analytical,enneagram.type2 enneagram.type5 enneagram.type8 enneagram.type9 gallup.influencing gallup.relationship_building gallup.strategic_thinking holland.E holland.S mbti.F mbti.I mbti.T,graduate-school/career-choice
Q1499,面对群内冲突（冲突）,conflict-choice,forced-choice,2,否,4,achiever/command/empathy,enneagram.type1 enneagram.type4 enneagram.type6 enneagram.type7 gallup.executing gallup.influencing gallup.relationship_building mbti.I mbti.J mbti.N mbti.P,academic-stress/study-abroad/relationship-conflict
Q1500,面对权益被侵犯,conflict-choice,forced-choice,5,否,4,command/empathy/analytical,enneagram.type2 enneagram.type5 enneagram.type8 enneagram.type9 gallup.influencing gallup.relationship_building gallup.strategic_thinking holland.E holland.S mbti.F mbti.I mbti.T,study-abroad/academic-stress
Q1501,工作中遇到设备故障，我的第一反应是,work-career,forced-choice,2,否,4,restorative/fixer,enneagram.type5 enneagram.type6 enneagram.type8 enneagram.type9 gallup.executing gallup.relationship_building gallup.strategic_thinking holland.C holland.I holland.R holland.S mbti.F mbti.N mbti.S,mid-career/career-transition/entrepreneur-stage
Q1502,我更喜欢在什么样的环境里办公,work-career,forced-choice,2,否,4,adaptability,enneagram.type1 enneagram.type2 enneagram.type5 enneagram.type7 gallup.executing gallup.relationship_building gallup.strategic_thinking holland.C holland.I holland.R holland.S mbti.E mbti.I mbti.J mbti.S,career-choice/mid-career/career-transition
Q1503,团队需要搭建一个展示架，我会,work-career,forced-choice,3,否,4,achiever/arranger,enneagram.type2 enneagram.type3 enneagram.type5 enneagram.type8 gallup.executing gallup.influencing gallup.relationship_building gallup.strategic_thinking holland.C holland.E holland.R holland.S mbti.E mbti.F mbti.J mbti.S,entrepreneur-stage/leadership-growth/mid-career
Q1504,我对使用工具和机械设备的感觉是,work-career,likert-4,2,否,4,achiever,enneagram.type3 enneagram.type4 enneagram.type5 enneagram.type8 gallup.executing gallup.strategic_thinking holland.A holland.I holland.R mbti.N mbti.S,career-choice/career-transition
Q1505,学一项新技能时，我最有效的学习方式是,learning-cognition,forced-choice,2,否,4,learner/input,enneagram.type1 enneagram.type2 enneagram.type3 enneagram.type5 gallup.executing gallup.relationship_building gallup.strategic_thinking holland.A holland.I holland.R holland.S mbti.E mbti.N mbti.S,study-direction/fresh-grad/career-transition
Q1506,面对一个复杂的实物模型，我倾向于,learning-cognition,forced-choice,3,否,4,learner/restorative,enneagram.type5 enneagram.type6 enneagram.type8 enneagram.type9 gallup.executing gallup.relationship_building gallup.strategic_thinking holland.C holland.I holland.R holland.S mbti.F mbti.J mbti.N mbti.S,study-direction/academic-stress/graduate-school
Q1507,我喜欢动手制作或修理东西,learning-cognition,likert-4,2,否,4,achiever/restorative,enneagram.type3 enneagram.type4 enneagram.type5 enneagram.type8 gallup.executing holland.A holland.I holland.R mbti.N mbti.S,self-exploration/career-choice/study-direction
Q1508,实验课上我通常是,learning-cognition,forced-choice,3,否,4,learner/arranger,enneagram.type1 enneagram.type2 enneagram.type5 enneagram.type8 gallup.executing gallup.relationship_building gallup.strategic_thinking holland.C holland.I holland.R holland.S mbti.F mbti.I mbti.J mbti.S,academic-stress/study-direction/graduate-school
Q1509,压力大时，什么活动最能让我放松,stress-response,forced-choice,2,否,4,adaptability,enneagram.type2 enneagram.type4 enneagram.type5 enneagram.type8 gallup.executing gallup.relationship_building gallup.strategic_thinking holland.A holland.I holland.R holland.S mbti.E mbti.I mbti.N mbti.S,academic-stress/mid-career/life-transition
Q1510,紧张的工作之后，我更想,stress-response,forced-choice,2,否,4,adaptability,enneagram.type2 enneagram.type4 enneagram.type7 enneagram.type9 gallup.executing gallup.relationship_building gallup.strategic_thinking holland.A holland.R holland.S mbti.E mbti.I mbti.N mbti.S,mid-career/academic-stress/career-transition
Q1511,我觉得手工劳动比脑力劳动更让我有成就感,stress-response,likert-4,3,否,4,achiever,enneagram.type3 enneagram.type5 enneagram.type8 gallup.executing gallup.strategic_thinking holland.I holland.R mbti.N mbti.S,self-exploration/career-choice
Q1512,面对突发状况，我的第一反应是,stress-response,forced-choice,4,否,4,restorative/arranger,enneagram.type1 enneagram.type2 enneagram.type5 enneagram.type8 gallup.executing gallup.relationship_building gallup.strategic_thinking holland.C holland.I holland.R holland.S mbti.F mbti.J mbti.N mbti.S,entrepreneur-stage/leadership-growth/mid-career
Q1513,和朋友一起时，我更倾向于,interpersonal-relationship,forced-choice,2,否,4,woo/relator,enneagram.type2 enneagram.type4 enneagram.type5 enneagram.type7 gallup.executing gallup.influencing gallup.relationship_building gallup.strategic_thinking holland.I holland.R holland.S mbti.E mbti.N mbti.S mbti.T,self-exploration/relationship-conflict
Q1514,朋友搬新家需要帮忙组装家具，我会,interpersonal-relationship,forced-choice,3,否,4,relator/arranger,enneagram.type1 enneagram.type2 enneagram.type4 enneagram.type8 gallup.executing gallup.relationship_building gallup.strategic_thinking holland.A holland.C holland.R holland.S mbti.F mbti.N mbti.S mbti.T,relationship-conflict/life-transition
Q1515,在人际交往中我更看重,interpersonal-relationship,forced-choice,3,否,4,relator/empathy,enneagram.type2 enneagram.type4 enneagram.type7 enneagram.type8 gallup.executing gallup.influencing gallup.relationship_building gallup.strategic_thinking holland.A holland.R holland.S mbti.E mbti.F mbti.N mbti.S,self-exploration/relationship-conflict
Q1516,我觉得动手帮别人做事比说安慰话更实在,interpersonal-relationship,likert-4,3,否,4,giver/relator,enneagram.type2 enneagram.type3 enneagram.type4 enneagram.type8 gallup.executing holland.A holland.R holland.S mbti.F mbti.N mbti.S,self-exploration/relationship-conflict
Q1517,做一个重要决定前，我通常,decision-making,forced-choice,3,否,4,analytical/deliberative,enneagram.type1 enneagram.type2 enneagram.type5 enneagram.type8 gallup.executing gallup.relationship_building gallup.strategic_thinking holland.C holland.I holland.R holland.S mbti.F mbti.N mbti.S mbti.T,career-choice/career-transition/life-transition
Q1518,面对两个都不错的选择时，我会,decision-making,forced-choice,3,否,4,deliberative,enneagram.type1 enneagram.type5 enneagram.type6 enneagram.type7 gallup.executing gallup.relationship_building gallup.strategic_thinking holland.C holland.I holland.R holland.S mbti.F mbti.J mbti.N mbti.S,career-choice/study-direction/life-transition
Q1519,我喜欢需要动手操作的决策任务,decision-making,likert-4,3,否,4,achiever,enneagram.type3 enneagram.type5 enneagram.type8 enneagram.type9 gallup.executing holland.A holland.I holland.R mbti.N mbti.S,career-choice/entrepreneur-stage
Q1520,选择项目方案时，我更倾向,decision-making,forced-choice,4,否,4,arranger/deliberative,enneagram.type2 enneagram.type4 enneagram.type6 enneagram.type8 gallup.executing gallup.relationship_building gallup.strategic_thinking holland.A holland.C holland.R holland.S mbti.F mbti.J mbti.N mbti.S,entrepreneur-stage/leadership-growth/mid-career
Q1521,什么最能给我带来成就感,motivation-value,forced-choice,2,否,4,achiever/significance,enneagram.type2 enneagram.type3 enneagram.type5 enneagram.type8 gallup.executing gallup.influencing gallup.relationship_building gallup.strategic_thinking holland.E holland.I holland.R holland.S mbti.E mbti.F mbti.N mbti.S,self-exploration/career-choice/leadership-growth
Q1522,我认为最有价值的工作是,motivation-value,forced-choice,3,否,4,significance/belief,enneagram.type2 enneagram.type4 enneagram.type5 enneagram.type8 gallup.executing gallup.relationship_building gallup.strategic_thinking holland.A holland.I holland.R holland.S mbti.F mbti.N mbti.S,career-choice/self-exploration/career-transition
Q1523,我最享受的时刻是,motivation-value,forced-choice,2,否,4,achiever,enneagram.type2 enneagram.type4 enneagram.type5 enneagram.type7 gallup.executing gallup.relationship_building gallup.strategic_thinking holland.A holland.I holland.R holland.S mbti.E mbti.I mbti.N mbti.S,self-exploration/life-transition
Q1524,比起讨论方案我更喜欢直接动手干,motivation-value,likert-4,2,否,4,achiever/activator,enneagram.type5 enneagram.type7 enneagram.type8 gallup.executing gallup.strategic_thinking holland.I holland.R mbti.N mbti.S,entrepreneur-stage/career-choice/mid-career
Q1525,心情低落时，做什么最能让我好转,emotion-self,forced-choice,2,否,4,adaptability/empathy,enneagram.type2 enneagram.type3 enneagram.type4 enneagram.type8 gallup.executing gallup.relationship_building gallup.strategic_thinking holland.A holland.C holland.R holland.S mbti.F mbti.I mbti.J mbti.S,self-exploration/life-transition/academic-stress
Q1526,我觉得自己的情绪状态受身体活动影响很大,emotion-self,likert-4,3,否,4,adaptability,enneagram.type4 enneagram.type5 enneagram.type7 enneagram.type8 gallup.executing holland.A holland.I holland.R mbti.N mbti.S,self-exploration/life-transition
Q1527,当我感到焦虑时我会通过体力活动来释放,emotion-self,likert-4,3,否,4,adaptability,enneagram.type5 enneagram.type7 enneagram.type8 enneagram.type9 gallup.executing gallup.strategic_thinking holland.I holland.R holland.S mbti.I mbti.N mbti.S,academic-stress/mid-career/life-transition
Q1528,独处时我更喜欢做什么来调节心情,emotion-self,forced-choice,2,否,4,adaptability/belief,enneagram.type1 enneagram.type3 enneagram.type4 enneagram.type8 gallup.executing gallup.strategic_thinking holland.A holland.C holland.E holland.R mbti.J mbti.N mbti.S,self-exploration/life-transition
Q1529,我的周末更可能是这样的,action-habit,forced-choice,2,否,4,adaptability,enneagram.type2 enneagram.type4 enneagram.type5 enneagram.type7 gallup.executing gallup.relationship_building gallup.strategic_thinking holland.A holland.I holland.R holland.S mbti.E mbti.I mbti.N mbti.S,self-exploration/mid-career/life-transition
Q1530,整理房间时我通常的做法是,action-habit,forced-choice,2,否,4,arranger/focus,enneagram.type1 enneagram.type2 enneagram.type5 enneagram.type8 gallup.executing gallup.relationship_building gallup.strategic_thinking holland.C holland.I holland.R holland.S mbti.E mbti.J mbti.N mbti.S,life-transition/self-exploration
Q1531,比起计划我更喜欢直接行动,action-habit,likert-4,2,否,4,activator,enneagram.type1 enneagram.type6 enneagram.type7 enneagram.type8 gallup.executing gallup.strategic_thinking holland.C holland.R mbti.J mbti.P mbti.S,entrepreneur-stage/career-choice/fresh-grad
Q1532,面对一件需要动手的事我会毫不犹豫地开始,action-habit,likert-4,3,否,4,activator/achiever,enneagram.type5 enneagram.type6 enneagram.type7 enneagram.type8 gallup.executing gallup.strategic_thinking holland.C holland.I holland.R mbti.J mbti.N mbti.S,entrepreneur-stage/career-choice
Q1533,我理想的工作场所是,future-vision,forced-choice,2,否,4,significance/belief,enneagram.type2 enneagram.type4 enneagram.type5 enneagram.type8 gallup.executing gallup.relationship_building gallup.strategic_thinking holland.A holland.I holland.R holland.S mbti.F mbti.N mbti.S,career-choice/study-direction/fresh-grad
Q1534,五年后我希望自己,future-vision,forced-choice,3,否,4,significance/vision,enneagram.type2 enneagram.type3 enneagram.type5 enneagram.type8 gallup.executing gallup.influencing gallup.relationship_building gallup.strategic_thinking holland.E holland.I holland.R holland.S mbti.E mbti.F mbti.N mbti.S,career-choice/study-direction/entrepreneur-stage
Q1535,如果可以自由选择我会从事需要动手的创造工作,future-vision,likert-4,3,否,4,vision/belief,enneagram.type4 enneagram.type6 enneagram.type7 enneagram.type8 gallup.executing holland.A holland.C holland.R mbti.J mbti.N mbti.S,career-choice/self-exploration/study-direction
Q1536,我认为未来最有价值的能力是,future-vision,forced-choice,4,否,4,vision/futuristic,enneagram.type2 enneagram.type4 enneagram.type5 enneagram.type8 gallup.executing gallup.relationship_building gallup.strategic_thinking holland.A holland.I holland.R holland.S mbti.F mbti.N mbti.S,career-choice/leadership-growth/entrepreneur-stage
Q1537,和别人发生分歧时我通常,conflict-choice,forced-choice,3,否,4,harmony/competition,enneagram.type2 enneagram.type5 enneagram.type8 enneagram.type9 gallup.executing gallup.relationship_building gallup.strategic_thinking holland.I holland.R holland.S mbti.F mbti.I mbti.S mbti.T,relationship-conflict/leadership-growth/mid-career
Q1538,团队意见不统一时我会,conflict-choice,forced-choice,4,否,4,harmony/arranger,enneagram.type1 enneagram.type2 enneagram.type5 enneagram.type8 gallup.executing gallup.relationship_building gallup.strategic_thinking holland.C holland.I holland.R holland.S mbti.F mbti.J mbti.N mbti.S,leadership-growth/entrepreneur-stage/mid-career
Q1539,面对冲突我倾向于用行动而非言语来化解,conflict-choice,likert-4,3,否,4,harmony,enneagram.type2 enneagram.type7 enneagram.type8 enneagram.type9 gallup.executing gallup.relationship_building holland.R holland.S mbti.F mbti.S,relationship-conflict/leadership-growth
Q1540,在意见对立时我最看重的是,conflict-choice,forced-choice,4,否,4,harmony/competition,enneagram.type1 enneagram.type2 enneagram.type5 enneagram.type8 gallup.executing gallup.relationship_building gallup.strategic_thinking holland.C holland.I holland.R holland.S mbti.F mbti.J mbti.S mbti.T,leadership-growth/relationship-conflict/mid-career
